"id","data_format","cases","access","file_name","submitter_id","data_category","type","platform","file_size","created_datetime","md5sum","updated_datetime","file_id","data_type","state","experimental_strategy","version","data_release","project","analysis_id","analysis_state","analysis_submitter_id","analysis_workflow_link","analysis_workflow_type","analysis_workflow_version","sample_type","is_ffpe","cases.submitter_id","sample.submitter_id"
"81c1c24c-3e3f-4915-8853-46e8a7c82ba1","TXT","TCGA-5L-AAT1-01A-12D-A41Q-05","open","071a05c1-f9df-4e68-b73e-8f6716d75d52.methylation_array.sesame.level3betas.txt","a0e50623-6b7c-4319-bce9-c1617786bb53","DNA Methylation","methylation_beta_value","Illumina Human Methylation 450",13012108,"2023-07-14T13:23:36.689056-05:00","62722caea98361386e2b44b80c6ed991","2023-07-18T10:27:28.961383-05:00","81c1c24c-3e3f-4915-8853-46e8a7c82ba1","Methylation Beta Value","released","Methylation Array","2","38.0 - 45.0","TCGA-BRCA","7ce2c970-421f-407a-880e-3ea0f766af79","released","071a05c1-f9df-4e68-b73e-8f6716d75d52","quay.io/ncigdc","SeSAMe Methylation Beta Estimation","dc9467b78cf538a0430cd4027dc5092f77d47e20","Primary Tumor",NA,"TCGA-5L-AAT1","TCGA-5L-AAT1-01A"
"c53cc045-bced-4c5f-97e7-b17ab835ef23","TXT","TCGA-AR-A2LR-01A-12D-A18O-05","open","d8c6fdeb-4aba-4a11-b62e-d587dadbcc62.methylation_array.sesame.level3betas.txt","df52d70d-e90e-42a3-9f24-87dccf041d23","DNA Methylation","methylation_beta_value","Illumina Human Methylation 450",13173194,"2023-07-14T13:30:18.865270-05:00","3a55b4ddeedbc28d988f36c7c66d4d5d","2023-07-18T10:27:18.925608-05:00","c53cc045-bced-4c5f-97e7-b17ab835ef23","Methylation Beta Value","released","Methylation Array","2","38.0 - 45.0","TCGA-BRCA","af5ef362-8de1-49e5-b6f2-ad119111001a","released","d8c6fdeb-4aba-4a11-b62e-d587dadbcc62","quay.io/ncigdc","SeSAMe Methylation Beta Estimation","dc9467b78cf538a0430cd4027dc5092f77d47e20","Primary Tumor",NA,"TCGA-AR-A2LR","TCGA-AR-A2LR-01A"
"6182d009-5001-4987-b5b0-c9def8d788b5","TXT","TCGA-B6-A1KC-01B-11D-A161-05","open","ffc8fa8f-f6f7-4b8a-9773-b29dc0a60410.methylation_array.sesame.level3betas.txt","51f0135b-a7cc-4c11-aa76-173b23a4e79f","DNA Methylation","methylation_beta_value","Illumina Human Methylation 450",12880399,"2023-07-14T13:11:46.187521-05:00","7bea13bdff9c541ec822a7aa31344b70","2023-07-18T10:25:59.548472-05:00","6182d009-5001-4987-b5b0-c9def8d788b5","Methylation Beta Value","released","Methylation Array","2","38.0 - 45.0","TCGA-BRCA","5d0c928e-c697-414f-846c-91e90963f2f5","released","ffc8fa8f-f6f7-4b8a-9773-b29dc0a60410","quay.io/ncigdc","SeSAMe Methylation Beta Estimation","dc9467b78cf538a0430cd4027dc5092f77d47e20","Primary Tumor",NA,"TCGA-B6-A1KC","TCGA-B6-A1KC-01B"
"8e48755a-490f-45b4-b1bf-0fbf09485177","TXT","TCGA-AQ-A0Y5-01A-11D-A14N-05","open","27fe0b6c-1b76-400b-a0ef-9405f833c482.methylation_array.sesame.level3betas.txt","cf18608b-51b4-414b-82d0-96684a371758","DNA Methylation","methylation_beta_value","Illumina Human Methylation 450",13137740,"2023-07-14T13:46:32.898635-05:00","1a443041708f0c4b0a6dfdd4284a0dc7","2023-07-18T10:27:24.508697-05:00","8e48755a-490f-45b4-b1bf-0fbf09485177","Methylation Beta Value","released","Methylation Array","2","38.0 - 45.0","TCGA-BRCA","9cb18d65-8372-4369-aa51-b37eb94674b7","released","27fe0b6c-1b76-400b-a0ef-9405f833c482","quay.io/ncigdc","SeSAMe Methylation Beta Estimation","dc9467b78cf538a0430cd4027dc5092f77d47e20","Primary Tumor",NA,"TCGA-AQ-A0Y5","TCGA-AQ-A0Y5-01A"
"b04f614a-9de5-4f89-84fc-85509bf524c7","TXT","TCGA-AO-A1KQ-01A-11D-A13K-05","open","a3faa9fb-cbea-4ae5-8bf4-ca9b9f04a55f.methylation_array.sesame.level3betas.txt","d1e2ab9f-b586-4237-9bb1-c76b12d338db","DNA Methylation","methylation_beta_value","Illumina Human Methylation 450",13174593,"2023-07-14T13:40:08.663737-05:00","2376ef15eb0adccd994626315b49d3f8","2023-07-18T10:27:12.555195-05:00","b04f614a-9de5-4f89-84fc-85509bf524c7","Methylation Beta Value","released","Methylation Array","2","38.0 - 45.0","TCGA-BRCA","077ee532-39e0-47a8-9e96-bfe9ef02903c","released","a3faa9fb-cbea-4ae5-8bf4-ca9b9f04a55f","quay.io/ncigdc","SeSAMe Methylation Beta Estimation","dc9467b78cf538a0430cd4027dc5092f77d47e20","Primary Tumor",NA,"TCGA-AO-A1KQ","TCGA-AO-A1KQ-01A"
"2cd4820b-b104-4bcd-801c-d19cb0b749ba","TXT","TCGA-D8-A1XU-01A-11D-A14N-05","open","fa1b44dd-3960-4ce1-be3c-2e2e0e7ece66.methylation_array.sesame.level3betas.txt","db7c3a97-1649-4709-aab0-138a4a08e9be","DNA Methylation","methylation_beta_value","Illumina Human Methylation 450",13141007,"2023-07-14T13:23:51.281924-05:00","84a4b802e9cc1c17e032b9ccb23f4b82","2023-07-18T10:24:43.915951-05:00","2cd4820b-b104-4bcd-801c-d19cb0b749ba","Methylation Beta Value","released","Methylation Array","2","38.0 - 45.0","TCGA-BRCA","577285ad-623b-42c4-b1d3-eeb672a8fe1f","released","fa1b44dd-3960-4ce1-be3c-2e2e0e7ece66","quay.io/ncigdc","SeSAMe Methylation Beta Estimation","9e258094ac9d4febe3721ceba25c1b8dbd1a27f8","Primary Tumor",NA,"TCGA-D8-A1XU","TCGA-D8-A1XU-01A"
"8c295f70-b9a1-4ddc-a77d-115fe53b3c56","TXT","TCGA-A1-A0SN-01A-11D-A145-05","open","88c8a133-1c35-4e23-88d3-042cbca01208.methylation_array.sesame.level3betas.txt","8f35ebc7-0e79-4fea-8e2f-5a6fe63b0895","DNA Methylation","methylation_beta_value","Illumina Human Methylation 450",13166370,"2023-07-14T13:37:59.182305-05:00","a0bc85f6ec6fea99990c2478f1c7772a","2023-07-18T10:26:00.854677-05:00","8c295f70-b9a1-4ddc-a77d-115fe53b3c56","Methylation Beta Value","released","Methylation Array","2","38.0 - 45.0","TCGA-BRCA","eee3124f-b429-4b3e-8b1e-036535bf3517","released","88c8a133-1c35-4e23-88d3-042cbca01208","quay.io/ncigdc","SeSAMe Methylation Beta Estimation","dc9467b78cf538a0430cd4027dc5092f77d47e20","Primary Tumor",NA,"TCGA-A1-A0SN","TCGA-A1-A0SN-01A"
"3e507d72-240f-4b9b-9792-8e0da8c63a55","TXT","TCGA-BH-A0W5-01A-11D-A10A-05","open","bbf9988a-7181-4388-b39d-c4327051fed9.methylation_array.sesame.level3betas.txt","da88a3ff-1664-4154-81d3-5f03f3b9f83e","DNA Methylation","methylation_beta_value","Illumina Human Methylation 450",12941647,"2023-07-14T13:19:51.856267-05:00","703db912636812a95e945a7241b28d9b","2023-07-18T10:26:09.232904-05:00","3e507d72-240f-4b9b-9792-8e0da8c63a55","Methylation Beta Value","released","Methylation Array","2","38.0 - 45.0","TCGA-BRCA","308a27ec-a813-438f-b179-4894d8d03bd4","released","bbf9988a-7181-4388-b39d-c4327051fed9","quay.io/ncigdc","SeSAMe Methylation Beta Estimation","9e258094ac9d4febe3721ceba25c1b8dbd1a27f8","Primary Tumor",NA,"TCGA-BH-A0W5","TCGA-BH-A0W5-01A"
"ece8e79d-07bc-4435-af2b-5d12577554a6","TXT","TCGA-AO-A124-01A-11D-A10N-05","open","20171ef3-0986-476f-96f8-9d6051835771.methylation_array.sesame.level3betas.txt","b8f3c57b-147f-486a-a418-730e8e3a3b36","DNA Methylation","methylation_beta_value","Illumina Human Methylation 450",12879591,"2023-07-14T13:46:29.542970-05:00","c3cca575d92a04d64063e3a2c3e5fac6","2023-07-18T10:26:48.897462-05:00","ece8e79d-07bc-4435-af2b-5d12577554a6","Methylation Beta Value","released","Methylation Array","2","38.0 - 45.0","TCGA-BRCA","c64114bf-f43b-4517-b4a8-ef23bd8322a2","released","20171ef3-0986-476f-96f8-9d6051835771","quay.io/ncigdc","SeSAMe Methylation Beta Estimation","dc9467b78cf538a0430cd4027dc5092f77d47e20","Primary Tumor",NA,"TCGA-AO-A124","TCGA-AO-A124-01A"
"e14e9d13-002a-4a69-931c-b20d5d3b0988","TXT","TCGA-A7-A6VV-01A-22D-A33F-05","open","4f6114a2-0125-4bf5-8d62-d890fa751ee9.methylation_array.sesame.level3betas.txt","e3a42d9e-af8c-4e75-ad4d-64be0b98d795","DNA Methylation","methylation_beta_value","Illumina Human Methylation 450",13153504,"2023-07-14T13:20:47.929506-05:00","73a1f42b4865c14fe243a0a85a62f041","2023-07-18T10:24:43.202682-05:00","e14e9d13-002a-4a69-931c-b20d5d3b0988","Methylation Beta Value","released","Methylation Array","2","38.0 - 45.0","TCGA-BRCA","0e5b631b-72ea-4cbf-82ed-1e42f73ed9bf","released","4f6114a2-0125-4bf5-8d62-d890fa751ee9","quay.io/ncigdc","SeSAMe Methylation Beta Estimation","9e258094ac9d4febe3721ceba25c1b8dbd1a27f8","Primary Tumor",NA,"TCGA-A7-A6VV","TCGA-A7-A6VV-01A"
"228c1755-2789-42cd-8d60-4797312d5c07","TXT","TCGA-BH-A0BZ-01A-31D-A12R-05","open","ea91d00f-af87-49b8-b7ee-0fb7f486c904.methylation_array.sesame.level3betas.txt","1a894ebc-1bfc-4b0a-9ab5-508888d9de80","DNA Methylation","methylation_beta_value","Illumina Human Methylation 450",12928471,"2023-07-14T13:28:18.343724-05:00","5adb8fd7f323fdbd88f197ceb36293b2","2023-07-18T10:26:54.003578-05:00","228c1755-2789-42cd-8d60-4797312d5c07","Methylation Beta Value","released","Methylation Array","2","38.0 - 45.0","TCGA-BRCA","d1bd38b3-f336-4662-9186-9bf667dc3efe","released","ea91d00f-af87-49b8-b7ee-0fb7f486c904","quay.io/ncigdc","SeSAMe Methylation Beta Estimation","f8ef9dc6375573fc05fee47b70278d89f79a4cd7","Primary Tumor",NA,"TCGA-BH-A0BZ","TCGA-BH-A0BZ-01A"
"94ed5a37-2b3c-4253-9ae8-8d80d7c9fee2","TXT","TCGA-BH-A1FE-01A-11D-A13K-05","open","c9c7106d-96eb-4f60-b0bf-b2b6395d7f7b.methylation_array.sesame.level3betas.txt","06198623-2eb5-4533-b5c0-42195c3c63d8","DNA Methylation","methylation_beta_value","Illumina Human Methylation 450",13113453,"2023-07-14T13:40:59.845385-05:00","318fa9f248f0daa55a2cd925a0f6854a","2023-07-18T10:27:01.970046-05:00","94ed5a37-2b3c-4253-9ae8-8d80d7c9fee2","Methylation Beta Value","released","Methylation Array","2","38.0 - 45.0","TCGA-BRCA","cc9e2bf5-3a20-4653-a840-82b2c6d6f554","released","c9c7106d-96eb-4f60-b0bf-b2b6395d7f7b","quay.io/ncigdc","SeSAMe Methylation Beta Estimation","f8ef9dc6375573fc05fee47b70278d89f79a4cd7","Primary Tumor",NA,"TCGA-BH-A1FE","TCGA-BH-A1FE-01A"
"35161ae5-9cbb-4566-9411-e88a084e47dd","TXT","TCGA-A2-A3XX-01A-21D-A23D-05","open","d313dc0e-3840-487d-be90-817a1ef43f82.methylation_array.sesame.level3betas.txt","742b681a-7d3a-4e03-8b8e-46b824deabeb","DNA Methylation","methylation_beta_value","Illumina Human Methylation 450",13017322,"2023-07-14T13:38:52.662432-05:00","a9f335d31dfc77066fcb5015c2e10e9a","2023-07-18T10:27:14.765686-05:00","35161ae5-9cbb-4566-9411-e88a084e47dd","Methylation Beta Value","released","Methylation Array","2","38.0 - 45.0","TCGA-BRCA","59d0fff3-4d7b-44d1-9151-dc8f9ca9072d","released","d313dc0e-3840-487d-be90-817a1ef43f82","quay.io/ncigdc","SeSAMe Methylation Beta Estimation","dc9467b78cf538a0430cd4027dc5092f77d47e20","Primary Tumor",NA,"TCGA-A2-A3XX","TCGA-A2-A3XX-01A"
"620cea13-5734-4a1d-a992-abbb81164bdf","TXT","TCGA-BH-A0B2-01A-11D-A10N-05","open","6efbf774-e5f0-45e2-aa14-554c0604bb02.methylation_array.sesame.level3betas.txt","81e7a0bc-7325-4522-b037-27034ae23ace","DNA Methylation","methylation_beta_value","Illumina Human Methylation 450",12846028,"2023-07-14T13:12:21.108652-05:00","d57b29f2af37d149384bb65b846bee86","2023-07-18T10:25:59.405515-05:00","620cea13-5734-4a1d-a992-abbb81164bdf","Methylation Beta Value","released","Methylation Array","2","38.0 - 45.0","TCGA-BRCA","1d7fcf78-944a-4710-801a-5cf936c568a9","released","6efbf774-e5f0-45e2-aa14-554c0604bb02","quay.io/ncigdc","SeSAMe Methylation Beta Estimation","dc9467b78cf538a0430cd4027dc5092f77d47e20","Primary Tumor",NA,"TCGA-BH-A0B2","TCGA-BH-A0B2-01A"
"ff20cacb-75fa-493d-abf2-591fd1af6750","TXT","TCGA-EW-A1PC-01B-11D-A21R-05","open","8363a413-fc96-4dbb-b460-00577fbfefae.methylation_array.sesame.level3betas.txt","c3d412a1-7ea8-4b65-a656-7b7c435ae723","DNA Methylation","methylation_beta_value","Illumina Human Methylation 450",13107766,"2023-07-14T13:35:04.610487-05:00","14d726f60ab7eef66da5b8079ac4da56","2023-07-18T10:25:45.307409-05:00","ff20cacb-75fa-493d-abf2-591fd1af6750","Methylation Beta Value","released","Methylation Array","2","38.0 - 45.0","TCGA-BRCA","587eedce-90b6-4eec-9d7a-838921654864","released","8363a413-fc96-4dbb-b460-00577fbfefae","quay.io/ncigdc","SeSAMe Methylation Beta Estimation","dc9467b78cf538a0430cd4027dc5092f77d47e20","Primary Tumor",NA,"TCGA-EW-A1PC","TCGA-EW-A1PC-01B"
"5fa3658c-1958-4cb7-81ac-081db86e9676","TXT","TCGA-A2-A3XW-01A-11D-A23D-05","open","2cfc41ee-6c94-43a1-b234-14d2e96f6db3.methylation_array.sesame.level3betas.txt","8adcc621-0f55-4590-900f-03dca0d82c6f","DNA Methylation","methylation_beta_value","Illumina Human Methylation 450",13076057,"2023-07-14T13:41:25.024861-05:00","93a29f8bfc4f84188655443d0dc22517","2023-07-18T10:26:36.419959-05:00","5fa3658c-1958-4cb7-81ac-081db86e9676","Methylation Beta Value","released","Methylation Array","2","38.0 - 45.0","TCGA-BRCA","37e7ab12-e775-44c7-a868-abeb32201314","released","2cfc41ee-6c94-43a1-b234-14d2e96f6db3","quay.io/ncigdc","SeSAMe Methylation Beta Estimation","dc9467b78cf538a0430cd4027dc5092f77d47e20","Primary Tumor",NA,"TCGA-A2-A3XW","TCGA-A2-A3XW-01A"
"af5c7ee8-6981-4daf-b5a2-589c0a2bad9a","TXT","TCGA-BH-A1F5-11A-43D-A13T-05","open","e5e37029-fb06-4e34-b3b2-277854b8f59a.methylation_array.sesame.level3betas.txt","84e183c3-bb48-48e4-bbf0-5b9c63a4a439","DNA Methylation","methylation_beta_value","Illumina Human Methylation 450",13173521,"2023-07-14T13:11:12.512702-05:00","617dbdc102af5797c61d0742d5fa7243","2023-07-18T10:25:39.483610-05:00","af5c7ee8-6981-4daf-b5a2-589c0a2bad9a","Methylation Beta Value","released","Methylation Array","2","38.0 - 45.0","TCGA-BRCA","6c030303-032e-45b6-a95e-4ae152d18a61","released","e5e37029-fb06-4e34-b3b2-277854b8f59a","quay.io/ncigdc","SeSAMe Methylation Beta Estimation","f8ef9dc6375573fc05fee47b70278d89f79a4cd7","Solid Tissue Normal",NA,"TCGA-BH-A1F5","TCGA-BH-A1F5-11A"
"2ad10fdc-8240-4a4c-825a-f48655f8e9ee","TXT","TCGA-BH-A1FB-11A-33D-A13T-05","open","d65249d9-4d0c-4a47-aee2-6d7c59b6ef8b.methylation_array.sesame.level3betas.txt","fabc71e0-b73b-41a3-90db-2f129670c812","DNA Methylation","methylation_beta_value","Illumina Human Methylation 450",13187387,"2023-07-14T13:15:01.442472-05:00","ecd78470c6ea347147e6a668eb801943","2023-07-18T10:26:33.216450-05:00","2ad10fdc-8240-4a4c-825a-f48655f8e9ee","Methylation Beta Value","released","Methylation Array","2","38.0 - 45.0","TCGA-BRCA","79c0eecb-bcc0-4846-a2ff-62eca579285f","released","d65249d9-4d0c-4a47-aee2-6d7c59b6ef8b","quay.io/ncigdc","SeSAMe Methylation Beta Estimation","dc9467b78cf538a0430cd4027dc5092f77d47e20","Solid Tissue Normal",NA,"TCGA-BH-A1FB","TCGA-BH-A1FB-11A"
"cdf9dfb2-0e55-428a-9638-ab913cf8228c","TXT","TCGA-BH-A1FB-01A-11D-A13K-05","open","a1d39cbf-1713-45c7-a4e8-665c8d148f21.methylation_array.sesame.level3betas.txt","a6ecaa9c-208b-4341-ac42-7899e174c2e4","DNA Methylation","methylation_beta_value","Illumina Human Methylation 450",13092760,"2023-07-14T13:21:08.012430-05:00","2e2b212c6ae2452de7d7c45b2dfea4bd","2023-07-18T10:26:19.294765-05:00","cdf9dfb2-0e55-428a-9638-ab913cf8228c","Methylation Beta Value","released","Methylation Array","2","38.0 - 45.0","TCGA-BRCA","2dc3f5d0-bb34-45da-82d5-b007dfeb7882","released","a1d39cbf-1713-45c7-a4e8-665c8d148f21","quay.io/ncigdc","SeSAMe Methylation Beta Estimation","9e258094ac9d4febe3721ceba25c1b8dbd1a27f8","Primary Tumor",NA,"TCGA-BH-A1FB","TCGA-BH-A1FB-01A"
"e01a31b8-dbdd-4887-9c3f-8d6c0b9847f3","TXT","TCGA-BH-A5J0-01A-11D-A27Y-05","open","c9ec30b8-f7c0-4279-ab7a-16ee41de0d57.methylation_array.sesame.level3betas.txt","fa2d27f4-c393-4e91-8dd5-eba181e240e6","DNA Methylation","methylation_beta_value","Illumina Human Methylation 450",13175601,"2023-07-14T13:28:05.242245-05:00","65b2bb6f0c1012c557248cbf5f92a441","2023-07-18T10:25:57.332036-05:00","e01a31b8-dbdd-4887-9c3f-8d6c0b9847f3","Methylation Beta Value","released","Methylation Array","2","38.0 - 45.0","TCGA-BRCA","b455562b-1eba-4481-8c1b-177bce50f288","released","c9ec30b8-f7c0-4279-ab7a-16ee41de0d57","quay.io/ncigdc","SeSAMe Methylation Beta Estimation","f8ef9dc6375573fc05fee47b70278d89f79a4cd7","Primary Tumor",NA,"TCGA-BH-A5J0","TCGA-BH-A5J0-01A"
"520d94db-21b5-4084-99db-1b693cc9c331","TXT","TCGA-E9-A1NF-11A-73D-A14H-05","open","79512f6f-1092-46d8-863c-5a9d052549b1.methylation_array.sesame.level3betas.txt","3ed29a5b-1cb9-4a77-bada-7a134afd1b15","DNA Methylation","methylation_beta_value","Illumina Human Methylation 450",13151074,"2023-07-14T13:10:07.408404-05:00","fcd79b1537aec5a7aa8b7fac3646bd12","2023-07-18T10:26:49.968901-05:00","520d94db-21b5-4084-99db-1b693cc9c331","Methylation Beta Value","released","Methylation Array","2","38.0 - 45.0","TCGA-BRCA","e10a42b8-d84a-4536-8f86-718495c357cf","released","79512f6f-1092-46d8-863c-5a9d052549b1","quay.io/ncigdc","SeSAMe Methylation Beta Estimation","f8ef9dc6375573fc05fee47b70278d89f79a4cd7","Solid Tissue Normal",NA,"TCGA-E9-A1NF","TCGA-E9-A1NF-11A"
"3ac89852-8b96-45fd-9775-91ccbdd34318","TXT","TCGA-E2-A1B1-01A-21D-A12R-05","open","a1f11587-5a03-4d47-8588-ca849d981ace.methylation_array.sesame.level3betas.txt","d6114a5d-73ae-49f0-bbc0-9da2549e97c0","DNA Methylation","methylation_beta_value","Illumina Human Methylation 450",13094949,"2023-07-14T13:16:20.988988-05:00","402892cb83ff7e2eff258d9cb63b8e77","2023-07-18T10:26:54.885647-05:00","3ac89852-8b96-45fd-9775-91ccbdd34318","Methylation Beta Value","released","Methylation Array","2","38.0 - 45.0","TCGA-BRCA","933e261e-305a-4551-895c-cf75041e5a5b","released","a1f11587-5a03-4d47-8588-ca849d981ace","quay.io/ncigdc","SeSAMe Methylation Beta Estimation","dc9467b78cf538a0430cd4027dc5092f77d47e20","Primary Tumor",NA,"TCGA-E2-A1B1","TCGA-E2-A1B1-01A"
"80dcddfa-a808-4f70-99a6-4b0331f9a0d6","TXT","TCGA-B6-A0WX-01A-11D-A10A-05","open","78813fe8-7c09-476a-bc5a-4796f9ac76f2.methylation_array.sesame.level3betas.txt","39bddca0-6bec-40c5-a4aa-08595d4b026c","DNA Methylation","methylation_beta_value","Illumina Human Methylation 450",12763975,"2023-07-14T13:36:41.404726-05:00","a5b8c5f7b6f44080101465ba0cda7f1a","2023-07-18T10:27:30.638372-05:00","80dcddfa-a808-4f70-99a6-4b0331f9a0d6","Methylation Beta Value","released","Methylation Array","2","38.0 - 45.0","TCGA-BRCA","d6a72702-dd49-4215-a6de-5ecdf305c6d3","released","78813fe8-7c09-476a-bc5a-4796f9ac76f2","quay.io/ncigdc","SeSAMe Methylation Beta Estimation","f8ef9dc6375573fc05fee47b70278d89f79a4cd7","Primary Tumor",NA,"TCGA-B6-A0WX","TCGA-B6-A0WX-01A"
"e62755e9-2196-4637-8594-7e9508b49ed3","TXT","TCGA-AR-A255-01A-11D-A16A-05","open","804b4dc5-5734-4cee-ac9f-cf96f89a7740.methylation_array.sesame.level3betas.txt","2e2e1fbe-a127-4ab7-8e19-a1d3a5ce964e","DNA Methylation","methylation_beta_value","Illumina Human Methylation 450",13157828,"2023-07-14T13:34:36.958141-05:00","c91dbb53c59cfbf037684e3fc87ccdff","2023-07-18T10:27:17.663669-05:00","e62755e9-2196-4637-8594-7e9508b49ed3","Methylation Beta Value","released","Methylation Array","2","38.0 - 45.0","TCGA-BRCA","2e12dbfe-df5f-4c70-8e14-70ef54f4578e","released","804b4dc5-5734-4cee-ac9f-cf96f89a7740","quay.io/ncigdc","SeSAMe Methylation Beta Estimation","f8ef9dc6375573fc05fee47b70278d89f79a4cd7","Primary Tumor",NA,"TCGA-AR-A255","TCGA-AR-A255-01A"
"1c5d26b3-039c-40c6-a7f8-a914937f82af","TXT","TCGA-AR-A0U3-01A-11D-A10A-05","open","891a7d85-d1c6-486b-ae5c-393f3c7ef5b7.methylation_array.sesame.level3betas.txt","3021a77e-65a1-4176-ba4f-a2c56f057627","DNA Methylation","methylation_beta_value","Illumina Human Methylation 450",12825297,"2023-07-14T13:44:56.301185-05:00","88ca36e22fb782c7d5ea538187d3f97b","2023-07-18T10:25:17.600994-05:00","1c5d26b3-039c-40c6-a7f8-a914937f82af","Methylation Beta Value","released","Methylation Array","2","38.0 - 45.0","TCGA-BRCA","90104936-74fe-4a1b-817f-5ca1c6362f0b","released","891a7d85-d1c6-486b-ae5c-393f3c7ef5b7","quay.io/ncigdc","SeSAMe Methylation Beta Estimation","9e258094ac9d4febe3721ceba25c1b8dbd1a27f8","Primary Tumor",NA,"TCGA-AR-A0U3","TCGA-AR-A0U3-01A"
"b407a1d2-e140-4bb1-b836-a8cd371eda85","TXT","TCGA-UL-AAZ6-01A-11D-A41Q-05","open","5acb3c47-eb9c-4cdb-89dc-4891d4f57fd6.methylation_array.sesame.level3betas.txt","8ab7464b-3072-4326-95c5-1aad6f4cfef7","DNA Methylation","methylation_beta_value","Illumina Human Methylation 450",13042136,"2023-07-14T13:15:46.463850-05:00","44130998b81e00e4d6bcf9fa1e7ad7ca","2023-07-18T10:27:29.265462-05:00","b407a1d2-e140-4bb1-b836-a8cd371eda85","Methylation Beta Value","released","Methylation Array","2","38.0 - 45.0","TCGA-BRCA","e44cecbf-b466-46ad-b00b-9afaebee33ca","released","5acb3c47-eb9c-4cdb-89dc-4891d4f57fd6","quay.io/ncigdc","SeSAMe Methylation Beta Estimation","dc9467b78cf538a0430cd4027dc5092f77d47e20","Primary Tumor",NA,"TCGA-UL-AAZ6","TCGA-UL-AAZ6-01A"
"7bbe3cea-e4dd-46e2-92af-bfe4e9dde97f","TXT","TCGA-BH-A1F8-01A-11D-A13K-05","open","bf2fd308-86da-443c-886b-a68fb127cea7.methylation_array.sesame.level3betas.txt","eb41c0c5-bd63-43c3-8af4-ecbc11c69479","DNA Methylation","methylation_beta_value","Illumina Human Methylation 450",13135054,"2023-07-14T13:18:13.695092-05:00","1217ba3ed2ffe82d2ed6ed4284379770","2023-07-18T10:26:53.169734-05:00","7bbe3cea-e4dd-46e2-92af-bfe4e9dde97f","Methylation Beta Value","released","Methylation Array","2","38.0 - 45.0","TCGA-BRCA","d0e7a182-dc1e-44a4-8c61-25c9d4758e84","released","bf2fd308-86da-443c-886b-a68fb127cea7","quay.io/ncigdc","SeSAMe Methylation Beta Estimation","dc9467b78cf538a0430cd4027dc5092f77d47e20","Primary Tumor",NA,"TCGA-BH-A1F8","TCGA-BH-A1F8-01A"
"008f99df-4bb1-4f2d-87b9-4e60807f6195","TXT","TCGA-AC-A3HN-01A-11D-A212-05","open","0281de9b-0aed-44bd-b4bc-a2636826f92a.methylation_array.sesame.level3betas.txt","9b643f47-5380-4c15-9644-9832d6a956c7","DNA Methylation","methylation_beta_value","Illumina Human Methylation 450",12996235,"2023-07-14T13:14:46.486564-05:00","34a95827f6fa0e01f53d1499bb904d7e","2023-07-18T10:25:42.699165-05:00","008f99df-4bb1-4f2d-87b9-4e60807f6195","Methylation Beta Value","released","Methylation Array","2","38.0 - 45.0","TCGA-BRCA","64f245a9-e508-45b0-8040-d62feae92bdb","released","0281de9b-0aed-44bd-b4bc-a2636826f92a","quay.io/ncigdc","SeSAMe Methylation Beta Estimation","f8ef9dc6375573fc05fee47b70278d89f79a4cd7","Primary Tumor",NA,"TCGA-AC-A3HN","TCGA-AC-A3HN-01A"
"5481cc36-2804-437d-8d48-65f047579a3a","TXT","TCGA-E2-A108-01A-13D-A10N-05","open","82bbcff8-dcc2-4e2e-88cb-65972d65a30c.methylation_array.sesame.level3betas.txt","df122a9a-8ebf-402a-8116-9f5587b64df3","DNA Methylation","methylation_beta_value","Illumina Human Methylation 450",13006132,"2023-07-14T13:09:26.234085-05:00","4072732164858d61dd991a4238838427","2023-07-18T10:26:52.304566-05:00","5481cc36-2804-437d-8d48-65f047579a3a","Methylation Beta Value","released","Methylation Array","2","38.0 - 45.0","TCGA-BRCA","168402bc-b102-4c3c-9f22-9a1ac6441c26","released","82bbcff8-dcc2-4e2e-88cb-65972d65a30c","quay.io/ncigdc","SeSAMe Methylation Beta Estimation","dc9467b78cf538a0430cd4027dc5092f77d47e20","Primary Tumor",NA,"TCGA-E2-A108","TCGA-E2-A108-01A"
"62234ece-a297-485b-bd47-ed15f7f1d00b","TXT","TCGA-B6-A0RT-01A-21D-A10P-05","open","590ef5f8-15bf-4aef-b5ad-e7d8951f7281.methylation_array.sesame.level3betas.txt","9838bb84-5037-43e4-ad82-af25d0bae8aa","DNA Methylation","methylation_beta_value","Illumina Human Methylation 450",13030213,"2023-07-14T13:44:46.847734-05:00","c6d4611b5d11aec9c2aba2691ecd9d49","2023-07-18T10:27:21.454311-05:00","62234ece-a297-485b-bd47-ed15f7f1d00b","Methylation Beta Value","released","Methylation Array","2","38.0 - 45.0","TCGA-BRCA","1a14e7e2-42de-4e39-9297-9f5fe871ca2a","released","590ef5f8-15bf-4aef-b5ad-e7d8951f7281","quay.io/ncigdc","SeSAMe Methylation Beta Estimation","dc9467b78cf538a0430cd4027dc5092f77d47e20","Primary Tumor",NA,"TCGA-B6-A0RT","TCGA-B6-A0RT-01A"
"cf0d725f-d45f-44c2-aaa3-9b995965b502","TXT","TCGA-E2-A1IN-01A-11D-A13K-05","open","03b9eb14-2540-4ccf-8aee-3f34a87f24e8.methylation_array.sesame.level3betas.txt","f4293244-71bd-4d41-9810-e021847c232a","DNA Methylation","methylation_beta_value","Illumina Human Methylation 450",13096695,"2023-07-14T13:39:55.780713-05:00","fce17ff2f67537782eaa3661e616531e","2023-07-18T10:27:09.841637-05:00","cf0d725f-d45f-44c2-aaa3-9b995965b502","Methylation Beta Value","released","Methylation Array","2","38.0 - 45.0","TCGA-BRCA","6faae181-2a7c-4ca4-94ba-5f699ee51217","released","03b9eb14-2540-4ccf-8aee-3f34a87f24e8","quay.io/ncigdc","SeSAMe Methylation Beta Estimation","f8ef9dc6375573fc05fee47b70278d89f79a4cd7","Primary Tumor",NA,"TCGA-E2-A1IN","TCGA-E2-A1IN-01A"
"aad87025-ec9c-4980-a9ce-8c9248f94e85","TXT","TCGA-A2-A1FW-01A-11D-A13K-05","open","179f5c2e-5b74-428e-913f-f974ea580e27.methylation_array.sesame.level3betas.txt","aa21b3b9-5972-4946-be2c-fc67b3e95bec","DNA Methylation","methylation_beta_value","Illumina Human Methylation 450",13039409,"2023-07-14T13:34:53.469787-05:00","b8954d386bd87d396cd0c1b6026373bc","2023-07-18T10:26:19.709409-05:00","aad87025-ec9c-4980-a9ce-8c9248f94e85","Methylation Beta Value","released","Methylation Array","2","38.0 - 45.0","TCGA-BRCA","a57ea43e-ffd6-4ac6-bc4e-bced1c2db3eb","released","179f5c2e-5b74-428e-913f-f974ea580e27","quay.io/ncigdc","SeSAMe Methylation Beta Estimation","9e258094ac9d4febe3721ceba25c1b8dbd1a27f8","Primary Tumor",NA,"TCGA-A2-A1FW","TCGA-A2-A1FW-01A"
"ed372689-15d0-4c08-8a74-5f68b95278c4","TXT","TCGA-A7-A26G-01A-21D-A16A-05","open","ee0e3cc4-e027-4a62-a5cf-e9a5c67e086d.methylation_array.sesame.level3betas.txt","b2e6e86f-2120-436f-902f-2bfaa268ca79","DNA Methylation","methylation_beta_value","Illumina Human Methylation 450",13157773,"2023-07-14T13:08:29.627652-05:00","c87b038c96dbc6871f6eca5153bf367e","2023-07-18T10:25:58.442429-05:00","ed372689-15d0-4c08-8a74-5f68b95278c4","Methylation Beta Value","released","Methylation Array","2","38.0 - 45.0","TCGA-BRCA","7dd8abc9-6a1f-4e8a-87ff-304e991fb4f3","released","ee0e3cc4-e027-4a62-a5cf-e9a5c67e086d","quay.io/ncigdc","SeSAMe Methylation Beta Estimation","9e258094ac9d4febe3721ceba25c1b8dbd1a27f8","Primary Tumor",NA,"TCGA-A7-A26G","TCGA-A7-A26G-01A"
"ea90d916-a754-4697-8745-48c9046d0b9c","TXT","TCGA-E2-A1IJ-01A-11D-A145-05","open","8ebc5412-c2b7-4fd7-852c-fca4cf48cadf.methylation_array.sesame.level3betas.txt","e79d0c4b-1b08-4344-9456-938d1bf81623","DNA Methylation","methylation_beta_value","Illumina Human Methylation 450",13188193,"2023-07-14T13:38:49.127988-05:00","2b07989ab9067d4c83ba624cfe901d1f","2023-07-18T10:26:04.339202-05:00","ea90d916-a754-4697-8745-48c9046d0b9c","Methylation Beta Value","released","Methylation Array","2","38.0 - 45.0","TCGA-BRCA","9cef8b01-1f2e-4342-b909-9397dbd44550","released","8ebc5412-c2b7-4fd7-852c-fca4cf48cadf","quay.io/ncigdc","SeSAMe Methylation Beta Estimation","dc9467b78cf538a0430cd4027dc5092f77d47e20","Primary Tumor",NA,"TCGA-E2-A1IJ","TCGA-E2-A1IJ-01A"
"a7a4b474-6c7f-40fc-a88c-1897c785c24c","TXT","TCGA-C8-A1HK-01A-21D-A13K-05","open","6f47fe3d-d42a-472b-b69a-6e4c20b69893.methylation_array.sesame.level3betas.txt","efb2a12f-fc38-41f9-a5d3-5353e84fd949","DNA Methylation","methylation_beta_value","Illumina Human Methylation 450",13169968,"2023-07-14T13:45:46.488362-05:00","75e4f4777a1ba3919b1cf41a45fe594e","2023-07-18T10:25:19.860878-05:00","a7a4b474-6c7f-40fc-a88c-1897c785c24c","Methylation Beta Value","released","Methylation Array","2","38.0 - 45.0","TCGA-BRCA","ef641b8a-2760-4e30-81a2-8f0bf539af63","released","6f47fe3d-d42a-472b-b69a-6e4c20b69893","quay.io/ncigdc","SeSAMe Methylation Beta Estimation","9e258094ac9d4febe3721ceba25c1b8dbd1a27f8","Primary Tumor",NA,"TCGA-C8-A1HK","TCGA-C8-A1HK-01A"
"6cf0e9d7-eed6-4de4-9b9e-1eb95fd34e61","TXT","TCGA-3C-AALK-01A-11D-A41Q-05","open","a5ac8fac-e653-4767-8629-82a8bdccc0b7.methylation_array.sesame.level3betas.txt","7bf3ba2e-a565-48c7-8567-179c8984c14b","DNA Methylation","methylation_beta_value","Illumina Human Methylation 450",12986515,"2023-07-14T13:45:35.822851-05:00","8dbe7322eca8a1ec0a5ef35207069c2f","2023-07-18T10:26:14.393383-05:00","6cf0e9d7-eed6-4de4-9b9e-1eb95fd34e61","Methylation Beta Value","released","Methylation Array","2","38.0 - 45.0","TCGA-BRCA","375cbfd8-ecd0-42f8-8c8f-aac45f74e51c","released","a5ac8fac-e653-4767-8629-82a8bdccc0b7","quay.io/ncigdc","SeSAMe Methylation Beta Estimation","f8ef9dc6375573fc05fee47b70278d89f79a4cd7","Primary Tumor",NA,"TCGA-3C-AALK","TCGA-3C-AALK-01A"
"0cbba7ad-73d9-479a-9b9b-046258c3cf64","TXT","TCGA-AC-A2FK-01A-12D-A17Z-05","open","1b79fa1c-4c59-4bc8-8e77-90a700d73be8.methylation_array.sesame.level3betas.txt","3f111a47-430f-4646-9887-14df91499d07","DNA Methylation","methylation_beta_value","Illumina Human Methylation 450",13200859,"2023-07-14T13:46:24.142630-05:00","2fe119f3f6d3fe4ce42065ccc196a451","2023-07-18T10:25:22.227088-05:00","0cbba7ad-73d9-479a-9b9b-046258c3cf64","Methylation Beta Value","released","Methylation Array","2","38.0 - 45.0","TCGA-BRCA","f31447ff-5ee3-4557-9735-75b96193d756","released","1b79fa1c-4c59-4bc8-8e77-90a700d73be8","quay.io/ncigdc","SeSAMe Methylation Beta Estimation","9e258094ac9d4febe3721ceba25c1b8dbd1a27f8","Primary Tumor",NA,"TCGA-AC-A2FK","TCGA-AC-A2FK-01A"
"7b8851c8-1416-483f-8b13-0f4f8b64988c","TXT","TCGA-GM-A2DK-01A-21D-A17Z-05","open","66d3cdf0-3bdb-4fa2-b3cf-07d0603ff252.methylation_array.sesame.level3betas.txt","f727fc49-af11-4a1b-8bd6-cda074a6129c","DNA Methylation","methylation_beta_value","Illumina Human Methylation 450",13187993,"2023-07-14T13:26:01.971986-05:00","5304f516223408923c739963fe5c5a83","2023-07-18T10:25:36.151253-05:00","7b8851c8-1416-483f-8b13-0f4f8b64988c","Methylation Beta Value","released","Methylation Array","2","38.0 - 45.0","TCGA-BRCA","b9edd91c-c056-4b0a-aef2-84f1a3477140","released","66d3cdf0-3bdb-4fa2-b3cf-07d0603ff252","quay.io/ncigdc","SeSAMe Methylation Beta Estimation","9e258094ac9d4febe3721ceba25c1b8dbd1a27f8","Primary Tumor",NA,"TCGA-GM-A2DK","TCGA-GM-A2DK-01A"
"ad732629-9ba0-4cf4-ad56-b87338f1858a","TXT","TCGA-BH-A1F6-01A-11D-A13K-05","open","34340955-ae0e-4c75-bf01-4e8f42251c04.methylation_array.sesame.level3betas.txt","4e962465-47a1-4e60-91f3-26f12332dd9a","DNA Methylation","methylation_beta_value","Illumina Human Methylation 450",13187714,"2023-07-14T13:29:25.551485-05:00","ac19017f78b11d02a6ab1442f1c8300a","2023-07-18T10:27:02.931739-05:00","ad732629-9ba0-4cf4-ad56-b87338f1858a","Methylation Beta Value","released","Methylation Array","2","38.0 - 45.0","TCGA-BRCA","69b9a9e7-93ad-4325-9aa8-e9bb21f2dd90","released","34340955-ae0e-4c75-bf01-4e8f42251c04","quay.io/ncigdc","SeSAMe Methylation Beta Estimation","f8ef9dc6375573fc05fee47b70278d89f79a4cd7","Primary Tumor",NA,"TCGA-BH-A1F6","TCGA-BH-A1F6-01A"
"8d36469b-8e8d-4a73-a1c6-4dfe145642c7","TXT","TCGA-XX-A89A-01A-11D-A36K-05","open","2b34151a-9892-4e15-bcc1-af9829075e49.methylation_array.sesame.level3betas.txt","e60cc3f0-026b-4f66-bf8a-d24371194bf9","DNA Methylation","methylation_beta_value","Illumina Human Methylation 450",12983582,"2023-07-14T13:41:33.099636-05:00","059f127167f6b5df796d405f0bc6f595","2023-07-18T10:26:19.156526-05:00","8d36469b-8e8d-4a73-a1c6-4dfe145642c7","Methylation Beta Value","released","Methylation Array","2","38.0 - 45.0","TCGA-BRCA","27e671fd-d4a4-42a5-865b-7495f01457b4","released","2b34151a-9892-4e15-bcc1-af9829075e49","quay.io/ncigdc","SeSAMe Methylation Beta Estimation","f8ef9dc6375573fc05fee47b70278d89f79a4cd7","Primary Tumor",NA,"TCGA-XX-A89A","TCGA-XX-A89A-01A"
"1f0aed88-6208-4f89-826f-f0ae0125ed32","TXT","TCGA-E9-A5UO-01A-11D-A28C-05","open","50c873e3-b33f-4f8e-9101-2da96601a3d2.methylation_array.sesame.level3betas.txt","63b31f64-ed1d-4ab2-8a16-15719af15513","DNA Methylation","methylation_beta_value","Illumina Human Methylation 450",13121599,"2023-07-14T13:37:44.815666-05:00","134689cae74d9a7e8339e268fff58f33","2023-07-18T10:27:03.492722-05:00","1f0aed88-6208-4f89-826f-f0ae0125ed32","Methylation Beta Value","released","Methylation Array","2","38.0 - 45.0","TCGA-BRCA","6afd507f-7d38-468a-9c70-1e7ece653c22","released","50c873e3-b33f-4f8e-9101-2da96601a3d2","quay.io/ncigdc","SeSAMe Methylation Beta Estimation","f8ef9dc6375573fc05fee47b70278d89f79a4cd7","Primary Tumor",NA,"TCGA-E9-A5UO","TCGA-E9-A5UO-01A"
"eb3af332-7e58-4fd8-9f6e-8456b972e19e","TXT","TCGA-E2-A1LB-01A-11D-A145-05","open","0247ae5b-2c4b-4190-aa02-ccec21933db3.methylation_array.sesame.level3betas.txt","0ea2ed27-f7bf-4927-a0fc-e72c48562ef3","DNA Methylation","methylation_beta_value","Illumina Human Methylation 450",13188045,"2023-07-14T13:39:28.538788-05:00","26824aab12fe0b190eee3b52ba27b843","2023-07-18T10:24:56.814093-05:00","eb3af332-7e58-4fd8-9f6e-8456b972e19e","Methylation Beta Value","released","Methylation Array","2","38.0 - 45.0","TCGA-BRCA","6e2b1e6a-d59f-4fe7-8089-67e76502cf20","released","0247ae5b-2c4b-4190-aa02-ccec21933db3","quay.io/ncigdc","SeSAMe Methylation Beta Estimation","f8ef9dc6375573fc05fee47b70278d89f79a4cd7","Primary Tumor",NA,"TCGA-E2-A1LB","TCGA-E2-A1LB-01A"
"c5a3fff1-4671-4c29-9a8d-4c3db84edc80","TXT","TCGA-E2-A15I-01A-21D-A138-05","open","ebc5fba5-4d76-4c73-8e6a-a2543f2dd210.methylation_array.sesame.level3betas.txt","cd9cf7cb-c4d1-4816-b64e-ca108ec215fe","DNA Methylation","methylation_beta_value","Illumina Human Methylation 450",13047344,"2023-07-14T13:25:55.001063-05:00","a875fefa221bb3907ba745432abeeefe","2023-07-18T10:26:14.276599-05:00","c5a3fff1-4671-4c29-9a8d-4c3db84edc80","Methylation Beta Value","released","Methylation Array","2","38.0 - 45.0","TCGA-BRCA","23002882-2944-4941-9ed5-02ab8b7d0cae","released","ebc5fba5-4d76-4c73-8e6a-a2543f2dd210","quay.io/ncigdc","SeSAMe Methylation Beta Estimation","f8ef9dc6375573fc05fee47b70278d89f79a4cd7","Primary Tumor",NA,"TCGA-E2-A15I","TCGA-E2-A15I-01A"
"441960e5-ea5d-431f-b629-063051e32169","TXT","TCGA-EW-A6SB-01A-12D-A32T-05","open","c728239c-fca8-4c7d-93ac-0f4738153a3f.methylation_array.sesame.level3betas.txt","0e8686e0-ac14-422b-be58-b2860be8bebe","DNA Methylation","methylation_beta_value","Illumina Human Methylation 450",12898849,"2023-07-14T13:33:03.678527-05:00","85ee5617c0bcb5204759762fb5c0e4da","2023-07-18T10:26:45.575116-05:00","441960e5-ea5d-431f-b629-063051e32169","Methylation Beta Value","released","Methylation Array","2","38.0 - 45.0","TCGA-BRCA","47fff663-5cfc-4f26-acb8-e75f9e9e994e","released","c728239c-fca8-4c7d-93ac-0f4738153a3f","quay.io/ncigdc","SeSAMe Methylation Beta Estimation","f8ef9dc6375573fc05fee47b70278d89f79a4cd7","Primary Tumor",NA,"TCGA-EW-A6SB","TCGA-EW-A6SB-01A"
"61f21cf1-1a4d-45cc-be2b-b4f3459355ea","TXT","TCGA-EW-A3E8-01B-11D-A244-05","open","8fd5c0fe-6755-42c1-8f54-a554b09d9a43.methylation_array.sesame.level3betas.txt","60536acf-9a3f-40e2-8ecf-c6be55c123bf","DNA Methylation","methylation_beta_value","Illumina Human Methylation 450",13166109,"2023-07-14T13:19:17.372848-05:00","2c89df7d55c3be99a50d945dcb30b9af","2023-07-18T10:26:13.349998-05:00","61f21cf1-1a4d-45cc-be2b-b4f3459355ea","Methylation Beta Value","released","Methylation Array","2","38.0 - 45.0","TCGA-BRCA","4e8f738c-61bb-4c89-9ec7-d22afc508b07","released","8fd5c0fe-6755-42c1-8f54-a554b09d9a43","quay.io/ncigdc","SeSAMe Methylation Beta Estimation","f8ef9dc6375573fc05fee47b70278d89f79a4cd7","Primary Tumor",NA,"TCGA-EW-A3E8","TCGA-EW-A3E8-01B"
"c3d82734-d126-402b-9e05-7b9e405de911","TXT","TCGA-BH-A1ES-01A-11D-A138-05","open","7398681f-04ae-4777-bd98-5ce49bc89bb0.methylation_array.sesame.level3betas.txt","808c8dff-f0e3-4ccc-8f19-5b2b93b316b5","DNA Methylation","methylation_beta_value","Illumina Human Methylation 450",13082874,"2023-07-14T13:42:43.639201-05:00","c3548335e7cc26d0bef5bc1ed20ffbd5","2023-07-18T10:26:49.706309-05:00","c3d82734-d126-402b-9e05-7b9e405de911","Methylation Beta Value","released","Methylation Array","2","38.0 - 45.0","TCGA-BRCA","8e184999-5d73-44ec-abaa-41578128446d","released","7398681f-04ae-4777-bd98-5ce49bc89bb0","quay.io/ncigdc","SeSAMe Methylation Beta Estimation","f8ef9dc6375573fc05fee47b70278d89f79a4cd7","Primary Tumor",NA,"TCGA-BH-A1ES","TCGA-BH-A1ES-01A"
"5c9b18bc-bc61-4fde-8e17-fa7bf5fd814b","TXT","TCGA-BH-A1ES-11A-33D-A138-05","open","ad1210ef-7129-4e3a-8c17-8c14e0381920.methylation_array.sesame.level3betas.txt","85a13bed-e543-4e8e-8f02-23da8c51664e","DNA Methylation","methylation_beta_value","Illumina Human Methylation 450",12872967,"2023-07-14T13:20:33.466740-05:00","6f32cae6ba6453f335340adfed8504ee","2023-07-18T10:25:55.949904-05:00","5c9b18bc-bc61-4fde-8e17-fa7bf5fd814b","Methylation Beta Value","released","Methylation Array","2","38.0 - 45.0","TCGA-BRCA","8ae6b651-7b07-4d84-a99c-cb53a525ab92","released","ad1210ef-7129-4e3a-8c17-8c14e0381920","quay.io/ncigdc","SeSAMe Methylation Beta Estimation","f8ef9dc6375573fc05fee47b70278d89f79a4cd7","Solid Tissue Normal",NA,"TCGA-BH-A1ES","TCGA-BH-A1ES-11A"
"fe06bc33-38fb-464a-9556-0d7d680ab9bf","TXT","TCGA-OL-A97C-01A-32D-A41Q-05","open","23523a69-8bfd-4108-ba0a-762a68e1cf68.methylation_array.sesame.level3betas.txt","bcb60547-1312-4254-875c-ea4f37881add","DNA Methylation","methylation_beta_value","Illumina Human Methylation 450",13086577,"2023-07-14T13:32:30.427933-05:00","ee0c40748d2cc595b01c0659bda41e91","2023-07-18T10:27:29.672753-05:00","fe06bc33-38fb-464a-9556-0d7d680ab9bf","Methylation Beta Value","released","Methylation Array","2","38.0 - 45.0","TCGA-BRCA","7730e0c0-fd0e-4f2e-97c4-52cb1e25d7a4","released","23523a69-8bfd-4108-ba0a-762a68e1cf68","quay.io/ncigdc","SeSAMe Methylation Beta Estimation","f8ef9dc6375573fc05fee47b70278d89f79a4cd7","Primary Tumor",NA,"TCGA-OL-A97C","TCGA-OL-A97C-01A"
"bc4a5f31-1c15-46a1-b431-dab918f7041e","TXT","TCGA-C8-A26X-01A-31D-A16G-05","open","ba80f67f-04f5-47d1-b921-fec7d83295e9.methylation_array.sesame.level3betas.txt","cac03303-ee22-425b-873a-df37155747fe","DNA Methylation","methylation_beta_value","Illumina Human Methylation 450",13153875,"2023-07-14T13:44:50.407731-05:00","388672f6e369865ce9f091c6379b14c8","2023-07-18T10:26:45.293954-05:00","bc4a5f31-1c15-46a1-b431-dab918f7041e","Methylation Beta Value","released","Methylation Array","2","38.0 - 45.0","TCGA-BRCA","2322e0cd-5f62-4c83-b17e-914801e62670","released","ba80f67f-04f5-47d1-b921-fec7d83295e9","quay.io/ncigdc","SeSAMe Methylation Beta Estimation","dc9467b78cf538a0430cd4027dc5092f77d47e20","Primary Tumor",NA,"TCGA-C8-A26X","TCGA-C8-A26X-01A"
"6cb6920e-0e1c-46ce-affd-a781bb5827a8","TXT","TCGA-D8-A1XA-01A-11D-A14H-05","open","578d5d21-544b-42c3-97d7-e0a1838d1437.methylation_array.sesame.level3betas.txt","cbd52d56-e894-4169-b37f-e9e9b8a3572e","DNA Methylation","methylation_beta_value","Illumina Human Methylation 450",13164485,"2023-07-14T13:15:18.360230-05:00","5731c4fc0e21293fb35f81bfef20ce1d","2023-07-18T10:26:23.858443-05:00","6cb6920e-0e1c-46ce-affd-a781bb5827a8","Methylation Beta Value","released","Methylation Array","2","38.0 - 45.0","TCGA-BRCA","501d53bb-84bc-438a-bd94-7fb4eeb02b6a","released","578d5d21-544b-42c3-97d7-e0a1838d1437","quay.io/ncigdc","SeSAMe Methylation Beta Estimation","f8ef9dc6375573fc05fee47b70278d89f79a4cd7","Primary Tumor",NA,"TCGA-D8-A1XA","TCGA-D8-A1XA-01A"
"3a3b751b-8d1d-47b5-bdb6-86f5f14810ba","TXT","TCGA-E2-A1B5-01A-21D-A12R-05","open","8d798bd9-8095-4311-81aa-b6d02fe467b7.methylation_array.sesame.level3betas.txt","6afce653-4c9e-4287-90e4-02ce3ca8efa8","DNA Methylation","methylation_beta_value","Illumina Human Methylation 450",13028099,"2023-07-14T13:37:10.561134-05:00","ffa6cdd02677aa5cc9bd50f02a84cd53","2023-07-18T10:25:18.333558-05:00","3a3b751b-8d1d-47b5-bdb6-86f5f14810ba","Methylation Beta Value","released","Methylation Array","2","38.0 - 45.0","TCGA-BRCA","aa73471a-c461-4a9b-84fb-60934936a6d5","released","8d798bd9-8095-4311-81aa-b6d02fe467b7","quay.io/ncigdc","SeSAMe Methylation Beta Estimation","9e258094ac9d4febe3721ceba25c1b8dbd1a27f8","Primary Tumor",NA,"TCGA-E2-A1B5","TCGA-E2-A1B5-01A"
"203721ec-aef7-41da-bb2b-08f585374dbe","TXT","TCGA-C8-A9FZ-01A-11D-A41Q-05","open","f1714837-e2d2-4ef8-a2e6-01c043f91561.methylation_array.sesame.level3betas.txt","1b975d7e-588a-4e6b-9164-6b632f576316","DNA Methylation","methylation_beta_value","Illumina Human Methylation 450",13109751,"2023-07-14T13:42:10.829209-05:00","4517c05cbc9790630abb05ce0397a1e5","2023-07-18T10:26:52.171766-05:00","203721ec-aef7-41da-bb2b-08f585374dbe","Methylation Beta Value","released","Methylation Array","2","38.0 - 45.0","TCGA-BRCA","620e2dd1-441d-4a7d-8bfb-98eb1bffaf19","released","f1714837-e2d2-4ef8-a2e6-01c043f91561","quay.io/ncigdc","SeSAMe Methylation Beta Estimation","f8ef9dc6375573fc05fee47b70278d89f79a4cd7","Primary Tumor",NA,"TCGA-C8-A9FZ","TCGA-C8-A9FZ-01A"
"fa826a54-e4ad-4edf-9374-07f4eee181f5","TXT","TCGA-E2-A1B0-01A-11D-A12R-05","open","6eaeaa1d-eb70-4ad1-8f3a-129f83ba1210.methylation_array.sesame.level3betas.txt","7e6d72f1-8764-47c1-b5cd-e01db01840f3","DNA Methylation","methylation_beta_value","Illumina Human Methylation 450",13134025,"2023-07-14T13:13:11.233028-05:00","095d260b3d07c5383cac971ae4dcbade","2023-07-18T10:26:35.705327-05:00","fa826a54-e4ad-4edf-9374-07f4eee181f5","Methylation Beta Value","released","Methylation Array","2","38.0 - 45.0","TCGA-BRCA","6e250c0e-1962-42a9-b5b1-b0378791b403","released","6eaeaa1d-eb70-4ad1-8f3a-129f83ba1210","quay.io/ncigdc","SeSAMe Methylation Beta Estimation","f8ef9dc6375573fc05fee47b70278d89f79a4cd7","Primary Tumor",NA,"TCGA-E2-A1B0","TCGA-E2-A1B0-01A"
"aa0eb735-d6e3-44f9-a4f9-f4ecefb8c569","TXT","TCGA-E2-A14N-01A-31D-A138-05","open","c430c2bc-2277-4227-a2b6-667099f2e619.methylation_array.sesame.level3betas.txt","a0f42b2a-bd03-422c-9465-476e1e9928a5","DNA Methylation","methylation_beta_value","Illumina Human Methylation 450",13079128,"2023-07-14T13:25:25.345440-05:00","013f6424b74522ce3102eff5fab5bdb1","2023-07-18T10:26:44.064964-05:00","aa0eb735-d6e3-44f9-a4f9-f4ecefb8c569","Methylation Beta Value","released","Methylation Array","2","38.0 - 45.0","TCGA-BRCA","0c79da91-56ae-431e-a449-32368a506407","released","c430c2bc-2277-4227-a2b6-667099f2e619","quay.io/ncigdc","SeSAMe Methylation Beta Estimation","f8ef9dc6375573fc05fee47b70278d89f79a4cd7","Primary Tumor",NA,"TCGA-E2-A14N","TCGA-E2-A14N-01A"
"81e2cfd6-941f-444d-bcca-521ba5e8a7a6","TXT","TCGA-E2-A10C-01A-21D-A10N-05","open","4028f62d-550a-49b3-869a-355f1f6c6cca.methylation_array.sesame.level3betas.txt","d1e3f5f6-a414-486b-9701-368ed3d85df7","DNA Methylation","methylation_beta_value","Illumina Human Methylation 450",12749551,"2023-07-14T13:20:59.185767-05:00","c9ab5f148b7768a9e0ccd51392a0f6c7","2023-07-18T10:27:00.290957-05:00","81e2cfd6-941f-444d-bcca-521ba5e8a7a6","Methylation Beta Value","released","Methylation Array","2","38.0 - 45.0","TCGA-BRCA","edf5de53-f98b-46d0-9125-7cb2b7477240","released","4028f62d-550a-49b3-869a-355f1f6c6cca","quay.io/ncigdc","SeSAMe Methylation Beta Estimation","f8ef9dc6375573fc05fee47b70278d89f79a4cd7","Primary Tumor",NA,"TCGA-E2-A10C","TCGA-E2-A10C-01A"
"37c07f46-f5e7-4f87-a92b-b61c1ae52eed","TXT","TCGA-B6-A0RG-01A-11D-A10P-05","open","9803ac9c-d4a6-42ed-8e31-7a7b813030f8.methylation_array.sesame.level3betas.txt","7ce7e098-a356-4c1c-bc48-a6e3529d7e84","DNA Methylation","methylation_beta_value","Illumina Human Methylation 450",12941591,"2023-07-14T13:34:18.486174-05:00","e512a92b7673d64296931d6dc159fd44","2023-07-18T10:25:16.042255-05:00","37c07f46-f5e7-4f87-a92b-b61c1ae52eed","Methylation Beta Value","released","Methylation Array","2","38.0 - 45.0","TCGA-BRCA","b928ba84-ec70-4800-899d-7958d1d19671","released","9803ac9c-d4a6-42ed-8e31-7a7b813030f8","quay.io/ncigdc","SeSAMe Methylation Beta Estimation","f8ef9dc6375573fc05fee47b70278d89f79a4cd7","Primary Tumor",NA,"TCGA-B6-A0RG","TCGA-B6-A0RG-01A"
"13562f76-f96d-4d07-921d-145a0d339a2d","TXT","TCGA-E9-A24A-01A-11D-A16A-05","open","3bacf66d-0a60-438a-811c-0163cc508d7e.methylation_array.sesame.level3betas.txt","1a599987-796b-4022-8e68-17c371235c15","DNA Methylation","methylation_beta_value","Illumina Human Methylation 450",13194288,"2023-07-14T13:30:20.571230-05:00","018c40d395e83ecf06f468fcc919fd94","2023-07-18T10:25:42.029677-05:00","13562f76-f96d-4d07-921d-145a0d339a2d","Methylation Beta Value","released","Methylation Array","2","38.0 - 45.0","TCGA-BRCA","6105079c-c81d-4931-b6f2-1b314266f97d","released","3bacf66d-0a60-438a-811c-0163cc508d7e","quay.io/ncigdc","SeSAMe Methylation Beta Estimation","f8ef9dc6375573fc05fee47b70278d89f79a4cd7","Primary Tumor",NA,"TCGA-E9-A24A","TCGA-E9-A24A-01A"
"5a28ab87-b8af-4db3-a8f1-b7c8a3ecf0ca","TXT","TCGA-BH-A1EW-11B-33D-A138-05","open","4af95eed-bfde-42c1-8e5f-d2aefa7bc55b.methylation_array.sesame.level3betas.txt","2c90c529-496b-42ca-ac16-39a5bf41624d","DNA Methylation","methylation_beta_value","Illumina Human Methylation 450",12962597,"2023-07-14T13:23:34.699981-05:00","976ba30ce1f4ade3c7ccc477ba65a4cb","2023-07-18T10:26:27.424066-05:00","5a28ab87-b8af-4db3-a8f1-b7c8a3ecf0ca","Methylation Beta Value","released","Methylation Array","2","38.0 - 45.0","TCGA-BRCA","db7e1d4b-0604-416b-8523-69a417ee0d95","released","4af95eed-bfde-42c1-8e5f-d2aefa7bc55b","quay.io/ncigdc","SeSAMe Methylation Beta Estimation","f8ef9dc6375573fc05fee47b70278d89f79a4cd7","Solid Tissue Normal",NA,"TCGA-BH-A1EW","TCGA-BH-A1EW-11B"
"363ee76a-fd91-4826-b8e6-4ca269f89ae4","TXT","TCGA-PL-A8LY-01A-11D-A41Q-05","open","163799b6-69de-48d8-87f6-59952ffbe9c0.methylation_array.sesame.level3betas.txt","3859893d-84e4-4541-97c1-ade5e0b53c5e","DNA Methylation","methylation_beta_value","Illumina Human Methylation 450",13166602,"2023-07-14T13:29:36.862861-05:00","f2039c02c9a27ac1c9a20049e604094f","2023-07-18T10:26:20.846195-05:00","363ee76a-fd91-4826-b8e6-4ca269f89ae4","Methylation Beta Value","released","Methylation Array","2","38.0 - 45.0","TCGA-BRCA","abd938e1-7023-4a76-8cf4-b3c9a9825dd4","released","163799b6-69de-48d8-87f6-59952ffbe9c0","quay.io/ncigdc","SeSAMe Methylation Beta Estimation","9e258094ac9d4febe3721ceba25c1b8dbd1a27f8","Primary Tumor",NA,"TCGA-PL-A8LY","TCGA-PL-A8LY-01A"
"29b93ccb-60c6-4639-bf3f-a6a4b35aa590","TXT","TCGA-D8-A27E-01A-11D-A16G-05","open","c650bc79-8d29-4c3e-9ec6-6fbc7aba838a.methylation_array.sesame.level3betas.txt","2295b289-8800-4efd-a9bd-d1db1f825a69","DNA Methylation","methylation_beta_value","Illumina Human Methylation 450",13167749,"2023-07-14T13:17:00.729933-05:00","5898e9ec4edc12790ccaea58db51c189","2023-07-18T10:27:32.019365-05:00","29b93ccb-60c6-4639-bf3f-a6a4b35aa590","Methylation Beta Value","released","Methylation Array","2","38.0 - 45.0","TCGA-BRCA","12197f7f-1d47-4189-affc-edfcb48c4f72","released","c650bc79-8d29-4c3e-9ec6-6fbc7aba838a","quay.io/ncigdc","SeSAMe Methylation Beta Estimation","dc9467b78cf538a0430cd4027dc5092f77d47e20","Primary Tumor",NA,"TCGA-D8-A27E","TCGA-D8-A27E-01A"
"35a63163-bbe2-4a66-ba5c-b163ca0fc27a","TXT","TCGA-BH-A1F2-11A-32D-A13T-05","open","7b85879d-8c51-496b-8386-f84ecc9eb4ff.methylation_array.sesame.level3betas.txt","2e6db459-e601-4e13-89b8-c99b190ec5e9","DNA Methylation","methylation_beta_value","Illumina Human Methylation 450",13197475,"2023-07-14T13:40:01.463775-05:00","64735e53dab8f858faa28b9b28bae5a6","2023-07-18T10:25:52.385176-05:00","35a63163-bbe2-4a66-ba5c-b163ca0fc27a","Methylation Beta Value","released","Methylation Array","2","38.0 - 45.0","TCGA-BRCA","e8c919b0-72f0-4701-962b-10962e8726b7","released","7b85879d-8c51-496b-8386-f84ecc9eb4ff","quay.io/ncigdc","SeSAMe Methylation Beta Estimation","f8ef9dc6375573fc05fee47b70278d89f79a4cd7","Solid Tissue Normal",NA,"TCGA-BH-A1F2","TCGA-BH-A1F2-11A"
"5fda2734-0e17-4e4e-abd2-491f55aa3b37","TXT","TCGA-A7-A26J-01A-11D-A27B-05","open","06070786-4f18-4ebd-afdc-837af04198b5.methylation_array.sesame.level3betas.txt","64286a09-18fb-469b-8fd8-20d5965720c9","DNA Methylation","methylation_beta_value","Illumina Human Methylation 450",13025401,"2023-07-14T13:14:55.804516-05:00","0b1b8d80558171b3f55862bcb82d21ed","2023-07-18T10:27:18.641533-05:00","5fda2734-0e17-4e4e-abd2-491f55aa3b37","Methylation Beta Value","released","Methylation Array","2","38.0 - 45.0","TCGA-BRCA","831e758b-e079-44cf-8dbd-1aa8e05f6080","released","06070786-4f18-4ebd-afdc-837af04198b5","quay.io/ncigdc","SeSAMe Methylation Beta Estimation","dc9467b78cf538a0430cd4027dc5092f77d47e20","Primary Tumor",NA,"TCGA-A7-A26J","TCGA-A7-A26J-01A"
"5b777edb-e0fa-489b-a8a1-bbd94ee2863b","TXT","TCGA-A7-A26J-01B-02D-A27B-05","open","8f009c0c-5f4a-453e-8f09-5576a11c2462.methylation_array.sesame.level3betas.txt","473343da-2f20-4465-a8e2-5abf3399c60c","DNA Methylation","methylation_beta_value","Illumina Human Methylation 450",13042753,"2023-07-14T13:32:54.465837-05:00","6ca5619a7ca59d220c9b840d05877f59","2023-07-18T10:26:01.465118-05:00","5b777edb-e0fa-489b-a8a1-bbd94ee2863b","Methylation Beta Value","released","Methylation Array","2","38.0 - 45.0","TCGA-BRCA","b925107d-86ed-44a0-8470-ba6b37da478a","released","8f009c0c-5f4a-453e-8f09-5576a11c2462","quay.io/ncigdc","SeSAMe Methylation Beta Estimation","f8ef9dc6375573fc05fee47b70278d89f79a4cd7","Primary Tumor",NA,"TCGA-A7-A26J","TCGA-A7-A26J-01B"
"f426a67e-faff-4cdc-b7d1-a440be478b60","TXT","TCGA-C8-A8HQ-01A-11D-A36K-05","open","edd37da2-cdb9-4476-847b-61b1f2d6e166.methylation_array.sesame.level3betas.txt","d98200e9-0522-4973-ba0e-ef3af9e4ba65","DNA Methylation","methylation_beta_value","Illumina Human Methylation 450",13010931,"2023-07-14T13:26:07.602355-05:00","96c010e782f9bf9528d5db10b326ce1c","2023-07-18T10:24:37.246355-05:00","f426a67e-faff-4cdc-b7d1-a440be478b60","Methylation Beta Value","released","Methylation Array","2","38.0 - 45.0","TCGA-BRCA","a2e9354d-d92e-473b-badc-7cbf358f1fac","released","edd37da2-cdb9-4476-847b-61b1f2d6e166","quay.io/ncigdc","SeSAMe Methylation Beta Estimation","9e258094ac9d4febe3721ceba25c1b8dbd1a27f8","Primary Tumor",NA,"TCGA-C8-A8HQ","TCGA-C8-A8HQ-01A"
"4b0363ed-66f0-41f2-93e0-9e4835c41749","TXT","TCGA-AC-A3TM-01A-11D-A22B-05","open","f1fd6980-0dce-47ea-893d-47c65502a2c7.methylation_array.sesame.level3betas.txt","a3fecd24-46e8-4c0f-8ed5-647e0c3129fe","DNA Methylation","methylation_beta_value","Illumina Human Methylation 450",13191078,"2023-07-14T13:32:10.463213-05:00","8498b2d18f5e2f9f1569ae210bd9d019","2023-07-18T10:27:31.181449-05:00","4b0363ed-66f0-41f2-93e0-9e4835c41749","Methylation Beta Value","released","Methylation Array","2","38.0 - 45.0","TCGA-BRCA","eb232dd1-9b59-438d-83ca-181fa4f9cfb8","released","f1fd6980-0dce-47ea-893d-47c65502a2c7","quay.io/ncigdc","SeSAMe Methylation Beta Estimation","f8ef9dc6375573fc05fee47b70278d89f79a4cd7","Primary Tumor",NA,"TCGA-AC-A3TM","TCGA-AC-A3TM-01A"
"d10b4a49-9a8d-4b37-bfb7-140ab04798ae","TXT","TCGA-A7-A0DC-11A-41D-A10Q-05","open","c2ab5465-6a15-4122-8100-f40b5af388e9.methylation_array.sesame.level3betas.txt","dd86eb90-d0db-443c-9456-3e508d9a8423","DNA Methylation","methylation_beta_value","Illumina Human Methylation 450",12971140,"2023-07-14T13:16:35.420545-05:00","fa38462fce3a1b303ee9f2b84f38517b","2023-07-18T10:27:12.999754-05:00","d10b4a49-9a8d-4b37-bfb7-140ab04798ae","Methylation Beta Value","released","Methylation Array","2","38.0 - 45.0","TCGA-BRCA","9a45b5d2-0d14-46fc-93ce-1ac0f5193c1e","released","c2ab5465-6a15-4122-8100-f40b5af388e9","quay.io/ncigdc","SeSAMe Methylation Beta Estimation","f8ef9dc6375573fc05fee47b70278d89f79a4cd7","Solid Tissue Normal",NA,"TCGA-A7-A0DC","TCGA-A7-A0DC-11A"
"f94233d4-2768-413d-a3d5-03e6061b2e5a","TXT","TCGA-A7-A0DC-01B-04D-A22R-05","open","727d2856-09cb-4131-9052-f3cd85136cef.methylation_array.sesame.level3betas.txt","7a3c8df7-b204-433e-b304-b7f6d769d8ba","DNA Methylation","methylation_beta_value","Illumina Human Methylation 450",13091069,"2023-07-14T13:13:13.117123-05:00","dfa164788df8afc1932ce4b3d94184f4","2023-07-18T10:27:25.312235-05:00","f94233d4-2768-413d-a3d5-03e6061b2e5a","Methylation Beta Value","released","Methylation Array","2","38.0 - 45.0","TCGA-BRCA","59ad6ad9-47cf-460f-b22a-55624d20b520","released","727d2856-09cb-4131-9052-f3cd85136cef","quay.io/ncigdc","SeSAMe Methylation Beta Estimation","dc9467b78cf538a0430cd4027dc5092f77d47e20","Primary Tumor",NA,"TCGA-A7-A0DC","TCGA-A7-A0DC-01B"
"7521fbeb-1eeb-40d8-a144-43b7d9e07685","TXT","TCGA-LL-A6FP-01A-11D-A31V-05","open","d9a51484-0d7f-423c-a3b2-93df9ce5da76.methylation_array.sesame.level3betas.txt","43531e65-6cb1-44af-878c-ca18c045f3cb","DNA Methylation","methylation_beta_value","Illumina Human Methylation 450",12939050,"2023-07-14T13:30:24.246176-05:00","90dfdee8cf569e588d4deda435a42d18","2023-07-18T10:26:24.424217-05:00","7521fbeb-1eeb-40d8-a144-43b7d9e07685","Methylation Beta Value","released","Methylation Array","2","38.0 - 45.0","TCGA-BRCA","4a4216f0-8678-40f5-a706-06b63a49d5ac","released","d9a51484-0d7f-423c-a3b2-93df9ce5da76","quay.io/ncigdc","SeSAMe Methylation Beta Estimation","f8ef9dc6375573fc05fee47b70278d89f79a4cd7","Primary Tumor",NA,"TCGA-LL-A6FP","TCGA-LL-A6FP-01A"
"13870ed6-1144-4e01-b385-2ac750ce06eb","TXT","TCGA-C8-A1HO-01A-11D-A13K-05","open","29644452-cc56-4895-a959-c7a1c344444a.methylation_array.sesame.level3betas.txt","8805cb59-2b6f-4ecb-93c2-c6fe12aa1fa1","DNA Methylation","methylation_beta_value","Illumina Human Methylation 450",13134880,"2023-07-14T13:09:35.280473-05:00","f04c2050495d2139de703d9805b38601","2023-07-18T10:26:59.870996-05:00","13870ed6-1144-4e01-b385-2ac750ce06eb","Methylation Beta Value","released","Methylation Array","2","38.0 - 45.0","TCGA-BRCA","684b3d86-ac2f-4d68-9bc9-a81cb65f7664","released","29644452-cc56-4895-a959-c7a1c344444a","quay.io/ncigdc","SeSAMe Methylation Beta Estimation","dc9467b78cf538a0430cd4027dc5092f77d47e20","Primary Tumor",NA,"TCGA-C8-A1HO","TCGA-C8-A1HO-01A"
"179d38c0-75ff-4197-b785-98c3d145331a","TXT","TCGA-B6-A1KC-01A-11D-A13K-05","open","9bc2055b-86f4-4ab7-80db-568b8d65b9f3.methylation_array.sesame.level3betas.txt","3b126434-7a36-49c3-9550-ba06846528f8","DNA Methylation","methylation_beta_value","Illumina Human Methylation 450",13147065,"2023-07-14T13:21:51.302653-05:00","fee57e38943fc9a6412cc3dbb362428c","2023-07-18T10:27:19.637761-05:00","179d38c0-75ff-4197-b785-98c3d145331a","Methylation Beta Value","released","Methylation Array","2","38.0 - 45.0","TCGA-BRCA","449a46bd-1406-4bd8-b11a-2bfcf822919b","released","9bc2055b-86f4-4ab7-80db-568b8d65b9f3","quay.io/ncigdc","SeSAMe Methylation Beta Estimation","dc9467b78cf538a0430cd4027dc5092f77d47e20","Primary Tumor",NA,"TCGA-B6-A1KC","TCGA-B6-A1KC-01A"
"e581cccc-8d68-42db-bfc3-a996c5431c28","TXT","TCGA-C8-A1HI-01A-11D-A138-05","open","f7e81ca6-5c0e-4fc1-bdcf-9ddc0749fd01.methylation_array.sesame.level3betas.txt","bfe1372d-5901-4aed-a06b-274b2ce7e51f","DNA Methylation","methylation_beta_value","Illumina Human Methylation 450",13066124,"2023-07-14T13:41:52.484983-05:00","d131b68f27aadcd5029b5b8719bc3ec3","2023-07-18T10:26:46.256611-05:00","e581cccc-8d68-42db-bfc3-a996c5431c28","Methylation Beta Value","released","Methylation Array","2","38.0 - 45.0","TCGA-BRCA","d2692543-dabe-46a0-8b4d-f55f4b49cd96","released","f7e81ca6-5c0e-4fc1-bdcf-9ddc0749fd01","quay.io/ncigdc","SeSAMe Methylation Beta Estimation","f8ef9dc6375573fc05fee47b70278d89f79a4cd7","Primary Tumor",NA,"TCGA-C8-A1HI","TCGA-C8-A1HI-01A"
"316859ab-f97a-4dbb-9bad-fb831ae9e8ea","TXT","TCGA-AO-A0JI-01A-21D-A10P-05","open","cb3b3878-adfb-41e0-9f1a-971f38df16dd.methylation_array.sesame.level3betas.txt","2f7f6a5b-97c1-434b-85e9-ce236d1b3776","DNA Methylation","methylation_beta_value","Illumina Human Methylation 450",12886301,"2023-07-14T13:41:39.189242-05:00","f13c9ea3b15184210cd8a33d6998ce0e","2023-07-18T10:26:57.253874-05:00","316859ab-f97a-4dbb-9bad-fb831ae9e8ea","Methylation Beta Value","released","Methylation Array","2","38.0 - 45.0","TCGA-BRCA","8135407c-0969-404e-a0a4-694a0929381c","released","cb3b3878-adfb-41e0-9f1a-971f38df16dd","quay.io/ncigdc","SeSAMe Methylation Beta Estimation","dc9467b78cf538a0430cd4027dc5092f77d47e20","Primary Tumor",NA,"TCGA-AO-A0JI","TCGA-AO-A0JI-01A"
"cbb1f6a4-d24b-491f-be84-fb9a99acf2bf","TXT","TCGA-BH-A0C0-01A-21D-A10P-05","open","435578b0-5e1b-4c59-bc82-5020c98775c2.methylation_array.sesame.level3betas.txt","9ba9728e-eb3f-44fa-ba38-bd837f17295d","DNA Methylation","methylation_beta_value","Illumina Human Methylation 450",12872537,"2023-07-14T13:15:10.772530-05:00","922394b8ca9b8f0f52642e40bd0bd120","2023-07-18T10:26:04.110836-05:00","cbb1f6a4-d24b-491f-be84-fb9a99acf2bf","Methylation Beta Value","released","Methylation Array","2","38.0 - 45.0","TCGA-BRCA","c6257566-24b4-4b72-bc71-afa7ea1cf991","released","435578b0-5e1b-4c59-bc82-5020c98775c2","quay.io/ncigdc","SeSAMe Methylation Beta Estimation","f8ef9dc6375573fc05fee47b70278d89f79a4cd7","Primary Tumor",NA,"TCGA-BH-A0C0","TCGA-BH-A0C0-01A"
"af1b0625-b635-4628-8091-6c0f5f72550f","TXT","TCGA-AC-A2QH-01B-04D-A22R-05","open","f2a6ab54-ed90-483c-9258-2ed63537bbd1.methylation_array.sesame.level3betas.txt","f103b29c-363d-408f-88b5-e36e08e1b5f0","DNA Methylation","methylation_beta_value","Illumina Human Methylation 450",13093857,"2023-07-14T13:43:32.546089-05:00","2390e0b1d2720414c5e6a7c847c2c839","2023-07-18T10:25:49.870485-05:00","af1b0625-b635-4628-8091-6c0f5f72550f","Methylation Beta Value","released","Methylation Array","2","38.0 - 45.0","TCGA-BRCA","0cd68225-9b7a-4d76-81bf-8f8ccfefb37a","released","f2a6ab54-ed90-483c-9258-2ed63537bbd1","quay.io/ncigdc","SeSAMe Methylation Beta Estimation","f8ef9dc6375573fc05fee47b70278d89f79a4cd7","Primary Tumor",NA,"TCGA-AC-A2QH","TCGA-AC-A2QH-01B"
"ef6d0380-24ce-431e-8728-d9b2a416cf4e","TXT","TCGA-AN-A0XW-01A-11D-A10A-05","open","50ab9ba6-b3c8-460d-818a-a8b5c20ddf3b.methylation_array.sesame.level3betas.txt","4f6d23f7-b456-4395-9353-b7dd0ca09eea","DNA Methylation","methylation_beta_value","Illumina Human Methylation 450",12781655,"2023-07-14T13:12:15.794112-05:00","e4826e4847574fa5648aa3284f8c67d7","2023-07-18T10:27:16.800823-05:00","ef6d0380-24ce-431e-8728-d9b2a416cf4e","Methylation Beta Value","released","Methylation Array","2","38.0 - 45.0","TCGA-BRCA","7ff59597-b4b0-4592-bf32-c9079fb20ee9","released","50ab9ba6-b3c8-460d-818a-a8b5c20ddf3b","quay.io/ncigdc","SeSAMe Methylation Beta Estimation","dc9467b78cf538a0430cd4027dc5092f77d47e20","Primary Tumor",NA,"TCGA-AN-A0XW","TCGA-AN-A0XW-01A"
"a92da7f3-a88b-466d-9442-af72d0284722","TXT","TCGA-AC-A8OP-01A-11D-A36K-05","open","82978eff-30b4-48a0-8806-78d3d8f7ad70.methylation_array.sesame.level3betas.txt","99fc014c-ffd0-4259-981b-abdf0d234415","DNA Methylation","methylation_beta_value","Illumina Human Methylation 450",13023620,"2023-07-14T13:23:45.667801-05:00","55074963c72b949209c929ba3d663187","2023-07-18T10:27:31.595489-05:00","a92da7f3-a88b-466d-9442-af72d0284722","Methylation Beta Value","released","Methylation Array","2","38.0 - 45.0","TCGA-BRCA","f851a9b1-2aa9-45b4-8aee-3a71f5a8fdc1","released","82978eff-30b4-48a0-8806-78d3d8f7ad70","quay.io/ncigdc","SeSAMe Methylation Beta Estimation","dc9467b78cf538a0430cd4027dc5092f77d47e20","Primary Tumor",NA,"TCGA-AC-A8OP","TCGA-AC-A8OP-01A"
"44d19884-f88d-4c7a-949e-20559e1b4d06","TXT","TCGA-E2-A1LI-11A-23D-A161-05","open","18390c1e-988e-4f73-a070-a5801d35fe85.methylation_array.sesame.level3betas.txt","6784d38d-149a-4f9c-bdc1-a3fc7c2f2a75","DNA Methylation","methylation_beta_value","Illumina Human Methylation 450",13158306,"2023-07-14T13:16:33.612197-05:00","943f57d997531a6d4a0ca981defecaa1","2023-07-18T10:25:42.572282-05:00","44d19884-f88d-4c7a-949e-20559e1b4d06","Methylation Beta Value","released","Methylation Array","2","38.0 - 45.0","TCGA-BRCA","3917aba7-dc97-4e21-891c-2ce4964519a4","released","18390c1e-988e-4f73-a070-a5801d35fe85","quay.io/ncigdc","SeSAMe Methylation Beta Estimation","f8ef9dc6375573fc05fee47b70278d89f79a4cd7","Solid Tissue Normal",NA,"TCGA-E2-A1LI","TCGA-E2-A1LI-11A"
"e98d9db8-35d7-42c1-880b-fe4f8297265d","TXT","TCGA-LL-A442-01A-11D-A244-05","open","d1ed45d1-f095-4a81-a71a-9326f5cd1b36.methylation_array.sesame.level3betas.txt","854e18fa-756d-4e97-b06c-7e5dc331972b","DNA Methylation","methylation_beta_value","Illumina Human Methylation 450",13183420,"2023-07-14T13:13:29.624778-05:00","4078ac674a1cde2fefc89ba61de61e3d","2023-07-18T10:26:11.253633-05:00","e98d9db8-35d7-42c1-880b-fe4f8297265d","Methylation Beta Value","released","Methylation Array","2","38.0 - 45.0","TCGA-BRCA","d14572c1-e189-4e42-bbf0-ee317bc6cf42","released","d1ed45d1-f095-4a81-a71a-9326f5cd1b36","quay.io/ncigdc","SeSAMe Methylation Beta Estimation","9e258094ac9d4febe3721ceba25c1b8dbd1a27f8","Primary Tumor",NA,"TCGA-LL-A442","TCGA-LL-A442-01A"
"8b93cab7-cd23-4ed8-8ba5-aa627f8a5834","TXT","TCGA-D8-A1XR-01A-11D-A14N-05","open","2df1fa7b-f792-4d16-aa95-b0ed80222b9b.methylation_array.sesame.level3betas.txt","32457f64-9154-416e-8c72-f161f00cdc69","DNA Methylation","methylation_beta_value","Illumina Human Methylation 450",13109567,"2023-07-14T13:28:34.838842-05:00","b9de5aa9a41add9f39bf9cadb03a7ff6","2023-07-18T10:27:20.493566-05:00","8b93cab7-cd23-4ed8-8ba5-aa627f8a5834","Methylation Beta Value","released","Methylation Array","2","38.0 - 45.0","TCGA-BRCA","49a03107-078e-4d28-86ae-9bb43c5cec43","released","2df1fa7b-f792-4d16-aa95-b0ed80222b9b","quay.io/ncigdc","SeSAMe Methylation Beta Estimation","dc9467b78cf538a0430cd4027dc5092f77d47e20","Primary Tumor",NA,"TCGA-D8-A1XR","TCGA-D8-A1XR-01A"
"1acce3b4-b845-4bf6-8ef4-ff41f8c621fb","TXT","TCGA-A2-A0SV-01A-11D-A10P-05","open","147ce471-adc9-4579-8088-c3f370bcbec0.methylation_array.sesame.level3betas.txt","9e4950c9-a109-4aef-aeac-ca960641a574","DNA Methylation","methylation_beta_value","Illumina Human Methylation 450",12986788,"2023-07-14T13:13:16.830946-05:00","ed0dfc5417d7f3162d75fdb484ff1b39","2023-07-18T10:26:57.378172-05:00","1acce3b4-b845-4bf6-8ef4-ff41f8c621fb","Methylation Beta Value","released","Methylation Array","2","38.0 - 45.0","TCGA-BRCA","af61e70c-af49-4938-8611-892695d4b90a","released","147ce471-adc9-4579-8088-c3f370bcbec0","quay.io/ncigdc","SeSAMe Methylation Beta Estimation","dc9467b78cf538a0430cd4027dc5092f77d47e20","Primary Tumor",NA,"TCGA-A2-A0SV","TCGA-A2-A0SV-01A"
"a9d2a2d2-0fde-4402-b846-0cd706cd696f","TXT","TCGA-3C-AAAU-01A-11D-A41Q-05","open","c9898911-dbb4-4e99-b6ea-a7a2411fbd4a.methylation_array.sesame.level3betas.txt","867a328a-b954-4ff2-91d9-53015d861d3f","DNA Methylation","methylation_beta_value","Illumina Human Methylation 450",13079096,"2023-07-14T13:20:05.035309-05:00","d48828d87aecc376f67061c0f28a04ac","2023-07-18T10:25:26.702679-05:00","a9d2a2d2-0fde-4402-b846-0cd706cd696f","Methylation Beta Value","released","Methylation Array","2","38.0 - 45.0","TCGA-BRCA","f881402b-c62f-490b-8c9f-02a3900ba7a2","released","c9898911-dbb4-4e99-b6ea-a7a2411fbd4a","quay.io/ncigdc","SeSAMe Methylation Beta Estimation","f8ef9dc6375573fc05fee47b70278d89f79a4cd7","Primary Tumor",NA,"TCGA-3C-AAAU","TCGA-3C-AAAU-01A"
"89face31-14da-48fc-a5f5-5479f9e825a7","TXT","TCGA-D8-A1XB-01A-11D-A14H-05","open","3937670b-62c1-4b7c-b32f-69f9d5c673e1.methylation_array.sesame.level3betas.txt","15455cdd-aa72-4fb8-a420-7db6edb361c6","DNA Methylation","methylation_beta_value","Illumina Human Methylation 450",13144531,"2023-07-14T13:14:26.642259-05:00","5e2622219dce6fa652eb8dd15b5771ce","2023-07-18T10:26:11.104180-05:00","89face31-14da-48fc-a5f5-5479f9e825a7","Methylation Beta Value","released","Methylation Array","2","38.0 - 45.0","TCGA-BRCA","b4e1d9d6-3f5b-4997-baa8-16db695f2026","released","3937670b-62c1-4b7c-b32f-69f9d5c673e1","quay.io/ncigdc","SeSAMe Methylation Beta Estimation","9e258094ac9d4febe3721ceba25c1b8dbd1a27f8","Primary Tumor",NA,"TCGA-D8-A1XB","TCGA-D8-A1XB-01A"
"cc9a21ff-aae2-4ad9-8ed1-f7f8e16ae962","TXT","TCGA-BH-A1FD-01A-11D-A13K-05","open","f9fe6e9e-a4ab-47b3-8af3-f851d0303a3e.methylation_array.sesame.level3betas.txt","ec0de98b-bf99-4ea8-b42a-4271cb70897e","DNA Methylation","methylation_beta_value","Illumina Human Methylation 450",13076269,"2023-07-14T13:20:29.905041-05:00","c5e1ced9bc800caa14b92d90eda6e2bb","2023-07-18T10:27:21.045406-05:00","cc9a21ff-aae2-4ad9-8ed1-f7f8e16ae962","Methylation Beta Value","released","Methylation Array","2","38.0 - 45.0","TCGA-BRCA","9a97c368-d3dc-4bae-a182-ffaf70acda1d","released","f9fe6e9e-a4ab-47b3-8af3-f851d0303a3e","quay.io/ncigdc","SeSAMe Methylation Beta Estimation","dc9467b78cf538a0430cd4027dc5092f77d47e20","Primary Tumor",NA,"TCGA-BH-A1FD","TCGA-BH-A1FD-01A"
"f746a575-e8ac-40fb-b7b7-3f03cbdce8ce","TXT","TCGA-B6-A0X5-01A-21D-A10A-05","open","6314d1f5-21d4-4268-ae22-93eec57cd6d5.methylation_array.sesame.level3betas.txt","cefb4b59-5002-4ae7-b008-68ca69644929","DNA Methylation","methylation_beta_value","Illumina Human Methylation 450",12892017,"2023-07-14T13:29:40.641514-05:00","66233c01d24f1ee3f537105149ee116d","2023-07-18T10:26:13.060973-05:00","f746a575-e8ac-40fb-b7b7-3f03cbdce8ce","Methylation Beta Value","released","Methylation Array","2","38.0 - 45.0","TCGA-BRCA","5ed24e17-b0fd-44be-bac0-066df8f17cc5","released","6314d1f5-21d4-4268-ae22-93eec57cd6d5","quay.io/ncigdc","SeSAMe Methylation Beta Estimation","9e258094ac9d4febe3721ceba25c1b8dbd1a27f8","Primary Tumor",NA,"TCGA-B6-A0X5","TCGA-B6-A0X5-01A"
"2b7f1ad6-755b-4be0-a93c-6d2b921458c1","TXT","TCGA-A2-A0EP-01A-52D-A230-05","open","5e343950-561c-411c-8c2a-68606c32e5a4.methylation_array.sesame.level3betas.txt","867c4362-4df1-449e-9f72-12eafb830d30","DNA Methylation","methylation_beta_value","Illumina Human Methylation 450",13099545,"2023-07-14T13:45:08.718162-05:00","331829d4f1bb2b76ee50e0ddeb35c5a2","2023-07-18T10:26:16.405403-05:00","2b7f1ad6-755b-4be0-a93c-6d2b921458c1","Methylation Beta Value","released","Methylation Array","2","38.0 - 45.0","TCGA-BRCA","8dc51f43-6236-4952-bc6e-5fe473f77d34","released","5e343950-561c-411c-8c2a-68606c32e5a4","quay.io/ncigdc","SeSAMe Methylation Beta Estimation","f8ef9dc6375573fc05fee47b70278d89f79a4cd7","Primary Tumor",NA,"TCGA-A2-A0EP","TCGA-A2-A0EP-01A"
"cf7a2606-ddbd-4ffc-a2af-7af7c5fd1ed4","TXT","TCGA-BH-A0BS-01A-11D-A12R-05","open","d0494cac-36fe-4668-9b79-83a748392539.methylation_array.sesame.level3betas.txt","e6f16599-4984-4ca5-9a5f-c014d8778e43","DNA Methylation","methylation_beta_value","Illumina Human Methylation 450",12919596,"2023-07-14T13:25:38.244300-05:00","ea02b3cc84b13e5bd9cd58c9baae120b","2023-07-18T10:26:17.486421-05:00","cf7a2606-ddbd-4ffc-a2af-7af7c5fd1ed4","Methylation Beta Value","released","Methylation Array","2","38.0 - 45.0","TCGA-BRCA","79dae4e6-4d0f-4bb4-9325-c86f0e6848f9","released","d0494cac-36fe-4668-9b79-83a748392539","quay.io/ncigdc","SeSAMe Methylation Beta Estimation","f8ef9dc6375573fc05fee47b70278d89f79a4cd7","Primary Tumor",NA,"TCGA-BH-A0BS","TCGA-BH-A0BS-01A"
"ecd24ef9-d0f1-4e07-ae5b-c731f605d66a","TXT","TCGA-E2-A572-01A-13D-A31V-05","open","228e17a9-9761-4dd2-9e99-775da7045ff1.methylation_array.sesame.level3betas.txt","8521e31b-e2da-4b0c-893a-ff6886648510","DNA Methylation","methylation_beta_value","Illumina Human Methylation 450",12984564,"2023-07-14T13:12:43.066710-05:00","b61b4e24b50c72ae8ed9164d27d733d1","2023-07-18T10:27:23.528535-05:00","ecd24ef9-d0f1-4e07-ae5b-c731f605d66a","Methylation Beta Value","released","Methylation Array","2","38.0 - 45.0","TCGA-BRCA","17f29160-ae4e-4925-a5ab-af3fc6d28c32","released","228e17a9-9761-4dd2-9e99-775da7045ff1","quay.io/ncigdc","SeSAMe Methylation Beta Estimation","f8ef9dc6375573fc05fee47b70278d89f79a4cd7","Primary Tumor",NA,"TCGA-E2-A572","TCGA-E2-A572-01A"
"e0e9b8cf-1a61-4cf6-a28e-7b7424635a84","TXT","TCGA-BH-A0DI-11A-32D-A12R-05","open","860733cb-1290-47c9-9fe8-4ea9d9ecc4a0.methylation_array.sesame.level3betas.txt","60551175-b7a7-42c4-a629-7ea9400fc637","DNA Methylation","methylation_beta_value","Illumina Human Methylation 450",13050440,"2023-07-14T13:40:36.866164-05:00","971c84ed3d7c0ca2c2b001fd0fddb530","2023-07-18T10:26:05.985049-05:00","e0e9b8cf-1a61-4cf6-a28e-7b7424635a84","Methylation Beta Value","released","Methylation Array","2","38.0 - 45.0","TCGA-BRCA","caa493d7-34c2-4036-bde8-133ec564d741","released","860733cb-1290-47c9-9fe8-4ea9d9ecc4a0","quay.io/ncigdc","SeSAMe Methylation Beta Estimation","9e258094ac9d4febe3721ceba25c1b8dbd1a27f8","Solid Tissue Normal",NA,"TCGA-BH-A0DI","TCGA-BH-A0DI-11A"
"e9cd5119-8b53-42cb-970c-5132b71a4249","TXT","TCGA-BH-A0DI-01A-21D-A12R-05","open","e633d9e7-3a6b-490a-b464-d5f74478d90d.methylation_array.sesame.level3betas.txt","42257832-fc12-4b67-bd91-8a39e43e389b","DNA Methylation","methylation_beta_value","Illumina Human Methylation 450",13115596,"2023-07-14T13:44:30.364907-05:00","673152883fc59626fe311aa4227d5332","2023-07-18T10:26:27.824047-05:00","e9cd5119-8b53-42cb-970c-5132b71a4249","Methylation Beta Value","released","Methylation Array","2","38.0 - 45.0","TCGA-BRCA","48c8efdc-251e-4b9e-b424-5dea0b293936","released","e633d9e7-3a6b-490a-b464-d5f74478d90d","quay.io/ncigdc","SeSAMe Methylation Beta Estimation","dc9467b78cf538a0430cd4027dc5092f77d47e20","Primary Tumor",NA,"TCGA-BH-A0DI","TCGA-BH-A0DI-01A"
"a13119a3-1f05-43db-8ee0-e65a6f780b57","TXT","TCGA-BH-A0BM-11A-12D-A093-05","open","eeee00e8-27d0-4ead-9c99-d8d9a50d2dbc.methylation_array.sesame.level3betas.txt","12228ee0-ccb1-4e5e-95e4-bf561a85fca7","DNA Methylation","methylation_beta_value","Illumina Human Methylation 450",12875473,"2023-07-14T13:35:43.164740-05:00","1b28c4dd7cddc723bdf4cac469caca57","2023-07-18T10:26:05.019311-05:00","a13119a3-1f05-43db-8ee0-e65a6f780b57","Methylation Beta Value","released","Methylation Array","2","38.0 - 45.0","TCGA-BRCA","42b2becd-b9ed-4db3-b1fb-0c0b49d93956","released","eeee00e8-27d0-4ead-9c99-d8d9a50d2dbc","quay.io/ncigdc","SeSAMe Methylation Beta Estimation","dc9467b78cf538a0430cd4027dc5092f77d47e20","Solid Tissue Normal",NA,"TCGA-BH-A0BM","TCGA-BH-A0BM-11A"
"44baa7b7-3067-4f14-a750-ba0801ad17ea","TXT","TCGA-AR-A0TW-01A-11D-A10P-05","open","4f9415dd-e520-45f1-a659-55cb6554fc71.methylation_array.sesame.level3betas.txt","1fa36bd3-c88b-418f-bdce-e41892c249e8","DNA Methylation","methylation_beta_value","Illumina Human Methylation 450",12881256,"2023-07-14T13:31:00.187644-05:00","c957037b0f6cf5aa66923b62a5fe6e93","2023-07-18T10:26:42.519054-05:00","44baa7b7-3067-4f14-a750-ba0801ad17ea","Methylation Beta Value","released","Methylation Array","2","38.0 - 45.0","TCGA-BRCA","d20a09db-e215-4947-be95-61f6f51c6f5e","released","4f9415dd-e520-45f1-a659-55cb6554fc71","quay.io/ncigdc","SeSAMe Methylation Beta Estimation","dc9467b78cf538a0430cd4027dc5092f77d47e20","Primary Tumor",NA,"TCGA-AR-A0TW","TCGA-AR-A0TW-01A"
"063a41f4-6f50-424a-9cea-f94c5abf33fe","TXT","TCGA-B6-A0RM-01A-11D-A10P-05","open","8ad13ac2-cb63-4a69-8229-e5bef8411afe.methylation_array.sesame.level3betas.txt","43235e6f-cf8c-4e3a-9be2-be0dafbdf1cf","DNA Methylation","methylation_beta_value","Illumina Human Methylation 450",13033000,"2023-07-14T13:33:12.572690-05:00","6997faf01fd5c83a0188872e0b428863","2023-07-18T10:26:17.756530-05:00","063a41f4-6f50-424a-9cea-f94c5abf33fe","Methylation Beta Value","released","Methylation Array","2","38.0 - 45.0","TCGA-BRCA","30ba0e07-8d62-4ed2-96d0-0749243dead3","released","8ad13ac2-cb63-4a69-8229-e5bef8411afe","quay.io/ncigdc","SeSAMe Methylation Beta Estimation","9e258094ac9d4febe3721ceba25c1b8dbd1a27f8","Primary Tumor",NA,"TCGA-B6-A0RM","TCGA-B6-A0RM-01A"
"ed6f5903-29e5-443f-b402-9465a56e340e","TXT","TCGA-E9-A5UP-01A-11D-A28C-05","open","f54eb7f3-c9db-4ea3-bd32-225e3b863a7d.methylation_array.sesame.level3betas.txt","66300f9a-b83e-4d86-9bea-7d7ab7936747","DNA Methylation","methylation_beta_value","Illumina Human Methylation 450",13065108,"2023-07-14T13:08:50.314898-05:00","d52e3af8e127a5636eaf7ecab2f53198","2023-07-18T10:26:02.296016-05:00","ed6f5903-29e5-443f-b402-9465a56e340e","Methylation Beta Value","released","Methylation Array","2","38.0 - 45.0","TCGA-BRCA","03dd9383-5a7e-4604-a820-08ec394eb203","released","f54eb7f3-c9db-4ea3-bd32-225e3b863a7d","quay.io/ncigdc","SeSAMe Methylation Beta Estimation","dc9467b78cf538a0430cd4027dc5092f77d47e20","Primary Tumor",NA,"TCGA-E9-A5UP","TCGA-E9-A5UP-01A"
"d94c5293-407e-41b2-aad5-d51021459235","TXT","TCGA-E9-A1QZ-01A-21D-A16A-05","open","9573bb8e-3f1c-42e4-b3b2-aeaa778182c4.methylation_array.sesame.level3betas.txt","db0bc44f-249d-4a08-8ea7-0fa4aee08dfb","DNA Methylation","methylation_beta_value","Illumina Human Methylation 450",13163558,"2023-07-14T13:34:40.596542-05:00","94ee41060db049088e3d6c9ec478a27c","2023-07-18T10:27:10.809265-05:00","d94c5293-407e-41b2-aad5-d51021459235","Methylation Beta Value","released","Methylation Array","2","38.0 - 45.0","TCGA-BRCA","7ce57f3f-5c94-48f6-90e3-f0ff6a2c09f5","released","9573bb8e-3f1c-42e4-b3b2-aeaa778182c4","quay.io/ncigdc","SeSAMe Methylation Beta Estimation","f8ef9dc6375573fc05fee47b70278d89f79a4cd7","Primary Tumor",NA,"TCGA-E9-A1QZ","TCGA-E9-A1QZ-01A"
"6e0ef463-e4e2-4b73-9675-8ea812f4a96c","TXT","TCGA-C8-A278-01A-11D-A16A-05","open","3fd77df6-2b96-4c53-b14d-9a4036f8608f.methylation_array.sesame.level3betas.txt","ac0f39e9-0f3f-43a1-b1d9-8cf2800d684d","DNA Methylation","methylation_beta_value","Illumina Human Methylation 450",13116949,"2023-07-14T13:32:12.294328-05:00","d09640a043645a803bdcb6772c4827c2","2023-07-18T10:27:24.230927-05:00","6e0ef463-e4e2-4b73-9675-8ea812f4a96c","Methylation Beta Value","released","Methylation Array","2","38.0 - 45.0","TCGA-BRCA","1a150f7e-6de1-418f-a4a7-6ecfdbe7c7d1","released","3fd77df6-2b96-4c53-b14d-9a4036f8608f","quay.io/ncigdc","SeSAMe Methylation Beta Estimation","dc9467b78cf538a0430cd4027dc5092f77d47e20","Primary Tumor",NA,"TCGA-C8-A278","TCGA-C8-A278-01A"
"90c7b2db-e82d-4bae-9555-279545430509","TXT","TCGA-AC-A23E-01A-11D-A161-05","open","c7e263f9-aa7a-47af-8522-b1dccdabffc0.methylation_array.sesame.level3betas.txt","51364e61-618a-44f1-9456-910355194247","DNA Methylation","methylation_beta_value","Illumina Human Methylation 450",13100853,"2023-07-14T13:29:59.039345-05:00","1129516f24f5e000b9de0d0fb86366a2","2023-07-18T10:26:10.648814-05:00","90c7b2db-e82d-4bae-9555-279545430509","Methylation Beta Value","released","Methylation Array","2","38.0 - 45.0","TCGA-BRCA","d0383d87-76f1-4168-9ec7-291e57dff1f7","released","c7e263f9-aa7a-47af-8522-b1dccdabffc0","quay.io/ncigdc","SeSAMe Methylation Beta Estimation","f8ef9dc6375573fc05fee47b70278d89f79a4cd7","Primary Tumor",NA,"TCGA-AC-A23E","TCGA-AC-A23E-01A"
"b8e26c7e-28be-4016-a8a2-310bbfa3f057","TXT","TCGA-BH-A6R8-01A-21D-A33F-05","open","fd6f04e1-8cc7-41c9-a9a1-9e46e780fb99.methylation_array.sesame.level3betas.txt","ed771715-9711-4566-9246-0d911cba041d","DNA Methylation","methylation_beta_value","Illumina Human Methylation 450",13058504,"2023-07-14T13:33:14.274191-05:00","8041c200551453ac8db4410067f74ea7","2023-07-18T10:26:16.125304-05:00","b8e26c7e-28be-4016-a8a2-310bbfa3f057","Methylation Beta Value","released","Methylation Array","2","38.0 - 45.0","TCGA-BRCA","dd4706c5-58e2-418f-82a7-57f17efe20d5","released","fd6f04e1-8cc7-41c9-a9a1-9e46e780fb99","quay.io/ncigdc","SeSAMe Methylation Beta Estimation","9e258094ac9d4febe3721ceba25c1b8dbd1a27f8","Primary Tumor",NA,"TCGA-BH-A6R8","TCGA-BH-A6R8-01A"
"31ca4daa-bf0e-415b-8408-0e681bf15e06","TXT","TCGA-LD-A9QF-01A-32D-A41Q-05","open","8b745c0c-58c3-4c25-8c20-084242c9569c.methylation_array.sesame.level3betas.txt","5ab0d38a-8a02-4fb2-b5b4-35348f4b91d6","DNA Methylation","methylation_beta_value","Illumina Human Methylation 450",13049701,"2023-07-14T13:40:22.985359-05:00","576a660d0bb8eeb0892a137842be902b","2023-07-18T10:27:01.000163-05:00","31ca4daa-bf0e-415b-8408-0e681bf15e06","Methylation Beta Value","released","Methylation Array","2","38.0 - 45.0","TCGA-BRCA","72165588-7a3a-4494-8a82-971d60f043eb","released","8b745c0c-58c3-4c25-8c20-084242c9569c","quay.io/ncigdc","SeSAMe Methylation Beta Estimation","f8ef9dc6375573fc05fee47b70278d89f79a4cd7","Primary Tumor",NA,"TCGA-LD-A9QF","TCGA-LD-A9QF-01A"
"70580d82-3fbc-4bf5-ad87-10b3746b9839","TXT","TCGA-BH-A0H0-01A-11D-A10P-05","open","ed2a8602-3dd1-4393-b9dd-d42636da4d71.methylation_array.sesame.level3betas.txt","d38efc1e-8bb7-4cd9-81eb-7d8378a85d0d","DNA Methylation","methylation_beta_value","Illumina Human Methylation 450",12898975,"2023-07-14T13:34:07.918821-05:00","bfb9849410c99c84b0bcfe0c12c415ae","2023-07-18T10:27:17.790408-05:00","70580d82-3fbc-4bf5-ad87-10b3746b9839","Methylation Beta Value","released","Methylation Array","2","38.0 - 45.0","TCGA-BRCA","35559730-f510-4a6d-90a5-647584f66afe","released","ed2a8602-3dd1-4393-b9dd-d42636da4d71","quay.io/ncigdc","SeSAMe Methylation Beta Estimation","dc9467b78cf538a0430cd4027dc5092f77d47e20","Primary Tumor",NA,"TCGA-BH-A0H0","TCGA-BH-A0H0-01A"
"76a2f574-a817-494c-b15d-b00902944356","TXT","TCGA-EW-A1PH-01A-11D-A14N-05","open","bc666b44-589d-42be-8d26-ac0ee82b9705.methylation_array.sesame.level3betas.txt","881097d1-046b-44a5-b7b1-01a4de510842","DNA Methylation","methylation_beta_value","Illumina Human Methylation 450",13165312,"2023-07-14T13:15:25.812824-05:00","303589282b0bd8127b95ed53aef69ccb","2023-07-18T10:27:28.702973-05:00","76a2f574-a817-494c-b15d-b00902944356","Methylation Beta Value","released","Methylation Array","2","38.0 - 45.0","TCGA-BRCA","6df4b828-0392-4286-b1bc-75ec29f6117c","released","bc666b44-589d-42be-8d26-ac0ee82b9705","quay.io/ncigdc","SeSAMe Methylation Beta Estimation","dc9467b78cf538a0430cd4027dc5092f77d47e20","Primary Tumor",NA,"TCGA-EW-A1PH","TCGA-EW-A1PH-01A"
"f67d7228-7c2d-427c-8ca9-845da0600784","TXT","TCGA-BH-A0H9-01A-11D-A10P-05","open","3962ba19-7e59-435c-b0ca-fc5fa9262717.methylation_array.sesame.level3betas.txt","a12a2a7f-6098-44dd-9587-1b736d4f67f5","DNA Methylation","methylation_beta_value","Illumina Human Methylation 450",12998648,"2023-07-14T13:44:24.604341-05:00","e02932345722ad6a1f0e98ef5c1f7bed","2023-07-18T10:26:57.681959-05:00","f67d7228-7c2d-427c-8ca9-845da0600784","Methylation Beta Value","released","Methylation Array","2","38.0 - 45.0","TCGA-BRCA","3b69677d-2c91-4149-b081-a1992d9bee3d","released","3962ba19-7e59-435c-b0ca-fc5fa9262717","quay.io/ncigdc","SeSAMe Methylation Beta Estimation","dc9467b78cf538a0430cd4027dc5092f77d47e20","Primary Tumor",NA,"TCGA-BH-A0H9","TCGA-BH-A0H9-01A"
"20030dc6-2f09-49d1-9b04-103540b774b7","TXT","TCGA-BH-A0BF-11A-31D-A12R-05","open","025cb903-4a31-4285-8f4d-966127e2ce71.methylation_array.sesame.level3betas.txt","af24fcd0-6438-4825-8494-425350c8d535","DNA Methylation","methylation_beta_value","Illumina Human Methylation 450",12878289,"2023-07-14T13:32:23.228153-05:00","49510bdf3025a48d42375f5cf7912912","2023-07-18T10:26:17.205659-05:00","20030dc6-2f09-49d1-9b04-103540b774b7","Methylation Beta Value","released","Methylation Array","2","38.0 - 45.0","TCGA-BRCA","6c0d6db4-bd44-4b89-94fc-b175a758d113","released","025cb903-4a31-4285-8f4d-966127e2ce71","quay.io/ncigdc","SeSAMe Methylation Beta Estimation","9e258094ac9d4febe3721ceba25c1b8dbd1a27f8","Solid Tissue Normal",NA,"TCGA-BH-A0BF","TCGA-BH-A0BF-11A"
"883fd587-9d62-480e-8ec5-3149fb0ddad9","TXT","TCGA-BH-A0H9-11A-22D-A093-05","open","6f05aa7f-8f44-41a2-a789-39266fbd5fb0.methylation_array.sesame.level3betas.txt","632929a6-7268-46ee-ad49-580c0cc20378","DNA Methylation","methylation_beta_value","Illumina Human Methylation 450",12828630,"2023-07-14T13:33:54.858048-05:00","9a206294acfb4e850b38e90221fdd57d","2023-07-18T10:26:20.409980-05:00","883fd587-9d62-480e-8ec5-3149fb0ddad9","Methylation Beta Value","released","Methylation Array","2","38.0 - 45.0","TCGA-BRCA","07cb7bb0-3ba9-45ed-99f6-f7b935138ad3","released","6f05aa7f-8f44-41a2-a789-39266fbd5fb0","quay.io/ncigdc","SeSAMe Methylation Beta Estimation","9e258094ac9d4febe3721ceba25c1b8dbd1a27f8","Solid Tissue Normal",NA,"TCGA-BH-A0H9","TCGA-BH-A0H9-11A"
"baf67149-f358-4f96-872f-d97bf7f34dec","TXT","TCGA-AR-A0U2-01A-11D-A10A-05","open","36ce30a5-778c-48bb-bd89-039d1830400d.methylation_array.sesame.level3betas.txt","7dc14fe7-2e9a-4cda-b89b-dc48fb09aeab","DNA Methylation","methylation_beta_value","Illumina Human Methylation 450",12687247,"2023-07-14T13:08:59.405607-05:00","c06bbebf821af35e7f3afb4a9b15a8c0","2023-07-18T10:26:17.074686-05:00","baf67149-f358-4f96-872f-d97bf7f34dec","Methylation Beta Value","released","Methylation Array","2","38.0 - 45.0","TCGA-BRCA","ff6dd49d-d6d6-410c-8401-cb6ae366e5e1","released","36ce30a5-778c-48bb-bd89-039d1830400d","quay.io/ncigdc","SeSAMe Methylation Beta Estimation","f8ef9dc6375573fc05fee47b70278d89f79a4cd7","Primary Tumor",NA,"TCGA-AR-A0U2","TCGA-AR-A0U2-01A"
"6d24b093-afe0-4696-aff6-af5c7529d560","TXT","TCGA-AR-A1AS-01A-11D-A12R-05","open","0d68f961-141e-44cc-8f1a-cddd16d3fae1.methylation_array.sesame.level3betas.txt","81cf89e7-1722-4820-8c65-7f6b474943dd","DNA Methylation","methylation_beta_value","Illumina Human Methylation 450",13051690,"2023-07-14T13:25:03.786919-05:00","9fdb972b40146c285ea2eebeddd2f200","2023-07-18T10:25:38.921306-05:00","6d24b093-afe0-4696-aff6-af5c7529d560","Methylation Beta Value","released","Methylation Array","2","38.0 - 45.0","TCGA-BRCA","6cd28dd4-49a4-435c-a8eb-5b39d556b86c","released","0d68f961-141e-44cc-8f1a-cddd16d3fae1","quay.io/ncigdc","SeSAMe Methylation Beta Estimation","f8ef9dc6375573fc05fee47b70278d89f79a4cd7","Primary Tumor",NA,"TCGA-AR-A1AS","TCGA-AR-A1AS-01A"
"3afa0a03-8d2d-4254-83c7-83775d5abdfc","TXT","TCGA-BH-A209-11A-42D-A161-05","open","33ff84ae-bea1-4b22-a6d9-d9fedecab250.methylation_array.sesame.level3betas.txt","90c03074-a951-429d-8380-bc4369c77bda","DNA Methylation","methylation_beta_value","Illumina Human Methylation 450",12927649,"2023-07-14T13:38:18.551564-05:00","93885b03ea7155d7599a109cf724b57a","2023-07-18T10:25:55.386398-05:00","3afa0a03-8d2d-4254-83c7-83775d5abdfc","Methylation Beta Value","released","Methylation Array","2","38.0 - 45.0","TCGA-BRCA","a3f96bf6-e74f-42b1-a96c-11216de686bc","released","33ff84ae-bea1-4b22-a6d9-d9fedecab250","quay.io/ncigdc","SeSAMe Methylation Beta Estimation","f8ef9dc6375573fc05fee47b70278d89f79a4cd7","Solid Tissue Normal",NA,"TCGA-BH-A209","TCGA-BH-A209-11A"
"301e4d4b-1242-4bf1-ac4f-952dbccab4d2","TXT","TCGA-D8-A27K-01A-11D-A16G-05","open","169909e8-467b-45e3-8b30-f24ebbad7e3a.methylation_array.sesame.level3betas.txt","c845a18a-9434-470e-89dc-4c36849bcd30","DNA Methylation","methylation_beta_value","Illumina Human Methylation 450",13158002,"2023-07-14T13:28:23.912010-05:00","0bfa4adf8f9b00ebd6fcb0202a641abe","2023-07-18T10:26:05.715352-05:00","301e4d4b-1242-4bf1-ac4f-952dbccab4d2","Methylation Beta Value","released","Methylation Array","2","38.0 - 45.0","TCGA-BRCA","b7ef75f2-1cc5-4352-ab01-05803cc3fce1","released","169909e8-467b-45e3-8b30-f24ebbad7e3a","quay.io/ncigdc","SeSAMe Methylation Beta Estimation","9e258094ac9d4febe3721ceba25c1b8dbd1a27f8","Primary Tumor",NA,"TCGA-D8-A27K","TCGA-D8-A27K-01A"
"0ef4adcb-6074-4af2-9c10-ed45a15f3eea","TXT","TCGA-BH-A0DP-01A-21D-A10P-05","open","d2b4e92f-5c77-4bc8-bd39-f565160c9fea.methylation_array.sesame.level3betas.txt","62a15f7c-6f2a-48ae-8aa1-0e2cd2ad9a31","DNA Methylation","methylation_beta_value","Illumina Human Methylation 450",12973316,"2023-07-14T13:18:29.847342-05:00","9b7a6221e84a3dc251d88e9688bd68fd","2023-07-18T10:27:27.509021-05:00","0ef4adcb-6074-4af2-9c10-ed45a15f3eea","Methylation Beta Value","released","Methylation Array","2","38.0 - 45.0","TCGA-BRCA","0a5fd3c7-708a-4a6c-8274-e969abf8b892","released","d2b4e92f-5c77-4bc8-bd39-f565160c9fea","quay.io/ncigdc","SeSAMe Methylation Beta Estimation","dc9467b78cf538a0430cd4027dc5092f77d47e20","Primary Tumor",NA,"TCGA-BH-A0DP","TCGA-BH-A0DP-01A"
"b7b93e6b-22df-4a7e-848e-349c570a4da0","TXT","TCGA-W8-A86G-01A-21D-A36K-05","open","6072b31c-e577-453f-8289-99eb2efd01a3.methylation_array.sesame.level3betas.txt","4867bedf-57bc-45d2-b25f-aed0e291c0bc","DNA Methylation","methylation_beta_value","Illumina Human Methylation 450",13054809,"2023-07-14T13:16:41.004998-05:00","0731372373cb93cec6f879c00b4213ef","2023-07-18T10:25:21.813744-05:00","b7b93e6b-22df-4a7e-848e-349c570a4da0","Methylation Beta Value","released","Methylation Array","2","38.0 - 45.0","TCGA-BRCA","3e9800ea-6c5d-4120-8c79-447054abc551","released","6072b31c-e577-453f-8289-99eb2efd01a3","quay.io/ncigdc","SeSAMe Methylation Beta Estimation","f8ef9dc6375573fc05fee47b70278d89f79a4cd7","Primary Tumor",NA,"TCGA-W8-A86G","TCGA-W8-A86G-01A"
"4e42276b-9e86-4ee2-bba7-b2be0fd225ea","TXT","TCGA-D8-A1XC-01A-11D-A14H-05","open","802ef530-9a93-4e08-89ad-7b629744b080.methylation_array.sesame.level3betas.txt","439bbb91-dd08-4f1d-aab1-a48591ca7bdc","DNA Methylation","methylation_beta_value","Illumina Human Methylation 450",13171606,"2023-07-14T13:40:44.194154-05:00","e996f2b766954e9133325bc5e8d4072c","2023-07-18T10:26:11.443870-05:00","4e42276b-9e86-4ee2-bba7-b2be0fd225ea","Methylation Beta Value","released","Methylation Array","2","38.0 - 45.0","TCGA-BRCA","f2e37070-53de-425d-b9f9-75c69f8e2cd5","released","802ef530-9a93-4e08-89ad-7b629744b080","quay.io/ncigdc","SeSAMe Methylation Beta Estimation","f8ef9dc6375573fc05fee47b70278d89f79a4cd7","Primary Tumor",NA,"TCGA-D8-A1XC","TCGA-D8-A1XC-01A"
"2be549d1-4184-4df5-af52-efce5c7e3fdb","TXT","TCGA-BH-A0B5-01A-11D-A12R-05","open","8acb1cfe-94a5-4c37-be0c-5a124129a8ba.methylation_array.sesame.level3betas.txt","8dcbf042-2008-499c-8f07-b09d800e09d0","DNA Methylation","methylation_beta_value","Illumina Human Methylation 450",13119177,"2023-07-14T13:11:47.959690-05:00","30f89c669bdf0788d144c1ae1e65cee0","2023-07-18T10:26:35.431273-05:00","2be549d1-4184-4df5-af52-efce5c7e3fdb","Methylation Beta Value","released","Methylation Array","2","38.0 - 45.0","TCGA-BRCA","c5310847-52e2-429d-ad21-491ba0750e2f","released","8acb1cfe-94a5-4c37-be0c-5a124129a8ba","quay.io/ncigdc","SeSAMe Methylation Beta Estimation","dc9467b78cf538a0430cd4027dc5092f77d47e20","Primary Tumor",NA,"TCGA-BH-A0B5","TCGA-BH-A0B5-01A"
"fcf6518f-8743-4958-8250-09c381779146","TXT","TCGA-A2-A3KD-01A-12D-A212-05","open","5b2393d4-f559-4253-8942-65f6b7af087c.methylation_array.sesame.level3betas.txt","8c300064-fa3c-46e7-9719-c851db7abee8","DNA Methylation","methylation_beta_value","Illumina Human Methylation 450",13094328,"2023-07-14T13:35:19.051156-05:00","99db68b947bc0beb5a87964ef73047c8","2023-07-18T10:27:11.007875-05:00","fcf6518f-8743-4958-8250-09c381779146","Methylation Beta Value","released","Methylation Array","2","38.0 - 45.0","TCGA-BRCA","9d0bf84b-54db-429f-b609-5f963a99cf5d","released","5b2393d4-f559-4253-8942-65f6b7af087c","quay.io/ncigdc","SeSAMe Methylation Beta Estimation","f8ef9dc6375573fc05fee47b70278d89f79a4cd7","Primary Tumor",NA,"TCGA-A2-A3KD","TCGA-A2-A3KD-01A"
"33cf6334-98ef-48be-bb24-b0995a297c15","TXT","TCGA-EW-A1P8-01A-11D-A145-05","open","97746d64-3ec5-47a7-b029-29608a77f9a4.methylation_array.sesame.level3betas.txt","1e40b6b8-2747-4679-a72b-8b5fc0b80d2b","DNA Methylation","methylation_beta_value","Illumina Human Methylation 450",13208402,"2023-07-14T13:19:33.970360-05:00","c631d9484996996c3d1dd3adc5930c21","2023-07-18T10:26:38.557288-05:00","33cf6334-98ef-48be-bb24-b0995a297c15","Methylation Beta Value","released","Methylation Array","2","38.0 - 45.0","TCGA-BRCA","2e9e1e70-4e99-437d-94bc-590a11f863a1","released","97746d64-3ec5-47a7-b029-29608a77f9a4","quay.io/ncigdc","SeSAMe Methylation Beta Estimation","dc9467b78cf538a0430cd4027dc5092f77d47e20","Primary Tumor",NA,"TCGA-EW-A1P8","TCGA-EW-A1P8-01A"
"35beb025-4ff9-478c-b149-66bd6515ff01","TXT","TCGA-A7-A0CE-11A-21D-A10Q-05","open","7f9a85ed-19d4-49ba-b508-24cef19215c5.methylation_array.sesame.level3betas.txt","4f79d662-4b19-4e20-94f2-bc79c0d2db0b","DNA Methylation","methylation_beta_value","Illumina Human Methylation 450",13024685,"2023-07-14T13:42:04.904532-05:00","1e4b87c3a3c22a345e7ab176cc40080e","2023-07-18T10:27:13.408294-05:00","35beb025-4ff9-478c-b149-66bd6515ff01","Methylation Beta Value","released","Methylation Array","2","38.0 - 45.0","TCGA-BRCA","3d43185e-2368-4729-a5aa-ff98828f1744","released","7f9a85ed-19d4-49ba-b508-24cef19215c5","quay.io/ncigdc","SeSAMe Methylation Beta Estimation","dc9467b78cf538a0430cd4027dc5092f77d47e20","Solid Tissue Normal",NA,"TCGA-A7-A0CE","TCGA-A7-A0CE-11A"
"a5ec2604-ddb2-45ed-a66e-da2e80fa8958","TXT","TCGA-A2-A4S2-01A-12D-A268-05","open","ceb1e65a-a14d-4177-aadd-6fbf0b9155c0.methylation_array.sesame.level3betas.txt","1bb1e88c-2fef-4965-8eb7-582d0dce6f80","DNA Methylation","methylation_beta_value","Illumina Human Methylation 450",12995597,"2023-07-14T13:32:48.445839-05:00","7d4a98cc75735ed60917ac603c467e83","2023-07-18T10:26:21.972001-05:00","a5ec2604-ddb2-45ed-a66e-da2e80fa8958","Methylation Beta Value","released","Methylation Array","2","38.0 - 45.0","TCGA-BRCA","ca3d06f5-77ed-455f-a03f-6c3414fc0ba5","released","ceb1e65a-a14d-4177-aadd-6fbf0b9155c0","quay.io/ncigdc","SeSAMe Methylation Beta Estimation","dc9467b78cf538a0430cd4027dc5092f77d47e20","Primary Tumor",NA,"TCGA-A2-A4S2","TCGA-A2-A4S2-01A"
"aacdedeb-1ff5-439e-8c35-8ba8944360d5","TXT","TCGA-A7-A0CH-11A-32D-A10Q-05","open","b4513a50-db4c-4666-af7c-3941997c96dd.methylation_array.sesame.level3betas.txt","1743fb44-f4c6-49b7-bf7f-9bb27ba155c3","DNA Methylation","methylation_beta_value","Illumina Human Methylation 450",12934736,"2023-07-14T13:22:47.842735-05:00","ddd432a7f5eb88b4af749dc6797cc9d4","2023-07-18T10:25:18.749177-05:00","aacdedeb-1ff5-439e-8c35-8ba8944360d5","Methylation Beta Value","released","Methylation Array","2","38.0 - 45.0","TCGA-BRCA","1e869dd4-5191-43c8-a3ad-4c7becc7c597","released","b4513a50-db4c-4666-af7c-3941997c96dd","quay.io/ncigdc","SeSAMe Methylation Beta Estimation","9e258094ac9d4febe3721ceba25c1b8dbd1a27f8","Solid Tissue Normal",NA,"TCGA-A7-A0CH","TCGA-A7-A0CH-11A"
"80e3e5c8-628f-43d0-abe0-d6a1b3b68ef6","TXT","TCGA-E2-A1L7-11A-33D-A145-05","open","662639b4-3c8a-494f-9ee8-52a4686b8eb8.methylation_array.sesame.level3betas.txt","a758a630-da76-4e00-b445-345cae34ffde","DNA Methylation","methylation_beta_value","Illumina Human Methylation 450",13201244,"2023-07-14T13:34:38.784758-05:00","1544bd123e20ad2a9d417dd0eea21f28","2023-07-18T10:26:37.372185-05:00","80e3e5c8-628f-43d0-abe0-d6a1b3b68ef6","Methylation Beta Value","released","Methylation Array","2","38.0 - 45.0","TCGA-BRCA","479dcf64-f7ce-42a9-a99e-3ff7cb36b6df","released","662639b4-3c8a-494f-9ee8-52a4686b8eb8","quay.io/ncigdc","SeSAMe Methylation Beta Estimation","dc9467b78cf538a0430cd4027dc5092f77d47e20","Solid Tissue Normal",NA,"TCGA-E2-A1L7","TCGA-E2-A1L7-11A"
"d1c3d7a9-3094-458d-abe1-e5422a9a307b","TXT","TCGA-AR-A0U0-01A-11D-A10A-05","open","a7fd4ada-7db5-4418-a80f-4142323d8915.methylation_array.sesame.level3betas.txt","fe911400-f7b9-481c-b64a-a68f907a0174","DNA Methylation","methylation_beta_value","Illumina Human Methylation 450",12772350,"2023-07-14T13:31:01.915890-05:00","6009a87c41c38a82f3d34ecc2480f6e8","2023-07-18T10:25:22.913231-05:00","d1c3d7a9-3094-458d-abe1-e5422a9a307b","Methylation Beta Value","released","Methylation Array","2","38.0 - 45.0","TCGA-BRCA","88df444b-4abb-4560-9489-9e3f1560b0d9","released","a7fd4ada-7db5-4418-a80f-4142323d8915","quay.io/ncigdc","SeSAMe Methylation Beta Estimation","9e258094ac9d4febe3721ceba25c1b8dbd1a27f8","Primary Tumor",NA,"TCGA-AR-A0U0","TCGA-AR-A0U0-01A"
"cdd12bce-5c24-43b6-8038-441769769b22","TXT","TCGA-E9-A1R2-01A-11D-A14H-05","open","690429bd-2f88-45bd-b81d-e1f79748cb3d.methylation_array.sesame.level3betas.txt","564c4a6a-c2ef-495e-b072-7fe23fbeaa1a","DNA Methylation","methylation_beta_value","Illumina Human Methylation 450",13161744,"2023-07-14T13:26:23.482268-05:00","144f459048130aad7a4d3d0727637f79","2023-07-18T10:26:30.055522-05:00","cdd12bce-5c24-43b6-8038-441769769b22","Methylation Beta Value","released","Methylation Array","2","38.0 - 45.0","TCGA-BRCA","df514934-24a7-4fb8-8bb6-8e124abf228d","released","690429bd-2f88-45bd-b81d-e1f79748cb3d","quay.io/ncigdc","SeSAMe Methylation Beta Estimation","dc9467b78cf538a0430cd4027dc5092f77d47e20","Primary Tumor",NA,"TCGA-E9-A1R2","TCGA-E9-A1R2-01A"
"5b0edffd-402d-4355-8f2b-29e9fc0ceeba","TXT","TCGA-AC-A62V-01A-11D-A31V-05","open","acde14f5-60dc-4974-92e8-f66411594f64.methylation_array.sesame.level3betas.txt","150559da-970c-4edc-8192-7f87e3cc3dcd","DNA Methylation","methylation_beta_value","Illumina Human Methylation 450",12861244,"2023-07-14T13:10:56.608521-05:00","e055d14b74b82ebb815afee01de507e0","2023-07-18T10:24:38.647949-05:00","5b0edffd-402d-4355-8f2b-29e9fc0ceeba","Methylation Beta Value","released","Methylation Array","2","38.0 - 45.0","TCGA-BRCA","be942a7b-8493-4d10-835d-7584ef59e393","released","acde14f5-60dc-4974-92e8-f66411594f64","quay.io/ncigdc","SeSAMe Methylation Beta Estimation","dc9467b78cf538a0430cd4027dc5092f77d47e20","Primary Tumor",NA,"TCGA-AC-A62V","TCGA-AC-A62V-01A"
"4bb9ed90-2015-469e-b695-4006a61f5985","TXT","TCGA-A7-A4SB-01A-21D-A268-05","open","6f51034e-ecfb-44df-9160-fb242d842de8.methylation_array.sesame.level3betas.txt","b3c13230-693f-42a6-9cff-5f08e28d3fd2","DNA Methylation","methylation_beta_value","Illumina Human Methylation 450",12981602,"2023-07-14T13:38:34.250358-05:00","3bc59cbc4f505d47f9bcd0b1ec982be7","2023-07-18T10:26:39.423510-05:00","4bb9ed90-2015-469e-b695-4006a61f5985","Methylation Beta Value","released","Methylation Array","2","38.0 - 45.0","TCGA-BRCA","5c0280ba-22d8-4c98-92d1-2cff2e7e747d","released","6f51034e-ecfb-44df-9160-fb242d842de8","quay.io/ncigdc","SeSAMe Methylation Beta Estimation","dc9467b78cf538a0430cd4027dc5092f77d47e20","Primary Tumor",NA,"TCGA-A7-A4SB","TCGA-A7-A4SB-01A"
"ddbacf18-b694-49e8-891c-a39913aa2125","TXT","TCGA-AR-A24Q-01A-12D-A16A-05","open","22a7f79f-78c4-4ed3-93e0-7be02532d465.methylation_array.sesame.level3betas.txt","e97393f3-69a0-4c53-ad09-a2406a54258a","DNA Methylation","methylation_beta_value","Illumina Human Methylation 450",13099045,"2023-07-14T13:37:52.171803-05:00","6714ec2423baa6ea8c9cb8bfadf94f22","2023-07-18T10:25:19.172988-05:00","ddbacf18-b694-49e8-891c-a39913aa2125","Methylation Beta Value","released","Methylation Array","2","38.0 - 45.0","TCGA-BRCA","697fd4a1-f354-40ce-be09-5feb03f9178e","released","22a7f79f-78c4-4ed3-93e0-7be02532d465","quay.io/ncigdc","SeSAMe Methylation Beta Estimation","9e258094ac9d4febe3721ceba25c1b8dbd1a27f8","Primary Tumor",NA,"TCGA-AR-A24Q","TCGA-AR-A24Q-01A"
"5f2f8fa7-a5ba-498d-9cc9-a16731614c55","TXT","TCGA-D8-A1XV-01A-11D-A14N-05","open","4b20eb8b-ed48-4261-a9d5-d0fbeb193950.methylation_array.sesame.level3betas.txt","bb89f8ef-2210-4f7a-90e9-d6f2eafa2532","DNA Methylation","methylation_beta_value","Illumina Human Methylation 450",13176544,"2023-07-14T13:11:09.081293-05:00","5e53c3ce1f3e44ff9c4fa7165a91c71e","2023-07-18T10:25:34.000422-05:00","5f2f8fa7-a5ba-498d-9cc9-a16731614c55","Methylation Beta Value","released","Methylation Array","2","38.0 - 45.0","TCGA-BRCA","40f28523-6682-42a5-b3bb-af536b91ab27","released","4b20eb8b-ed48-4261-a9d5-d0fbeb193950","quay.io/ncigdc","SeSAMe Methylation Beta Estimation","f8ef9dc6375573fc05fee47b70278d89f79a4cd7","Primary Tumor",NA,"TCGA-D8-A1XV","TCGA-D8-A1XV-01A"
"62eba0a9-75da-40d4-a7ab-3263861e5b00","TXT","TCGA-OL-A5RY-01A-21D-A28C-05","open","b551f8f1-aa3e-4236-a1b1-5d5b2ccd0142.methylation_array.sesame.level3betas.txt","a89c25e0-4bb9-4131-ab86-7ea232fb179d","DNA Methylation","methylation_beta_value","Illumina Human Methylation 450",13130042,"2023-07-14T13:13:44.231754-05:00","37f368d6b1cca1fa77c922789b559e1a","2023-07-18T10:24:40.483468-05:00","62eba0a9-75da-40d4-a7ab-3263861e5b00","Methylation Beta Value","released","Methylation Array","2","38.0 - 45.0","TCGA-BRCA","60ccb6aa-6f30-4a04-ba13-8cba390bb6c5","released","b551f8f1-aa3e-4236-a1b1-5d5b2ccd0142","quay.io/ncigdc","SeSAMe Methylation Beta Estimation","9e258094ac9d4febe3721ceba25c1b8dbd1a27f8","Primary Tumor",NA,"TCGA-OL-A5RY","TCGA-OL-A5RY-01A"
"92b3f3c3-7564-4b21-8a1d-f8e447192d0b","TXT","TCGA-E2-A1LI-01A-12D-A161-05","open","eb7fe955-996e-4483-9731-bc7f96f18231.methylation_array.sesame.level3betas.txt","da694913-0064-447e-9577-73820e377644","DNA Methylation","methylation_beta_value","Illumina Human Methylation 450",13151401,"2023-07-14T13:14:53.972039-05:00","c430a6e385663f36b9e39acd9067f088","2023-07-18T10:26:51.489585-05:00","92b3f3c3-7564-4b21-8a1d-f8e447192d0b","Methylation Beta Value","released","Methylation Array","2","38.0 - 45.0","TCGA-BRCA","d69758dd-15df-4645-9aa4-ec6b9f62fc59","released","eb7fe955-996e-4483-9731-bc7f96f18231","quay.io/ncigdc","SeSAMe Methylation Beta Estimation","f8ef9dc6375573fc05fee47b70278d89f79a4cd7","Primary Tumor",NA,"TCGA-E2-A1LI","TCGA-E2-A1LI-01A"
"d1fbc858-0f57-430e-b9e9-5fcb5a128b6c","TXT","TCGA-OL-A6VQ-01A-12D-A41Q-05","open","e97bfeb5-0152-424a-9e1d-3b59499663be.methylation_array.sesame.level3betas.txt","35c23974-4c47-4f29-b6b9-af53b4eaeceb","DNA Methylation","methylation_beta_value","Illumina Human Methylation 450",12789306,"2023-07-14T13:13:42.176039-05:00","417a96853ed81f709829abffff693e59","2023-07-18T10:26:50.794668-05:00","d1fbc858-0f57-430e-b9e9-5fcb5a128b6c","Methylation Beta Value","released","Methylation Array","2","38.0 - 45.0","TCGA-BRCA","661e0071-d6a2-43fa-bcb0-b3cb935cf629","released","e97bfeb5-0152-424a-9e1d-3b59499663be","quay.io/ncigdc","SeSAMe Methylation Beta Estimation","dc9467b78cf538a0430cd4027dc5092f77d47e20","Primary Tumor",NA,"TCGA-OL-A6VQ","TCGA-OL-A6VQ-01A"
"eb6b80b9-3f49-4fbd-bd6c-b761f5febbba","TXT","TCGA-B6-A0WV-01A-11D-A10A-05","open","b98ee315-9370-4071-ba67-7bf4c91b4777.methylation_array.sesame.level3betas.txt","dc3bdb95-2f17-4ad5-a072-ba048f8e814d","DNA Methylation","methylation_beta_value","Illumina Human Methylation 450",12636905,"2023-07-14T13:45:51.765426-05:00","25ee7f1f16f03748275328285fc596a8","2023-07-18T10:25:30.431421-05:00","eb6b80b9-3f49-4fbd-bd6c-b761f5febbba","Methylation Beta Value","released","Methylation Array","2","38.0 - 45.0","TCGA-BRCA","19160958-cc78-44b3-ba85-46fb7f8037fd","released","b98ee315-9370-4071-ba67-7bf4c91b4777","quay.io/ncigdc","SeSAMe Methylation Beta Estimation","f8ef9dc6375573fc05fee47b70278d89f79a4cd7","Primary Tumor",NA,"TCGA-B6-A0WV","TCGA-B6-A0WV-01A"
"fb6ceb43-7c6a-4709-bb20-a13fc1879b23","TXT","TCGA-AR-A2LM-01A-11D-A17Z-05","open","648d4780-8dab-4abf-b2e1-22c26413b8e2.methylation_array.sesame.level3betas.txt","199ad0be-c302-42ad-8830-365eca7a282c","DNA Methylation","methylation_beta_value","Illumina Human Methylation 450",13195886,"2023-07-14T13:16:24.640286-05:00","5cebc8395845540b803c9af886ddaa72","2023-07-18T10:25:16.638203-05:00","fb6ceb43-7c6a-4709-bb20-a13fc1879b23","Methylation Beta Value","released","Methylation Array","2","38.0 - 45.0","TCGA-BRCA","81324e9f-7abe-44d7-ab7b-c4e2e82b07d8","released","648d4780-8dab-4abf-b2e1-22c26413b8e2","quay.io/ncigdc","SeSAMe Methylation Beta Estimation","f8ef9dc6375573fc05fee47b70278d89f79a4cd7","Primary Tumor",NA,"TCGA-AR-A2LM","TCGA-AR-A2LM-01A"
"a62137df-26f4-46b7-adc7-73320fed64b0","TXT","TCGA-AR-A252-01A-11D-A16A-05","open","93ffddaf-81af-4a27-91a8-1939513da8b0.methylation_array.sesame.level3betas.txt","6e55b92a-fc19-4b29-a67b-be6e0b794ea7","DNA Methylation","methylation_beta_value","Illumina Human Methylation 450",13174744,"2023-07-14T13:44:03.419784-05:00","895a95e0a65e9e69d224eccf63f93df0","2023-07-18T10:27:05.481072-05:00","a62137df-26f4-46b7-adc7-73320fed64b0","Methylation Beta Value","released","Methylation Array","2","38.0 - 45.0","TCGA-BRCA","5a1ab44f-99c1-4178-b844-0070b772bb0d","released","93ffddaf-81af-4a27-91a8-1939513da8b0","quay.io/ncigdc","SeSAMe Methylation Beta Estimation","f8ef9dc6375573fc05fee47b70278d89f79a4cd7","Primary Tumor",NA,"TCGA-AR-A252","TCGA-AR-A252-01A"
"0149cc60-e61f-4812-83cb-53e437c88b54","TXT","TCGA-PE-A5DC-01A-12D-A27Y-05","open","441b536e-3c1d-4262-9763-5c31fb8dead5.methylation_array.sesame.level3betas.txt","7cb5d170-94f7-4b84-86fc-7983308a1aab","DNA Methylation","methylation_beta_value","Illumina Human Methylation 450",13164549,"2023-07-14T13:41:10.715402-05:00","c36dd15922d9965790ddc4ef86e28a71","2023-07-18T10:25:16.476335-05:00","0149cc60-e61f-4812-83cb-53e437c88b54","Methylation Beta Value","released","Methylation Array","2","38.0 - 45.0","TCGA-BRCA","91d39aaf-268c-4310-bb97-d846704be21e","released","441b536e-3c1d-4262-9763-5c31fb8dead5","quay.io/ncigdc","SeSAMe Methylation Beta Estimation","9e258094ac9d4febe3721ceba25c1b8dbd1a27f8","Primary Tumor",NA,"TCGA-PE-A5DC","TCGA-PE-A5DC-01A"
"d3669fdd-0f66-46f7-97fc-fdbca747a100","TXT","TCGA-E9-A1NA-01A-11D-A145-05","open","176f6d73-7243-49a2-a482-9e83f58641b3.methylation_array.sesame.level3betas.txt","990ab667-290e-49be-9d1e-d10974041782","DNA Methylation","methylation_beta_value","Illumina Human Methylation 450",13177129,"2023-07-14T13:40:33.073602-05:00","666fd693fceeff67efd12e02b2ab64f7","2023-07-18T10:27:07.273521-05:00","d3669fdd-0f66-46f7-97fc-fdbca747a100","Methylation Beta Value","released","Methylation Array","2","38.0 - 45.0","TCGA-BRCA","7128971a-e4c7-437b-8ce5-91909dc65a12","released","176f6d73-7243-49a2-a482-9e83f58641b3","quay.io/ncigdc","SeSAMe Methylation Beta Estimation","f8ef9dc6375573fc05fee47b70278d89f79a4cd7","Primary Tumor",NA,"TCGA-E9-A1NA","TCGA-E9-A1NA-01A"
"9d2403c4-9448-4c41-b8a8-8486d6af9666","TXT","TCGA-D8-A1JP-01A-11D-A13K-05","open","64ed3b7c-8828-4226-a9a9-46d462088716.methylation_array.sesame.level3betas.txt","d3719861-4462-4d2f-bd6f-8ebe133e4a1c","DNA Methylation","methylation_beta_value","Illumina Human Methylation 450",13165313,"2023-07-14T13:27:41.857132-05:00","c30ce1a6e15f014af47ad93a417d6ef4","2023-07-18T10:24:42.220211-05:00","9d2403c4-9448-4c41-b8a8-8486d6af9666","Methylation Beta Value","released","Methylation Array","2","38.0 - 45.0","TCGA-BRCA","3aad3450-4001-44a9-889c-8e59ddb0a260","released","64ed3b7c-8828-4226-a9a9-46d462088716","quay.io/ncigdc","SeSAMe Methylation Beta Estimation","f8ef9dc6375573fc05fee47b70278d89f79a4cd7","Primary Tumor",NA,"TCGA-D8-A1JP","TCGA-D8-A1JP-01A"
"f029f41d-abd4-4282-b312-359b21fe88d4","TXT","TCGA-D8-A1XL-01A-11D-A14N-05","open","4087cbb6-eeb6-43d7-80ae-106585472f15.methylation_array.sesame.level3betas.txt","363c9fbb-5938-4ce4-9d2d-be621596fcb8","DNA Methylation","methylation_beta_value","Illumina Human Methylation 450",13189821,"2023-07-14T13:46:22.323494-05:00","b8be6d59b5e5f60b3b5e37260f50f170","2023-07-18T10:26:06.562117-05:00","f029f41d-abd4-4282-b312-359b21fe88d4","Methylation Beta Value","released","Methylation Array","2","38.0 - 45.0","TCGA-BRCA","01e8d5fb-ef68-4b3a-8289-86a743a8f055","released","4087cbb6-eeb6-43d7-80ae-106585472f15","quay.io/ncigdc","SeSAMe Methylation Beta Estimation","9e258094ac9d4febe3721ceba25c1b8dbd1a27f8","Primary Tumor",NA,"TCGA-D8-A1XL","TCGA-D8-A1XL-01A"
"c9ddcd7e-17b2-45ca-9784-a1216fee5f46","TXT","TCGA-AC-A2FG-11A-22D-A17F-05","open","36ab6700-d588-4ba3-8adc-e0971d797f35.methylation_array.sesame.level3betas.txt","f97d8a07-824c-4c2d-8b0a-b30f1dc55a64","DNA Methylation","methylation_beta_value","Illumina Human Methylation 450",13190927,"2023-07-14T13:16:01.864998-05:00","209288e9aac4389dc6a57b98ac708555","2023-07-18T10:26:26.563507-05:00","c9ddcd7e-17b2-45ca-9784-a1216fee5f46","Methylation Beta Value","released","Methylation Array","2","38.0 - 45.0","TCGA-BRCA","41aa4aea-6aa9-43f1-8e4e-8cd3bbe0ff9b","released","36ab6700-d588-4ba3-8adc-e0971d797f35","quay.io/ncigdc","SeSAMe Methylation Beta Estimation","f8ef9dc6375573fc05fee47b70278d89f79a4cd7","Solid Tissue Normal",NA,"TCGA-AC-A2FG","TCGA-AC-A2FG-11A"
"3bcaa590-2e7b-4e4c-bc5c-6cf3d3e277f1","TXT","TCGA-3C-AALJ-01A-31D-A41Q-05","open","54c696de-d778-4e79-9cc3-3297eacb1299.methylation_array.sesame.level3betas.txt","16d8389a-d4c8-4787-84e6-3a7e6ec56c7c","DNA Methylation","methylation_beta_value","Illumina Human Methylation 450",13018240,"2023-07-14T13:38:13.031503-05:00","8c2462e7dfc126158d843f6d2911b977","2023-07-18T10:27:27.900588-05:00","3bcaa590-2e7b-4e4c-bc5c-6cf3d3e277f1","Methylation Beta Value","released","Methylation Array","2","38.0 - 45.0","TCGA-BRCA","95fa77b0-2c0f-4d24-9297-c8455325a47a","released","54c696de-d778-4e79-9cc3-3297eacb1299","quay.io/ncigdc","SeSAMe Methylation Beta Estimation","dc9467b78cf538a0430cd4027dc5092f77d47e20","Primary Tumor",NA,"TCGA-3C-AALJ","TCGA-3C-AALJ-01A"
"f63337dd-3547-4d44-b04e-df7003840805","TXT","TCGA-AR-A24M-01A-11D-A16A-05","open","be818105-003e-449f-b784-eda5fab3d659.methylation_array.sesame.level3betas.txt","74260787-78fc-4557-9937-d99d3a134591","DNA Methylation","methylation_beta_value","Illumina Human Methylation 450",13134158,"2023-07-14T13:28:33.012405-05:00","1fc78161fa8a3ea1670b6c1ef2c337aa","2023-07-18T10:24:43.073728-05:00","f63337dd-3547-4d44-b04e-df7003840805","Methylation Beta Value","released","Methylation Array","2","38.0 - 45.0","TCGA-BRCA","51ae6e03-ea25-4d03-a373-109016a61f03","released","be818105-003e-449f-b784-eda5fab3d659","quay.io/ncigdc","SeSAMe Methylation Beta Estimation","f8ef9dc6375573fc05fee47b70278d89f79a4cd7","Primary Tumor",NA,"TCGA-AR-A24M","TCGA-AR-A24M-01A"
"bb88d942-4b0e-4c6a-8f1b-cbf22be05a29","TXT","TCGA-OL-A66K-01A-11D-A29O-05","open","c0652b4c-cca7-4dc9-af6c-b18421c9b9ca.methylation_array.sesame.level3betas.txt","90b8e8cb-8f41-4445-ab4e-e7c544031d04","DNA Methylation","methylation_beta_value","Illumina Human Methylation 450",12511359,"2023-07-14T13:09:10.176771-05:00","38460434cc0115db5a440dd150593149","2023-07-18T10:27:11.134777-05:00","bb88d942-4b0e-4c6a-8f1b-cbf22be05a29","Methylation Beta Value","released","Methylation Array","2","38.0 - 45.0","TCGA-BRCA","1b22ce6f-f67b-44b4-9337-7fc931a37f1d","released","c0652b4c-cca7-4dc9-af6c-b18421c9b9ca","quay.io/ncigdc","SeSAMe Methylation Beta Estimation","f8ef9dc6375573fc05fee47b70278d89f79a4cd7","Primary Tumor",NA,"TCGA-OL-A66K","TCGA-OL-A66K-01A"
"22813324-d20e-47ef-be5a-cc695d82c05f","TXT","TCGA-AO-A128-01A-11D-A10N-05","open","66418885-39f5-458c-a032-640eaf030b79.methylation_array.sesame.level3betas.txt","d5e84259-4474-4c4a-a683-6cf47fa02736","DNA Methylation","methylation_beta_value","Illumina Human Methylation 450",12907135,"2023-07-14T13:34:20.402846-05:00","831bc8b514c39bf1a29b345af8a36125","2023-07-18T10:26:25.150851-05:00","22813324-d20e-47ef-be5a-cc695d82c05f","Methylation Beta Value","released","Methylation Array","2","38.0 - 45.0","TCGA-BRCA","6f122700-6cf2-461f-bb84-2ec4b3be10e5","released","66418885-39f5-458c-a032-640eaf030b79","quay.io/ncigdc","SeSAMe Methylation Beta Estimation","9e258094ac9d4febe3721ceba25c1b8dbd1a27f8","Primary Tumor",NA,"TCGA-AO-A128","TCGA-AO-A128-01A"
"03594190-9bbf-44c4-b519-e7dd1c2434eb","TXT","TCGA-GM-A2DF-01A-11D-A17Z-05","open","34b6d871-e421-4c0b-965e-97113d998c44.methylation_array.sesame.level3betas.txt","74b0ca6c-6e08-469e-ade8-e5a02a5280d6","DNA Methylation","methylation_beta_value","Illumina Human Methylation 450",13191133,"2023-07-14T13:31:55.911011-05:00","3a02fc0044e8b94e0989d867cbb33b77","2023-07-18T10:27:22.293741-05:00","03594190-9bbf-44c4-b519-e7dd1c2434eb","Methylation Beta Value","released","Methylation Array","2","38.0 - 45.0","TCGA-BRCA","c33f29d5-3785-437d-bdb7-87da546a7ac2","released","34b6d871-e421-4c0b-965e-97113d998c44","quay.io/ncigdc","SeSAMe Methylation Beta Estimation","dc9467b78cf538a0430cd4027dc5092f77d47e20","Primary Tumor",NA,"TCGA-GM-A2DF","TCGA-GM-A2DF-01A"
"b3c79f40-f171-4d47-8708-bf929086ed20","TXT","TCGA-E9-A22A-01A-11D-A161-05","open","44f1c070-57db-475a-979a-d384eabe4589.methylation_array.sesame.level3betas.txt","f5808cc5-8f45-4105-a158-20ce126b4018","DNA Methylation","methylation_beta_value","Illumina Human Methylation 450",12957734,"2023-07-14T13:11:44.561811-05:00","4dd5c2f1a58e0f68b2a9ef794d774195","2023-07-18T10:26:02.174903-05:00","b3c79f40-f171-4d47-8708-bf929086ed20","Methylation Beta Value","released","Methylation Array","2","38.0 - 45.0","TCGA-BRCA","3b01d714-75f7-4ba0-a993-7e608f4128e8","released","44f1c070-57db-475a-979a-d384eabe4589","quay.io/ncigdc","SeSAMe Methylation Beta Estimation","dc9467b78cf538a0430cd4027dc5092f77d47e20","Primary Tumor",NA,"TCGA-E9-A22A","TCGA-E9-A22A-01A"
"40076431-e5aa-426d-a5f2-57fe845d357d","TXT","TCGA-B6-A0WT-01A-11D-A10A-05","open","fe6d927f-5f78-4abd-a5a9-f3f38e8f1a4a.methylation_array.sesame.level3betas.txt","07945a55-2d7b-4cc9-9a5a-41f97989f8bd","DNA Methylation","methylation_beta_value","Illumina Human Methylation 450",12904830,"2023-07-14T13:33:01.587749-05:00","61688e612feba8863fda6d0c2e6054a7","2023-07-18T10:26:38.101678-05:00","40076431-e5aa-426d-a5f2-57fe845d357d","Methylation Beta Value","released","Methylation Array","2","38.0 - 45.0","TCGA-BRCA","78de9728-ab63-4875-8460-fbce6cf12c76","released","fe6d927f-5f78-4abd-a5a9-f3f38e8f1a4a","quay.io/ncigdc","SeSAMe Methylation Beta Estimation","dc9467b78cf538a0430cd4027dc5092f77d47e20","Primary Tumor",NA,"TCGA-B6-A0WT","TCGA-B6-A0WT-01A"
"99aa4871-85a6-4155-bc8f-21eb300a9aad","TXT","TCGA-BH-A0B6-01A-11D-A19Z-05","open","a1d5d127-be2e-4173-b07e-539e0314fd33.methylation_array.sesame.level3betas.txt","a35531d9-4b73-4cb4-b0ac-c39777d61597","DNA Methylation","methylation_beta_value","Illumina Human Methylation 450",13147196,"2023-07-14T13:37:21.324558-05:00","db38de54bedd4e2ee5f745fbbea0d46c","2023-07-18T10:26:46.391731-05:00","99aa4871-85a6-4155-bc8f-21eb300a9aad","Methylation Beta Value","released","Methylation Array","2","38.0 - 45.0","TCGA-BRCA","35612177-4779-42f9-ac20-447b7e6d4ce7","released","a1d5d127-be2e-4173-b07e-539e0314fd33","quay.io/ncigdc","SeSAMe Methylation Beta Estimation","f8ef9dc6375573fc05fee47b70278d89f79a4cd7","Primary Tumor",NA,"TCGA-BH-A0B6","TCGA-BH-A0B6-01A"
"bafede8a-a8fd-4b4a-a848-e1636fbd2c26","TXT","TCGA-A2-A1G0-01A-11D-A13K-05","open","e6e72b0e-4244-4b0d-ba32-9f1f77dc941e.methylation_array.sesame.level3betas.txt","21f812b4-0b62-4fc8-82cd-0b209c2a9012","DNA Methylation","methylation_beta_value","Illumina Human Methylation 450",13165592,"2023-07-14T13:27:11.483791-05:00","5caa82eb5688cd2a0fc8ac51b85fe8af","2023-07-18T10:25:26.130038-05:00","bafede8a-a8fd-4b4a-a848-e1636fbd2c26","Methylation Beta Value","released","Methylation Array","2","38.0 - 45.0","TCGA-BRCA","e5d68d6a-9c99-426f-b087-b117f667a9c6","released","e6e72b0e-4244-4b0d-ba32-9f1f77dc941e","quay.io/ncigdc","SeSAMe Methylation Beta Estimation","f8ef9dc6375573fc05fee47b70278d89f79a4cd7","Primary Tumor",NA,"TCGA-A2-A1G0","TCGA-A2-A1G0-01A"
"c0d49c1c-5228-4164-93ec-b948b85ac134","TXT","TCGA-D8-A1Y3-01A-11D-A161-05","open","75d14ed3-7ab5-47ae-b521-abf8a8f0c69d.methylation_array.sesame.level3betas.txt","629d0b5f-c20f-45b1-a89c-be46e605172b","DNA Methylation","methylation_beta_value","Illumina Human Methylation 450",12889336,"2023-07-14T13:38:58.010247-05:00","fe66ae5ac8a25f7e7c2de071e6d70fff","2023-07-18T10:27:28.433673-05:00","c0d49c1c-5228-4164-93ec-b948b85ac134","Methylation Beta Value","released","Methylation Array","2","38.0 - 45.0","TCGA-BRCA","171c106e-299e-4919-8efc-63af2e8fade7","released","75d14ed3-7ab5-47ae-b521-abf8a8f0c69d","quay.io/ncigdc","SeSAMe Methylation Beta Estimation","dc9467b78cf538a0430cd4027dc5092f77d47e20","Primary Tumor",NA,"TCGA-D8-A1Y3","TCGA-D8-A1Y3-01A"
"a4a8b6d8-8dbc-4fe6-acad-d12a211187a1","TXT","TCGA-AR-A2LJ-01A-12D-A19Z-05","open","640ecddd-7074-40ba-8dbc-40bb33965d1d.methylation_array.sesame.level3betas.txt","51d004b8-52fc-4ed6-b103-064745b193ad","DNA Methylation","methylation_beta_value","Illumina Human Methylation 450",13185896,"2023-07-14T13:14:15.863216-05:00","785a947f79185ea5c87517b6cdc1ba7c","2023-07-18T10:25:31.283237-05:00","a4a8b6d8-8dbc-4fe6-acad-d12a211187a1","Methylation Beta Value","released","Methylation Array","2","38.0 - 45.0","TCGA-BRCA","d63bdcd1-9f4c-42dd-9c74-91dc2d4326df","released","640ecddd-7074-40ba-8dbc-40bb33965d1d","quay.io/ncigdc","SeSAMe Methylation Beta Estimation","f8ef9dc6375573fc05fee47b70278d89f79a4cd7","Primary Tumor",NA,"TCGA-AR-A2LJ","TCGA-AR-A2LJ-01A"
"4bbaa7a4-ccef-4e6e-883e-d8276f429def","TXT","TCGA-AO-A03M-01B-11D-A10N-05","open","c84877aa-f986-41cf-aefd-31c789004d26.methylation_array.sesame.level3betas.txt","0e700e2a-b1d5-4b4b-a507-76fe2a46c799","DNA Methylation","methylation_beta_value","Illumina Human Methylation 450",12979934,"2023-07-14T13:30:15.114663-05:00","4ba930372ae904dbafcd280484c133fc","2023-07-18T10:27:31.449276-05:00","4bbaa7a4-ccef-4e6e-883e-d8276f429def","Methylation Beta Value","released","Methylation Array","2","38.0 - 45.0","TCGA-BRCA","1c579279-8feb-4ea7-b93d-a7f1879b2644","released","c84877aa-f986-41cf-aefd-31c789004d26","quay.io/ncigdc","SeSAMe Methylation Beta Estimation","dc9467b78cf538a0430cd4027dc5092f77d47e20","Primary Tumor",NA,"TCGA-AO-A03M","TCGA-AO-A03M-01B"
"5b551ea3-e475-4fc5-9c2b-df114be11926","TXT","TCGA-AC-A6IV-01A-12D-A33F-05","open","7fb3bd77-6658-4916-8c4a-a76823b41ba0.methylation_array.sesame.level3betas.txt","eba6a6d8-eace-4cdf-9ca2-25dfd904adc6","DNA Methylation","methylation_beta_value","Illumina Human Methylation 450",13090032,"2023-07-14T13:34:34.672543-05:00","cb39fbbf7b71ca2f376c3b20c192d362","2023-07-18T10:27:11.283229-05:00","5b551ea3-e475-4fc5-9c2b-df114be11926","Methylation Beta Value","released","Methylation Array","2","38.0 - 45.0","TCGA-BRCA","d18e5cd8-28fb-44a2-8ab8-389fffd7f004","released","7fb3bd77-6658-4916-8c4a-a76823b41ba0","quay.io/ncigdc","SeSAMe Methylation Beta Estimation","dc9467b78cf538a0430cd4027dc5092f77d47e20","Primary Tumor",NA,"TCGA-AC-A6IV","TCGA-AC-A6IV-01A"
"2a6c9b7a-3440-443f-abd2-e9e67a1dbdb7","TXT","TCGA-AR-A1AL-01A-21D-A12R-05","open","a93d7d12-9f06-4c31-bc6f-e131c038a82e.methylation_array.sesame.level3betas.txt","0067e6b4-b4e0-4201-b8e6-c02b73a43529","DNA Methylation","methylation_beta_value","Illumina Human Methylation 450",12940577,"2023-07-14T13:31:59.479140-05:00","5c11cb76a6a7c0e3003eba040586062e","2023-07-18T10:25:37.469915-05:00","2a6c9b7a-3440-443f-abd2-e9e67a1dbdb7","Methylation Beta Value","released","Methylation Array","2","38.0 - 45.0","TCGA-BRCA","3058e840-387e-4a1a-b4cc-ad2ff1a074d3","released","a93d7d12-9f06-4c31-bc6f-e131c038a82e","quay.io/ncigdc","SeSAMe Methylation Beta Estimation","9e258094ac9d4febe3721ceba25c1b8dbd1a27f8","Primary Tumor",NA,"TCGA-AR-A1AL","TCGA-AR-A1AL-01A"
"2b804762-5cc4-46dc-a6bb-27442aff92d0","TXT","TCGA-A2-A0T2-01A-11D-A10P-05","open","a9dc2469-5671-4c9a-8d51-c5dd72ba08dd.methylation_array.sesame.level3betas.txt","6217724a-7ac8-4de4-bd21-c93d7f0a3fd6","DNA Methylation","methylation_beta_value","Illumina Human Methylation 450",12971526,"2023-07-14T13:46:36.411131-05:00","fff0ce5b7fcb23b52f97287a532b46e2","2023-07-18T10:26:09.754100-05:00","2b804762-5cc4-46dc-a6bb-27442aff92d0","Methylation Beta Value","released","Methylation Array","2","38.0 - 45.0","TCGA-BRCA","3fd4684a-a5f1-46a2-a884-e9b9ffe6ab95","released","a9dc2469-5671-4c9a-8d51-c5dd72ba08dd","quay.io/ncigdc","SeSAMe Methylation Beta Estimation","f8ef9dc6375573fc05fee47b70278d89f79a4cd7","Primary Tumor",NA,"TCGA-A2-A0T2","TCGA-A2-A0T2-01A"
"e35c699f-dc02-448c-9a41-45eceacb1d66","TXT","TCGA-D8-A27I-01A-11D-A16G-05","open","1261a01b-632e-41cf-a1ce-faa1798f5a9b.methylation_array.sesame.level3betas.txt","b36a3481-bd9b-40e5-ae09-3b798052b0ef","DNA Methylation","methylation_beta_value","Illumina Human Methylation 450",13180992,"2023-07-14T13:23:21.255002-05:00","d6e8f10f9cc57b7da4ea48a1cdf2ce0a","2023-07-18T10:27:20.348712-05:00","e35c699f-dc02-448c-9a41-45eceacb1d66","Methylation Beta Value","released","Methylation Array","2","38.0 - 45.0","TCGA-BRCA","1360a11e-7162-4a8d-bd9b-ce39c0e29c0d","released","1261a01b-632e-41cf-a1ce-faa1798f5a9b","quay.io/ncigdc","SeSAMe Methylation Beta Estimation","dc9467b78cf538a0430cd4027dc5092f77d47e20","Primary Tumor",NA,"TCGA-D8-A27I","TCGA-D8-A27I-01A"
"efb23654-8ad5-4ec1-a243-cc227af02127","TXT","TCGA-AN-A0XP-01A-11D-A10A-05","open","2b5dcec1-681f-4bff-b60b-f3a6683121ef.methylation_array.sesame.level3betas.txt","9e32b1da-e126-4a73-b9d7-598f2950887f","DNA Methylation","methylation_beta_value","Illumina Human Methylation 450",12597814,"2023-07-14T13:43:03.550694-05:00","1be4d3a5842ec047bd154cb0cdf8261f","2023-07-18T10:25:16.332842-05:00","efb23654-8ad5-4ec1-a243-cc227af02127","Methylation Beta Value","released","Methylation Array","2","38.0 - 45.0","TCGA-BRCA","5b124118-3d0b-4427-b5c3-775bd95a5b08","released","2b5dcec1-681f-4bff-b60b-f3a6683121ef","quay.io/ncigdc","SeSAMe Methylation Beta Estimation","9e258094ac9d4febe3721ceba25c1b8dbd1a27f8","Primary Tumor",NA,"TCGA-AN-A0XP","TCGA-AN-A0XP-01A"
"dda7f683-4398-49f6-bc6f-496ae7bf7abb","TXT","TCGA-BH-A1F6-11B-94D-A13T-05","open","8da6e66f-f014-4652-af13-c650c72c98ba.methylation_array.sesame.level3betas.txt","8d558362-91c9-4cb8-bede-207a86f5883e","DNA Methylation","methylation_beta_value","Illumina Human Methylation 450",13132038,"2023-07-14T13:30:07.972529-05:00","a3ffe7aef9323a5d07e42e4675a5029e","2023-07-18T10:24:45.188960-05:00","dda7f683-4398-49f6-bc6f-496ae7bf7abb","Methylation Beta Value","released","Methylation Array","2","38.0 - 45.0","TCGA-BRCA","1b1092a4-a629-4c1b-929b-8d88eaa3be22","released","8da6e66f-f014-4652-af13-c650c72c98ba","quay.io/ncigdc","SeSAMe Methylation Beta Estimation","f8ef9dc6375573fc05fee47b70278d89f79a4cd7","Solid Tissue Normal",NA,"TCGA-BH-A1F6","TCGA-BH-A1F6-11B"
"26c42e8b-c5d6-4ffe-b0f2-2c7a9d483e39","TXT","TCGA-A7-A4SF-01A-11D-A268-05","open","a4cdeced-578d-45de-a38f-caa2b65b0715.methylation_array.sesame.level3betas.txt","b035d537-6b4f-4b30-a660-9caf2aa32d31","DNA Methylation","methylation_beta_value","Illumina Human Methylation 450",12839765,"2023-07-14T13:13:40.373955-05:00","03405e00f4ff00c61cef5aecd0856cb3","2023-07-18T10:26:36.281167-05:00","26c42e8b-c5d6-4ffe-b0f2-2c7a9d483e39","Methylation Beta Value","released","Methylation Array","2","38.0 - 45.0","TCGA-BRCA","2be38561-5bab-4f68-b66c-856f571ab6ec","released","a4cdeced-578d-45de-a38f-caa2b65b0715","quay.io/ncigdc","SeSAMe Methylation Beta Estimation","f8ef9dc6375573fc05fee47b70278d89f79a4cd7","Primary Tumor",NA,"TCGA-A7-A4SF","TCGA-A7-A4SF-01A"
"d2055140-6100-426f-9fbc-8adc8d5459ec","TXT","TCGA-EW-A6S9-01A-22D-A33F-05","open","462efbad-7836-4592-af9a-14be169a5a9e.methylation_array.sesame.level3betas.txt","b7ca3cfd-0fd3-4850-b5b1-05794df79099","DNA Methylation","methylation_beta_value","Illumina Human Methylation 450",13115705,"2023-07-14T13:10:44.286578-05:00","7ef35e098765c924b9e5f485c3d643ac","2023-07-18T10:26:48.087508-05:00","d2055140-6100-426f-9fbc-8adc8d5459ec","Methylation Beta Value","released","Methylation Array","2","38.0 - 45.0","TCGA-BRCA","08bbd9e7-4123-4e67-b215-98a30ce06516","released","462efbad-7836-4592-af9a-14be169a5a9e","quay.io/ncigdc","SeSAMe Methylation Beta Estimation","dc9467b78cf538a0430cd4027dc5092f77d47e20","Primary Tumor",NA,"TCGA-EW-A6S9","TCGA-EW-A6S9-01A"
"7c5f03a5-e53c-4651-a4bf-c62126dd4105","TXT","TCGA-E9-A1N6-01A-11D-A145-05","open","0b0e74c7-04dd-48d7-be8c-ea2069f1f99c.methylation_array.sesame.level3betas.txt","bb3d85fb-139e-4e82-b328-e5a50e865ddb","DNA Methylation","methylation_beta_value","Illumina Human Methylation 450",13187939,"2023-07-14T13:31:07.556509-05:00","186ece72aa4784f52efe197770b892a7","2023-07-18T10:26:41.646013-05:00","7c5f03a5-e53c-4651-a4bf-c62126dd4105","Methylation Beta Value","released","Methylation Array","2","38.0 - 45.0","TCGA-BRCA","97f0ebea-f837-40c1-a706-4a49696379fa","released","0b0e74c7-04dd-48d7-be8c-ea2069f1f99c","quay.io/ncigdc","SeSAMe Methylation Beta Estimation","dc9467b78cf538a0430cd4027dc5092f77d47e20","Primary Tumor",NA,"TCGA-E9-A1N6","TCGA-E9-A1N6-01A"
"85d6a443-04c2-4b5c-979e-b0148dc119f1","TXT","TCGA-EW-A1J5-01A-11D-A13K-05","open","c186a5f0-883d-425a-8b78-f2ef5bb570b6.methylation_array.sesame.level3betas.txt","9d9f2aa0-6dbd-4787-9ce0-e53948b7d03e","DNA Methylation","methylation_beta_value","Illumina Human Methylation 450",13149210,"2023-07-14T13:08:55.725027-05:00","868d5ca4c12ba4ec2d643107d4bf2a44","2023-07-18T10:25:59.684724-05:00","85d6a443-04c2-4b5c-979e-b0148dc119f1","Methylation Beta Value","released","Methylation Array","2","38.0 - 45.0","TCGA-BRCA","7c44c936-b872-404d-bf63-9f407879e4f2","released","c186a5f0-883d-425a-8b78-f2ef5bb570b6","quay.io/ncigdc","SeSAMe Methylation Beta Estimation","dc9467b78cf538a0430cd4027dc5092f77d47e20","Primary Tumor",NA,"TCGA-EW-A1J5","TCGA-EW-A1J5-01A"
"488463f4-4f97-4aed-b080-77e20b03502d","TXT","TCGA-E2-A1L6-01A-11D-A13K-05","open","26df43a5-3f2c-42c5-96fe-53543a24f282.methylation_array.sesame.level3betas.txt","0959ad50-67fc-44e2-9d6c-5e0f0742fda3","DNA Methylation","methylation_beta_value","Illumina Human Methylation 450",13062260,"2023-07-14T13:26:27.252068-05:00","bd9606323228ced8f88e6fdc394dfe2b","2023-07-18T10:25:45.443221-05:00","488463f4-4f97-4aed-b080-77e20b03502d","Methylation Beta Value","released","Methylation Array","2","38.0 - 45.0","TCGA-BRCA","85f94683-23d9-455c-abaf-34516bf62862","released","26df43a5-3f2c-42c5-96fe-53543a24f282","quay.io/ncigdc","SeSAMe Methylation Beta Estimation","f8ef9dc6375573fc05fee47b70278d89f79a4cd7","Primary Tumor",NA,"TCGA-E2-A1L6","TCGA-E2-A1L6-01A"
"d6217474-7e53-4d4b-a8f5-8d6dbe6b8a66","TXT","TCGA-E9-A54Y-01A-11D-A268-05","open","b2f29fc2-4e0c-42ab-99af-05dd050ea004.methylation_array.sesame.level3betas.txt","343a9ee8-24ff-41f6-ac8a-77e0f9504214","DNA Methylation","methylation_beta_value","Illumina Human Methylation 450",12873348,"2023-07-14T13:19:10.138664-05:00","132dd980bfbc37a729920a7eeb0ce761","2023-07-18T10:26:57.819002-05:00","d6217474-7e53-4d4b-a8f5-8d6dbe6b8a66","Methylation Beta Value","released","Methylation Array","2","38.0 - 45.0","TCGA-BRCA","379364da-2953-45a2-bf83-ac4603de8e22","released","b2f29fc2-4e0c-42ab-99af-05dd050ea004","quay.io/ncigdc","SeSAMe Methylation Beta Estimation","dc9467b78cf538a0430cd4027dc5092f77d47e20","Primary Tumor",NA,"TCGA-E9-A54Y","TCGA-E9-A54Y-01A"
"20e37641-fdd0-4358-aa90-a4d21fea37e6","TXT","TCGA-B6-A0RO-01A-22D-A10P-05","open","582284a7-80bd-4ffe-9bf7-da8800ab2fd8.methylation_array.sesame.level3betas.txt","f7655727-c065-4386-ab46-8ff38efec410","DNA Methylation","methylation_beta_value","Illumina Human Methylation 450",12939526,"2023-07-14T13:18:39.098959-05:00","e120d621a3f34dbf5876fb2874c4d4c4","2023-07-18T10:27:24.375796-05:00","20e37641-fdd0-4358-aa90-a4d21fea37e6","Methylation Beta Value","released","Methylation Array","2","38.0 - 45.0","TCGA-BRCA","2a3ea94d-2079-4113-aa4f-261419c3fd8e","released","582284a7-80bd-4ffe-9bf7-da8800ab2fd8","quay.io/ncigdc","SeSAMe Methylation Beta Estimation","dc9467b78cf538a0430cd4027dc5092f77d47e20","Primary Tumor",NA,"TCGA-B6-A0RO","TCGA-B6-A0RO-01A"
"30a12694-922e-4e88-95e0-93599db2cc80","TXT","TCGA-A2-A0SY-01A-31D-A10P-05","open","3afc24c4-39ab-4492-a7f2-63163d6097f7.methylation_array.sesame.level3betas.txt","36d1871d-601c-4483-a480-36ae5d3f2850","DNA Methylation","methylation_beta_value","Illumina Human Methylation 450",13033380,"2023-07-14T13:35:46.557009-05:00","e9899e9eaae5bb78d3de2f5d0d909e8e","2023-07-18T10:25:49.284593-05:00","30a12694-922e-4e88-95e0-93599db2cc80","Methylation Beta Value","released","Methylation Array","2","38.0 - 45.0","TCGA-BRCA","a20d5318-eba2-426b-a240-9a92a6ad5697","released","3afc24c4-39ab-4492-a7f2-63163d6097f7","quay.io/ncigdc","SeSAMe Methylation Beta Estimation","9e258094ac9d4febe3721ceba25c1b8dbd1a27f8","Primary Tumor",NA,"TCGA-A2-A0SY","TCGA-A2-A0SY-01A"
"a352f2b1-8db3-4f62-b12a-c7ae181bc29d","TXT","TCGA-AR-A24S-01A-11D-A16A-05","open","1bbe14ae-7f29-4722-9252-f192c86ccfb1.methylation_array.sesame.level3betas.txt","dd5a6cf8-1e2b-4264-8d02-4bca0147c108","DNA Methylation","methylation_beta_value","Illumina Human Methylation 450",13156529,"2023-07-14T13:14:24.882982-05:00","be7120328df379e6f264bc983a80981e","2023-07-18T10:26:07.253368-05:00","a352f2b1-8db3-4f62-b12a-c7ae181bc29d","Methylation Beta Value","released","Methylation Array","2","38.0 - 45.0","TCGA-BRCA","b29ceec8-2802-4258-bf46-3026e8a0fdb8","released","1bbe14ae-7f29-4722-9252-f192c86ccfb1","quay.io/ncigdc","SeSAMe Methylation Beta Estimation","f8ef9dc6375573fc05fee47b70278d89f79a4cd7","Primary Tumor",NA,"TCGA-AR-A24S","TCGA-AR-A24S-01A"
"4b88aa5c-8d9e-4bfd-bfed-6654eb6b292f","TXT","TCGA-Z7-A8R5-01A-42D-A41Q-05","open","b36d2cc6-8eee-40f3-b6f2-cbc1bc7f2502.methylation_array.sesame.level3betas.txt","ea45f069-77bc-4578-a952-57cb2f6a3a61","DNA Methylation","methylation_beta_value","Illumina Human Methylation 450",13076586,"2023-07-14T13:17:35.870178-05:00","99c2d452c5d6b205c7705ff07ad23976","2023-07-18T10:26:02.714675-05:00","4b88aa5c-8d9e-4bfd-bfed-6654eb6b292f","Methylation Beta Value","released","Methylation Array","2","38.0 - 45.0","TCGA-BRCA","fe2b1b8f-4d34-495e-a55c-5cbd4b5958f4","released","b36d2cc6-8eee-40f3-b6f2-cbc1bc7f2502","quay.io/ncigdc","SeSAMe Methylation Beta Estimation","9e258094ac9d4febe3721ceba25c1b8dbd1a27f8","Primary Tumor",NA,"TCGA-Z7-A8R5","TCGA-Z7-A8R5-01A"
"dbddf005-bc00-43f9-aa1b-5d4341e7c2d9","TXT","TCGA-E2-A1IF-01A-11D-A145-05","open","ef9ed8c4-f5d0-4d4e-85a2-24ea01ee81da.methylation_array.sesame.level3betas.txt","533da85d-b4a7-4ba7-997b-717080962672","DNA Methylation","methylation_beta_value","Illumina Human Methylation 450",13182562,"2023-07-14T13:16:13.541165-05:00","f051398cc1fc2d048f4f905cc5ea413c","2023-07-18T10:26:48.516066-05:00","dbddf005-bc00-43f9-aa1b-5d4341e7c2d9","Methylation Beta Value","released","Methylation Array","2","38.0 - 45.0","TCGA-BRCA","086e23cf-2c9d-479a-bb49-44b6ee53ece7","released","ef9ed8c4-f5d0-4d4e-85a2-24ea01ee81da","quay.io/ncigdc","SeSAMe Methylation Beta Estimation","dc9467b78cf538a0430cd4027dc5092f77d47e20","Primary Tumor",NA,"TCGA-E2-A1IF","TCGA-E2-A1IF-01A"
"7251c6d8-28ff-430c-ab07-471b7b73ac47","TXT","TCGA-BH-A0BV-11A-31D-A10Q-05","open","f3088c37-e3a9-4a91-987b-38c0ecd4aea9.methylation_array.sesame.level3betas.txt","9400170e-b7ef-4075-9321-8877733a8ef0","DNA Methylation","methylation_beta_value","Illumina Human Methylation 450",12804095,"2023-07-14T13:31:23.769216-05:00","14e5215d68ba7ec8ef7931fd4482795d","2023-07-18T10:25:27.396929-05:00","7251c6d8-28ff-430c-ab07-471b7b73ac47","Methylation Beta Value","released","Methylation Array","2","38.0 - 45.0","TCGA-BRCA","ef71c325-f416-4af8-9ee7-61a698d8305a","released","f3088c37-e3a9-4a91-987b-38c0ecd4aea9","quay.io/ncigdc","SeSAMe Methylation Beta Estimation","f8ef9dc6375573fc05fee47b70278d89f79a4cd7","Solid Tissue Normal",NA,"TCGA-BH-A0BV","TCGA-BH-A0BV-11A"
"5654a5ef-84e5-4382-9b31-13177eeaf59e","TXT","TCGA-E2-A1IF-11A-22D-A145-05","open","e789d370-f952-4903-b214-8cbaab4dd4f7.methylation_array.sesame.level3betas.txt","7daf8834-7c03-4bc6-b5b6-45cd078c8f41","DNA Methylation","methylation_beta_value","Illumina Human Methylation 450",13200818,"2023-07-14T13:42:02.965760-05:00","fd39142d4298443e051cd1761845b47b","2023-07-18T10:25:38.226630-05:00","5654a5ef-84e5-4382-9b31-13177eeaf59e","Methylation Beta Value","released","Methylation Array","2","38.0 - 45.0","TCGA-BRCA","cae4ff96-965d-4390-b932-446c78f69ae7","released","e789d370-f952-4903-b214-8cbaab4dd4f7","quay.io/ncigdc","SeSAMe Methylation Beta Estimation","f8ef9dc6375573fc05fee47b70278d89f79a4cd7","Solid Tissue Normal",NA,"TCGA-E2-A1IF","TCGA-E2-A1IF-11A"
"582bdadd-52e8-4742-b078-9146044267aa","TXT","TCGA-E2-A1B5-11A-23D-A12R-05","open","b272b0ca-9f53-4e6c-9033-f53fee8496d2.methylation_array.sesame.level3betas.txt","75753346-b326-4937-a865-78baed17affa","DNA Methylation","methylation_beta_value","Illumina Human Methylation 450",13028573,"2023-07-14T13:37:05.065224-05:00","e9dae2c77cc3cc0e148f51b375f47589","2023-07-18T10:27:27.374739-05:00","582bdadd-52e8-4742-b078-9146044267aa","Methylation Beta Value","released","Methylation Array","2","38.0 - 45.0","TCGA-BRCA","03bff929-cee3-4c11-aefd-18bb491a69b2","released","b272b0ca-9f53-4e6c-9033-f53fee8496d2","quay.io/ncigdc","SeSAMe Methylation Beta Estimation","f8ef9dc6375573fc05fee47b70278d89f79a4cd7","Solid Tissue Normal",NA,"TCGA-E2-A1B5","TCGA-E2-A1B5-11A"
"0a7b7988-bb5d-4d20-8406-6e7381a20ee0","TXT","TCGA-A7-A3RF-01A-11D-A22B-05","open","f466d74d-9354-49dd-a413-9d6ca02da59d.methylation_array.sesame.level3betas.txt","2371c694-4ce2-4946-bf20-c3b4da76f15a","DNA Methylation","methylation_beta_value","Illumina Human Methylation 450",13187355,"2023-07-14T13:40:40.337914-05:00","9675801222423b56943698ed2575f13c","2023-07-18T10:26:37.517352-05:00","0a7b7988-bb5d-4d20-8406-6e7381a20ee0","Methylation Beta Value","released","Methylation Array","2","38.0 - 45.0","TCGA-BRCA","23b87943-38c2-4edd-b649-6e2c290fae52","released","f466d74d-9354-49dd-a413-9d6ca02da59d","quay.io/ncigdc","SeSAMe Methylation Beta Estimation","dc9467b78cf538a0430cd4027dc5092f77d47e20","Primary Tumor",NA,"TCGA-A7-A3RF","TCGA-A7-A3RF-01A"
"4e012b2e-395e-4999-b326-b0239da2496c","TXT","TCGA-A2-A0YI-01A-31D-A10N-05","open","81c92712-e0a1-4c03-b4b3-1fb7492ba008.methylation_array.sesame.level3betas.txt","353eb274-58ac-4263-be10-5059f2bff261","DNA Methylation","methylation_beta_value","Illumina Human Methylation 450",12989573,"2023-07-14T13:42:35.076040-05:00","653bff9dc4cf1421d257386f7aa9072a","2023-07-18T10:26:51.899237-05:00","4e012b2e-395e-4999-b326-b0239da2496c","Methylation Beta Value","released","Methylation Array","2","38.0 - 45.0","TCGA-BRCA","7e47c6b0-acbf-4f2a-8144-fc3a3fb1737a","released","81c92712-e0a1-4c03-b4b3-1fb7492ba008","quay.io/ncigdc","SeSAMe Methylation Beta Estimation","f8ef9dc6375573fc05fee47b70278d89f79a4cd7","Primary Tumor",NA,"TCGA-A2-A0YI","TCGA-A2-A0YI-01A"
"a32fbdc7-a3ff-472e-adf0-4625dd239062","TXT","TCGA-B6-A408-01A-12D-A244-05","open","2499ced3-14f2-4c86-94f2-2a352c57b580.methylation_array.sesame.level3betas.txt","7788acdf-f47d-4b65-bff8-0cefede9ef14","DNA Methylation","methylation_beta_value","Illumina Human Methylation 450",13141061,"2023-07-14T13:17:52.623477-05:00","b42c03d1e3070360ebb180a534cc5d28","2023-07-18T10:25:13.591373-05:00","a32fbdc7-a3ff-472e-adf0-4625dd239062","Methylation Beta Value","released","Methylation Array","2","38.0 - 45.0","TCGA-BRCA","74cc0714-3f2e-495f-8e8a-23b5bb8ae869","released","2499ced3-14f2-4c86-94f2-2a352c57b580","quay.io/ncigdc","SeSAMe Methylation Beta Estimation","9e258094ac9d4febe3721ceba25c1b8dbd1a27f8","Primary Tumor",NA,"TCGA-B6-A408","TCGA-B6-A408-01A"
"8b8f6c3d-6015-444a-ab39-7457aa33bca8","TXT","TCGA-AR-A5QM-01A-11D-A27Y-05","open","423e6077-5b60-497e-857f-75c63f7f7254.methylation_array.sesame.level3betas.txt","0d6010ba-3572-4bec-9446-30b4339aefa5","DNA Methylation","methylation_beta_value","Illumina Human Methylation 450",13186905,"2023-07-14T13:28:40.172751-05:00","3cf8ca2096a99c45f0a252e23944a83f","2023-07-18T10:27:15.991020-05:00","8b8f6c3d-6015-444a-ab39-7457aa33bca8","Methylation Beta Value","released","Methylation Array","2","38.0 - 45.0","TCGA-BRCA","ccfb8735-ae78-431f-8d33-677703b8a4f7","released","423e6077-5b60-497e-857f-75c63f7f7254","quay.io/ncigdc","SeSAMe Methylation Beta Estimation","f8ef9dc6375573fc05fee47b70278d89f79a4cd7","Primary Tumor",NA,"TCGA-AR-A5QM","TCGA-AR-A5QM-01A"
"af4bd1a6-e888-452e-94ef-f30f74205c65","TXT","TCGA-BH-A1EW-01A-11D-A138-05","open","2441c58b-f27e-46c7-aeb9-45d27226d8f9.methylation_array.sesame.level3betas.txt","5b4de91a-57fa-48fa-9168-f7495b6b7e6b","DNA Methylation","methylation_beta_value","Illumina Human Methylation 450",12947643,"2023-07-14T13:38:32.216309-05:00","ed6e3279bf97f9f179f166b687e4f209","2023-07-18T10:27:20.625316-05:00","af4bd1a6-e888-452e-94ef-f30f74205c65","Methylation Beta Value","released","Methylation Array","2","38.0 - 45.0","TCGA-BRCA","0db6311f-468a-49f7-a34f-8d8971326a48","released","2441c58b-f27e-46c7-aeb9-45d27226d8f9","quay.io/ncigdc","SeSAMe Methylation Beta Estimation","9e258094ac9d4febe3721ceba25c1b8dbd1a27f8","Primary Tumor",NA,"TCGA-BH-A1EW","TCGA-BH-A1EW-01A"
"748b849c-d690-4eba-a915-1c3c53f346cc","TXT","TCGA-A1-A0SO-01A-22D-A10P-05","open","5f5405b8-f259-4935-a670-a343223cb522.methylation_array.sesame.level3betas.txt","2b195717-31b7-47c8-b0a4-7c16b6c1d25c","DNA Methylation","methylation_beta_value","Illumina Human Methylation 450",12960971,"2023-07-14T13:32:39.703126-05:00","16260e62ef455af5cd6203cbe1034e60","2023-07-18T10:26:40.961461-05:00","748b849c-d690-4eba-a915-1c3c53f346cc","Methylation Beta Value","released","Methylation Array","2","38.0 - 45.0","TCGA-BRCA","c710fcee-df52-45f0-a81e-c0b564f24a7b","released","5f5405b8-f259-4935-a670-a343223cb522","quay.io/ncigdc","SeSAMe Methylation Beta Estimation","f8ef9dc6375573fc05fee47b70278d89f79a4cd7","Primary Tumor",NA,"TCGA-A1-A0SO","TCGA-A1-A0SO-01A"
"362f3c92-ae91-4f2c-96cd-08e6d6d83614","TXT","TCGA-AR-A24W-01A-11D-A16A-05","open","57b6106d-4dea-4047-a6b9-2e154c87bd06.methylation_array.sesame.level3betas.txt","93a375ec-824d-4853-914d-0995245c9f7e","DNA Methylation","methylation_beta_value","Illumina Human Methylation 450",13177464,"2023-07-14T13:44:37.878769-05:00","4f3a30a6d85c84550d9a0f94b952e21c","2023-07-18T10:26:06.413323-05:00","362f3c92-ae91-4f2c-96cd-08e6d6d83614","Methylation Beta Value","released","Methylation Array","2","38.0 - 45.0","TCGA-BRCA","c9aecdf5-3509-4847-8d6f-3dd13de4fe39","released","57b6106d-4dea-4047-a6b9-2e154c87bd06","quay.io/ncigdc","SeSAMe Methylation Beta Estimation","f8ef9dc6375573fc05fee47b70278d89f79a4cd7","Primary Tumor",NA,"TCGA-AR-A24W","TCGA-AR-A24W-01A"
"fd5c8ef5-c4b2-4a22-a2a3-332be5f30527","TXT","TCGA-LL-A441-01A-11D-A244-05","open","1f5a3716-6527-4772-a05d-a33478f2a87e.methylation_array.sesame.level3betas.txt","a9a12b77-41a4-436d-9052-5997510aab86","DNA Methylation","methylation_beta_value","Illumina Human Methylation 450",13156016,"2023-07-14T13:44:35.795442-05:00","92f400fa73c7a2ae0c5d21c6aa0f40f2","2023-07-18T10:27:08.914096-05:00","fd5c8ef5-c4b2-4a22-a2a3-332be5f30527","Methylation Beta Value","released","Methylation Array","2","38.0 - 45.0","TCGA-BRCA","b35bef67-4ebd-4f10-8118-1139af916c45","released","1f5a3716-6527-4772-a05d-a33478f2a87e","quay.io/ncigdc","SeSAMe Methylation Beta Estimation","f8ef9dc6375573fc05fee47b70278d89f79a4cd7","Primary Tumor",NA,"TCGA-LL-A441","TCGA-LL-A441-01A"
"95805108-b44a-46da-ae48-e6ba2698bc5d","TXT","TCGA-BH-A42T-01A-11D-A244-05","open","a7661078-0187-48ae-9ecc-0bd522da1cb3.methylation_array.sesame.level3betas.txt","72856f3b-be7c-4227-ac54-6c43f7a9c8ba","DNA Methylation","methylation_beta_value","Illumina Human Methylation 450",13154561,"2023-07-14T13:16:46.669779-05:00","cb608d4db6968cd1898864786144daea","2023-07-18T10:26:58.247493-05:00","95805108-b44a-46da-ae48-e6ba2698bc5d","Methylation Beta Value","released","Methylation Array","2","38.0 - 45.0","TCGA-BRCA","a00335f5-8051-4dc9-91a9-9b4a2ab98371","released","a7661078-0187-48ae-9ecc-0bd522da1cb3","quay.io/ncigdc","SeSAMe Methylation Beta Estimation","f8ef9dc6375573fc05fee47b70278d89f79a4cd7","Primary Tumor",NA,"TCGA-BH-A42T","TCGA-BH-A42T-01A"
"6aaee06b-b9d4-41a9-9429-a4ec9abb7716","TXT","TCGA-E2-A1IU-01A-11D-A14H-05","open","b188b8ae-d5f0-441e-94cb-2eacc8e4507d.methylation_array.sesame.level3betas.txt","bfa67d0e-89af-4918-918c-90ceaaf49d5e","DNA Methylation","methylation_beta_value","Illumina Human Methylation 450",13166671,"2023-07-14T13:30:49.881059-05:00","cf7de19dfa7b3b2b6c9f1cf764a96c9f","2023-07-18T10:27:07.132964-05:00","6aaee06b-b9d4-41a9-9429-a4ec9abb7716","Methylation Beta Value","released","Methylation Array","2","38.0 - 45.0","TCGA-BRCA","8e529abb-ee78-42b7-ad3d-ad9fd1d20562","released","b188b8ae-d5f0-441e-94cb-2eacc8e4507d","quay.io/ncigdc","SeSAMe Methylation Beta Estimation","9e258094ac9d4febe3721ceba25c1b8dbd1a27f8","Primary Tumor",NA,"TCGA-E2-A1IU","TCGA-E2-A1IU-01A"
"7b14ae27-09ae-4270-863b-f4ae60352862","TXT","TCGA-D8-A27T-01A-11D-A16G-05","open","0c97049a-7e63-4143-877f-0a06e25cba07.methylation_array.sesame.level3betas.txt","58ee61d6-506a-4b19-bfd5-6d9c288d1857","DNA Methylation","methylation_beta_value","Illumina Human Methylation 450",13149655,"2023-07-14T13:26:46.088658-05:00","0e78047437fb31cd07ccc90b640ffc94","2023-07-18T10:25:24.457823-05:00","7b14ae27-09ae-4270-863b-f4ae60352862","Methylation Beta Value","released","Methylation Array","2","38.0 - 45.0","TCGA-BRCA","3ddf0391-98be-48fc-bc7c-34922b412978","released","0c97049a-7e63-4143-877f-0a06e25cba07","quay.io/ncigdc","SeSAMe Methylation Beta Estimation","f8ef9dc6375573fc05fee47b70278d89f79a4cd7","Primary Tumor",NA,"TCGA-D8-A27T","TCGA-D8-A27T-01A"
"77fb2796-461e-4bd3-89dc-51834d2b6389","TXT","TCGA-GM-A2DM-01A-11D-A17Z-05","open","b9098526-4da0-4f8d-9afd-9a7a763661a3.methylation_array.sesame.level3betas.txt","d35eb712-2269-4f64-86ea-139606d17851","DNA Methylation","methylation_beta_value","Illumina Human Methylation 450",13205932,"2023-07-14T13:24:33.534408-05:00","e29bcc33c6f530149f1aee4c99fdb6b5","2023-07-18T10:26:55.034174-05:00","77fb2796-461e-4bd3-89dc-51834d2b6389","Methylation Beta Value","released","Methylation Array","2","38.0 - 45.0","TCGA-BRCA","149f87f5-34ed-4b02-aa65-331891ece4d0","released","b9098526-4da0-4f8d-9afd-9a7a763661a3","quay.io/ncigdc","SeSAMe Methylation Beta Estimation","dc9467b78cf538a0430cd4027dc5092f77d47e20","Primary Tumor",NA,"TCGA-GM-A2DM","TCGA-GM-A2DM-01A"
"77fe848b-5096-4049-88e1-3c05fa785c53","TXT","TCGA-E2-A1IK-01A-11D-A145-05","open","abe06bdb-e981-4bcc-b93c-2ca499847303.methylation_array.sesame.level3betas.txt","6c895f5a-3e49-4806-992c-646d4b773511","DNA Methylation","methylation_beta_value","Illumina Human Methylation 450",13207583,"2023-07-14T13:44:06.951516-05:00","3aab390a81992bc26d347d67bc3624ad","2023-07-18T10:26:06.837021-05:00","77fe848b-5096-4049-88e1-3c05fa785c53","Methylation Beta Value","released","Methylation Array","2","38.0 - 45.0","TCGA-BRCA","1b2d50bc-c0b3-49b1-996d-e14218979230","released","abe06bdb-e981-4bcc-b93c-2ca499847303","quay.io/ncigdc","SeSAMe Methylation Beta Estimation","dc9467b78cf538a0430cd4027dc5092f77d47e20","Primary Tumor",NA,"TCGA-E2-A1IK","TCGA-E2-A1IK-01A"
"139fb7c0-fe33-438d-b5a7-17ecb2436623","TXT","TCGA-C8-A26Y-01A-11D-A16G-05","open","bee6e21c-b649-425a-9356-1d177793a18a.methylation_array.sesame.level3betas.txt","ecc53c72-1d65-439b-b621-5ec01fbe8331","DNA Methylation","methylation_beta_value","Illumina Human Methylation 450",13137209,"2023-07-14T13:39:14.784810-05:00","a87d64f8378cee070a1d1d0f11961f78","2023-07-18T10:26:25.716679-05:00","139fb7c0-fe33-438d-b5a7-17ecb2436623","Methylation Beta Value","released","Methylation Array","2","38.0 - 45.0","TCGA-BRCA","deb0d3b9-11ca-493e-bf12-6e999b16cf94","released","bee6e21c-b649-425a-9356-1d177793a18a","quay.io/ncigdc","SeSAMe Methylation Beta Estimation","f8ef9dc6375573fc05fee47b70278d89f79a4cd7","Primary Tumor",NA,"TCGA-C8-A26Y","TCGA-C8-A26Y-01A"
"8895bb33-df02-4203-9b86-72ea61aa9f21","TXT","TCGA-B6-A402-01A-11D-A23D-05","open","82211aee-84c0-4801-97c5-fbd74b06abf0.methylation_array.sesame.level3betas.txt","b638577e-581d-4fa8-85d9-c494e960a2b6","DNA Methylation","methylation_beta_value","Illumina Human Methylation 450",13043915,"2023-07-14T13:43:05.399916-05:00","078763a7358500c3d9845e22297ceed7","2023-07-18T10:26:16.548631-05:00","8895bb33-df02-4203-9b86-72ea61aa9f21","Methylation Beta Value","released","Methylation Array","2","38.0 - 45.0","TCGA-BRCA","2b36b21a-1c69-4279-b95e-71ab01bf61b2","released","82211aee-84c0-4801-97c5-fbd74b06abf0","quay.io/ncigdc","SeSAMe Methylation Beta Estimation","f8ef9dc6375573fc05fee47b70278d89f79a4cd7","Primary Tumor",NA,"TCGA-B6-A402","TCGA-B6-A402-01A"
"a951c9f8-9898-4fdc-815c-fb10c90f2c53","TXT","TCGA-AQ-A04L-01B-21D-A10N-05","open","b37bb861-d333-4d98-876a-7c69ab2aa92c.methylation_array.sesame.level3betas.txt","fbeaf335-4591-4c71-afbb-b4bb0eb69777","DNA Methylation","methylation_beta_value","Illumina Human Methylation 450",12886893,"2023-07-14T13:32:44.949606-05:00","75b7fd2c5d0d195a4b3b7f423ebbbc18","2023-07-18T10:26:10.949735-05:00","a951c9f8-9898-4fdc-815c-fb10c90f2c53","Methylation Beta Value","released","Methylation Array","2","38.0 - 45.0","TCGA-BRCA","2111734a-7783-48e7-ad2a-033d4038005b","released","b37bb861-d333-4d98-876a-7c69ab2aa92c","quay.io/ncigdc","SeSAMe Methylation Beta Estimation","f8ef9dc6375573fc05fee47b70278d89f79a4cd7","Primary Tumor",NA,"TCGA-AQ-A04L","TCGA-AQ-A04L-01B"
"5b8bb656-0622-47af-9307-3ce96c8f588d","TXT","TCGA-A2-A1G1-01A-21D-A13K-05","open","8ab92ef9-9b28-40fb-b650-39d22d9dcd94.methylation_array.sesame.level3betas.txt","78da7033-b078-4108-a012-105769e1e6db","DNA Methylation","methylation_beta_value","Illumina Human Methylation 450",13107058,"2023-07-14T13:31:38.381570-05:00","b7f832260f6e175f8cfe44c629e3a3b6","2023-07-18T10:25:26.408483-05:00","5b8bb656-0622-47af-9307-3ce96c8f588d","Methylation Beta Value","released","Methylation Array","2","38.0 - 45.0","TCGA-BRCA","08b47e0e-d944-43d5-b635-04cb1bae7f53","released","8ab92ef9-9b28-40fb-b650-39d22d9dcd94","quay.io/ncigdc","SeSAMe Methylation Beta Estimation","f8ef9dc6375573fc05fee47b70278d89f79a4cd7","Primary Tumor",NA,"TCGA-A2-A1G1","TCGA-A2-A1G1-01A"
"4b70a329-0a34-4bbe-8a13-47153a399bff","TXT","TCGA-A8-A075-01A-11D-A10P-05","open","10e15aad-8f12-470a-ae98-1bca3678c04b.methylation_array.sesame.level3betas.txt","977b4145-1555-42d6-b637-8b4476b27325","DNA Methylation","methylation_beta_value","Illumina Human Methylation 450",12860710,"2023-07-14T13:14:11.946263-05:00","700acb33a5b7bfe2391f56b7da06876f","2023-07-18T10:24:42.358937-05:00","4b70a329-0a34-4bbe-8a13-47153a399bff","Methylation Beta Value","released","Methylation Array","2","38.0 - 45.0","TCGA-BRCA","69ec18bc-2853-4551-be8a-70a00a7a218c","released","10e15aad-8f12-470a-ae98-1bca3678c04b","quay.io/ncigdc","SeSAMe Methylation Beta Estimation","9e258094ac9d4febe3721ceba25c1b8dbd1a27f8","Primary Tumor",NA,"TCGA-A8-A075","TCGA-A8-A075-01A"
"9eec9526-ab02-4c55-ba15-97454c1f3880","TXT","TCGA-D8-A3Z5-01A-41D-A244-05","open","901ff87b-1380-4869-9ac6-511a2cb1353a.methylation_array.sesame.level3betas.txt","a3357e9f-97f3-48cc-bf6a-e23052f2b04f","DNA Methylation","methylation_beta_value","Illumina Human Methylation 450",13189272,"2023-07-14T13:31:12.857839-05:00","7cb3bf3816c77cabccb9d4cb50009282","2023-07-18T10:26:22.519457-05:00","9eec9526-ab02-4c55-ba15-97454c1f3880","Methylation Beta Value","released","Methylation Array","2","38.0 - 45.0","TCGA-BRCA","17d88a5a-910d-4144-bfae-c82fe896bab7","released","901ff87b-1380-4869-9ac6-511a2cb1353a","quay.io/ncigdc","SeSAMe Methylation Beta Estimation","9e258094ac9d4febe3721ceba25c1b8dbd1a27f8","Primary Tumor",NA,"TCGA-D8-A3Z5","TCGA-D8-A3Z5-01A"
"890c9884-52ce-4a12-ac1a-6830c028c66d","TXT","TCGA-A1-A0SM-01A-11D-A10P-05","open","f968c18d-ab99-460f-93b9-43f62b48b9ab.methylation_array.sesame.level3betas.txt","8717ea50-1e28-4bb8-a856-fa603efe631c","DNA Methylation","methylation_beta_value","Illumina Human Methylation 450",12972152,"2023-07-14T13:30:31.491361-05:00","13e1ab66fc5992e1d60a4d8f10ba9632","2023-07-18T10:25:44.671901-05:00","890c9884-52ce-4a12-ac1a-6830c028c66d","Methylation Beta Value","released","Methylation Array","2","38.0 - 45.0","TCGA-BRCA","fefd35a0-209a-44ad-9bf6-8224f1be6d97","released","f968c18d-ab99-460f-93b9-43f62b48b9ab","quay.io/ncigdc","SeSAMe Methylation Beta Estimation","f8ef9dc6375573fc05fee47b70278d89f79a4cd7","Primary Tumor",NA,"TCGA-A1-A0SM","TCGA-A1-A0SM-01A"
"f2120085-9813-4b74-8d2d-bb060342b44a","TXT","TCGA-A7-A26H-01A-11D-A16A-05","open","ad64fc17-f769-4538-91eb-1fea8aaba5e8.methylation_array.sesame.level3betas.txt","6bb71dad-4282-45e8-b6e0-9a4421989188","DNA Methylation","methylation_beta_value","Illumina Human Methylation 450",13108518,"2023-07-14T13:40:10.582011-05:00","0c3343a9a84d38ba1802618de3b01e17","2023-07-18T10:26:55.873438-05:00","f2120085-9813-4b74-8d2d-bb060342b44a","Methylation Beta Value","released","Methylation Array","2","38.0 - 45.0","TCGA-BRCA","8bda0134-e635-4517-96c5-0244c6dc1bc3","released","ad64fc17-f769-4538-91eb-1fea8aaba5e8","quay.io/ncigdc","SeSAMe Methylation Beta Estimation","dc9467b78cf538a0430cd4027dc5092f77d47e20","Primary Tumor",NA,"TCGA-A7-A26H","TCGA-A7-A26H-01A"
"7c555b1d-4039-4b38-b6c3-8ddbcf7d5e96","TXT","TCGA-AC-A23H-01A-11D-A161-05","open","f4ec2df9-05ac-4486-b5ca-16d41daed63b.methylation_array.sesame.level3betas.txt","ce8fda9c-46b1-4a87-9ccd-9fa1072aaecf","DNA Methylation","methylation_beta_value","Illumina Human Methylation 450",12722459,"2023-07-14T13:15:29.498305-05:00","91bc0a252174eba556791e2e81e26a12","2023-07-18T10:25:30.002321-05:00","7c555b1d-4039-4b38-b6c3-8ddbcf7d5e96","Methylation Beta Value","released","Methylation Array","2","38.0 - 45.0","TCGA-BRCA","3ceaad78-070c-4075-b5b7-ddfe15f60033","released","f4ec2df9-05ac-4486-b5ca-16d41daed63b","quay.io/ncigdc","SeSAMe Methylation Beta Estimation","f8ef9dc6375573fc05fee47b70278d89f79a4cd7","Primary Tumor",NA,"TCGA-AC-A23H","TCGA-AC-A23H-01A"
"37125570-710b-4410-9321-c39d54200bd6","TXT","TCGA-B6-A0RP-01A-21D-A10P-05","open","7ce788e3-ce90-4386-a3bf-3b0fd0288261.methylation_array.sesame.level3betas.txt","a5eafe47-f509-446a-8428-83cdb657233f","DNA Methylation","methylation_beta_value","Illumina Human Methylation 450",12873474,"2023-07-14T13:19:15.644827-05:00","39ebad65885b6111d71556f3928ca65a","2023-07-18T10:25:51.547381-05:00","37125570-710b-4410-9321-c39d54200bd6","Methylation Beta Value","released","Methylation Array","2","38.0 - 45.0","TCGA-BRCA","78c24b6c-bcc5-474d-a0e0-07c9de92dd50","released","7ce788e3-ce90-4386-a3bf-3b0fd0288261","quay.io/ncigdc","SeSAMe Methylation Beta Estimation","f8ef9dc6375573fc05fee47b70278d89f79a4cd7","Primary Tumor",NA,"TCGA-B6-A0RP","TCGA-B6-A0RP-01A"
"66465104-4a30-4da2-80e7-3e186a2f23e1","TXT","TCGA-BH-A6R9-01A-21D-A32T-05","open","04401749-7376-48e1-985b-e9404420c485.methylation_array.sesame.level3betas.txt","12d25b44-ad7a-41e7-92bb-9edc2bf75d68","DNA Methylation","methylation_beta_value","Illumina Human Methylation 450",12738981,"2023-07-14T13:43:25.364226-05:00","4b584f7da3f8cf00ae2878843f52f8b1","2023-07-18T10:25:47.305732-05:00","66465104-4a30-4da2-80e7-3e186a2f23e1","Methylation Beta Value","released","Methylation Array","2","38.0 - 45.0","TCGA-BRCA","53420ff5-d68d-49ac-ad48-9a2018822033","released","04401749-7376-48e1-985b-e9404420c485","quay.io/ncigdc","SeSAMe Methylation Beta Estimation","f8ef9dc6375573fc05fee47b70278d89f79a4cd7","Primary Tumor",NA,"TCGA-BH-A6R9","TCGA-BH-A6R9-01A"
"adc69f46-cd44-4b8c-a6a8-c8e5d9527d0a","TXT","TCGA-A2-A0T7-01A-21D-A10P-05","open","1990b3a0-ec40-4290-aa1a-292f59c42ed6.methylation_array.sesame.level3betas.txt","a3181ec2-7346-4f75-804f-f8f1e5b422a0","DNA Methylation","methylation_beta_value","Illumina Human Methylation 450",12925182,"2023-07-14T13:44:59.865174-05:00","5d968e8eae568fa09f7733f577b0a900","2023-07-18T10:25:38.369607-05:00","adc69f46-cd44-4b8c-a6a8-c8e5d9527d0a","Methylation Beta Value","released","Methylation Array","2","38.0 - 45.0","TCGA-BRCA","e8325bdb-0296-4763-91a6-06a07ec80144","released","1990b3a0-ec40-4290-aa1a-292f59c42ed6","quay.io/ncigdc","SeSAMe Methylation Beta Estimation","f8ef9dc6375573fc05fee47b70278d89f79a4cd7","Primary Tumor",NA,"TCGA-A2-A0T7","TCGA-A2-A0T7-01A"
"28b5f296-b99b-4b13-b274-102414a2a619","TXT","TCGA-GM-A2DH-01A-11D-A17Z-05","open","4bcdc92d-5757-46c1-b654-c83626e783f8.methylation_array.sesame.level3betas.txt","ff253965-89b0-4d41-b455-e51731a6fcec","DNA Methylation","methylation_beta_value","Illumina Human Methylation 450",13189107,"2023-07-14T13:40:52.903878-05:00","87900d9830cbaaf6b51e08021a2a79af","2023-07-18T10:25:48.985406-05:00","28b5f296-b99b-4b13-b274-102414a2a619","Methylation Beta Value","released","Methylation Array","2","38.0 - 45.0","TCGA-BRCA","5781e105-9e4d-4fb5-b22c-2822efad0eb0","released","4bcdc92d-5757-46c1-b654-c83626e783f8","quay.io/ncigdc","SeSAMe Methylation Beta Estimation","f8ef9dc6375573fc05fee47b70278d89f79a4cd7","Primary Tumor",NA,"TCGA-GM-A2DH","TCGA-GM-A2DH-01A"
"975fd2c6-042c-497e-bc3d-669c9d5049fe","TXT","TCGA-AQ-A54N-01A-11D-A268-05","open","3bbeb936-b813-4378-ad3f-effd9e714bcd.methylation_array.sesame.level3betas.txt","380d0630-84da-4e42-8e06-98e921ccf213","DNA Methylation","methylation_beta_value","Illumina Human Methylation 450",13055453,"2023-07-14T13:11:35.206941-05:00","253aebecce9e2ab7e51ebe3b32f05521","2023-07-18T10:26:43.311922-05:00","975fd2c6-042c-497e-bc3d-669c9d5049fe","Methylation Beta Value","released","Methylation Array","2","38.0 - 45.0","TCGA-BRCA","a16d98f7-cf03-409e-8640-37bff662a425","released","3bbeb936-b813-4378-ad3f-effd9e714bcd","quay.io/ncigdc","SeSAMe Methylation Beta Estimation","9e258094ac9d4febe3721ceba25c1b8dbd1a27f8","Primary Tumor",NA,"TCGA-AQ-A54N","TCGA-AQ-A54N-01A"
"226d0b18-89d8-4f9c-a262-df8370655493","TXT","TCGA-BH-A8G0-01A-11D-A357-05","open","ee886a05-eb22-4876-a6c5-c1671dcf61da.methylation_array.sesame.level3betas.txt","1cd7e103-2777-47f0-9611-428f87f1342f","DNA Methylation","methylation_beta_value","Illumina Human Methylation 450",13152756,"2023-07-14T13:40:17.624745-05:00","5e0c1f119e09a6b1a1b15f0c0f30c732","2023-07-18T10:26:34.320938-05:00","226d0b18-89d8-4f9c-a262-df8370655493","Methylation Beta Value","released","Methylation Array","2","38.0 - 45.0","TCGA-BRCA","b4c6f9ea-ac62-4218-a0c7-0a3e59725b6b","released","ee886a05-eb22-4876-a6c5-c1671dcf61da","quay.io/ncigdc","SeSAMe Methylation Beta Estimation","f8ef9dc6375573fc05fee47b70278d89f79a4cd7","Primary Tumor",NA,"TCGA-BH-A8G0","TCGA-BH-A8G0-01A"
"478b687a-7906-4156-95de-8cd7e046bcd6","TXT","TCGA-B6-A0X7-01A-11D-A10N-05","open","d385208b-bbe4-4d1f-abfb-8a4208c20923.methylation_array.sesame.level3betas.txt","9e60bfb5-87eb-42b1-971a-8064bf495144","DNA Methylation","methylation_beta_value","Illumina Human Methylation 450",12926366,"2023-07-14T13:44:05.150187-05:00","036c76fb28f98352ae8c80592bdc9750","2023-07-18T10:26:34.190389-05:00","478b687a-7906-4156-95de-8cd7e046bcd6","Methylation Beta Value","released","Methylation Array","2","38.0 - 45.0","TCGA-BRCA","13c76011-d7e1-478a-9a0a-68eda30475af","released","d385208b-bbe4-4d1f-abfb-8a4208c20923","quay.io/ncigdc","SeSAMe Methylation Beta Estimation","dc9467b78cf538a0430cd4027dc5092f77d47e20","Primary Tumor",NA,"TCGA-B6-A0X7","TCGA-B6-A0X7-01A"
"d5d0f08c-c15e-42a0-8c9f-bb4aa32c9ce5","TXT","TCGA-E2-A1L9-01A-11D-A13K-05","open","2383ee6f-1f00-4fa1-b2e1-85bd42d831bd.methylation_array.sesame.level3betas.txt","60203b87-c765-432e-a819-d43f2b583265","DNA Methylation","methylation_beta_value","Illumina Human Methylation 450",13172701,"2023-07-14T13:33:16.061934-05:00","3c21c57df6272772188ccb26bc7ae4f8","2023-07-18T10:26:22.646626-05:00","d5d0f08c-c15e-42a0-8c9f-bb4aa32c9ce5","Methylation Beta Value","released","Methylation Array","2","38.0 - 45.0","TCGA-BRCA","9e6a0bb5-7619-4744-95a7-648cb87623f1","released","2383ee6f-1f00-4fa1-b2e1-85bd42d831bd","quay.io/ncigdc","SeSAMe Methylation Beta Estimation","f8ef9dc6375573fc05fee47b70278d89f79a4cd7","Primary Tumor",NA,"TCGA-E2-A1L9","TCGA-E2-A1L9-01A"
"c2d16435-bb98-4d67-b1a8-a3b947feca6e","TXT","TCGA-A2-A4RY-01A-31D-A268-05","open","1a1d9f5b-1de1-43f2-96e7-8dd8ae7459c6.methylation_array.sesame.level3betas.txt","1e825a8b-6899-47a9-a385-2a4446ccda91","DNA Methylation","methylation_beta_value","Illumina Human Methylation 450",12976449,"2023-07-14T13:32:52.636871-05:00","6b9101c8118fa1fd11ace903a9dabc79","2023-07-18T10:25:16.790924-05:00","c2d16435-bb98-4d67-b1a8-a3b947feca6e","Methylation Beta Value","released","Methylation Array","2","38.0 - 45.0","TCGA-BRCA","429a08a1-e5dc-4b92-a818-480fb55188f2","released","1a1d9f5b-1de1-43f2-96e7-8dd8ae7459c6","quay.io/ncigdc","SeSAMe Methylation Beta Estimation","9e258094ac9d4febe3721ceba25c1b8dbd1a27f8","Primary Tumor",NA,"TCGA-A2-A4RY","TCGA-A2-A4RY-01A"
"386c2d03-7f8a-42cc-9ef8-3a7945518453","TXT","TCGA-C8-A273-01A-11D-A16G-05","open","2362a950-50af-460c-b6bc-468674e187ee.methylation_array.sesame.level3betas.txt","c2227ff4-b67b-4575-af77-0b343bba867e","DNA Methylation","methylation_beta_value","Illumina Human Methylation 450",13184884,"2023-07-14T13:46:34.663853-05:00","44c995d9dcf5087368622651834b3e54","2023-07-18T10:24:46.175614-05:00","386c2d03-7f8a-42cc-9ef8-3a7945518453","Methylation Beta Value","released","Methylation Array","2","38.0 - 45.0","TCGA-BRCA","040fba53-92e0-49cb-a83f-a086a9c2addf","released","2362a950-50af-460c-b6bc-468674e187ee","quay.io/ncigdc","SeSAMe Methylation Beta Estimation","9e258094ac9d4febe3721ceba25c1b8dbd1a27f8","Primary Tumor",NA,"TCGA-C8-A273","TCGA-C8-A273-01A"
"6072ff0a-b7ec-492f-9cf0-a6c2bbee4df5","TXT","TCGA-E2-A9RU-01A-11D-A41Q-05","open","79f857df-65e0-4f48-9ce8-4f55a437b12c.methylation_array.sesame.level3betas.txt","4ae981fe-4239-4736-ac0b-fcbf682edcb2","DNA Methylation","methylation_beta_value","Illumina Human Methylation 450",12872259,"2023-07-14T13:46:07.669526-05:00","1bb97e3b97b4abffeadce9637f5ba575","2023-07-18T10:26:04.750069-05:00","6072ff0a-b7ec-492f-9cf0-a6c2bbee4df5","Methylation Beta Value","released","Methylation Array","2","38.0 - 45.0","TCGA-BRCA","4d4c4276-b3f4-4a4f-8d4e-7eda454afa45","released","79f857df-65e0-4f48-9ce8-4f55a437b12c","quay.io/ncigdc","SeSAMe Methylation Beta Estimation","f8ef9dc6375573fc05fee47b70278d89f79a4cd7","Primary Tumor",NA,"TCGA-E2-A9RU","TCGA-E2-A9RU-01A"
"dabc401e-32ab-4bea-8554-6748b9ac312a","TXT","TCGA-AR-A251-01A-12D-A16A-05","open","947d2886-8e6d-4ca1-922d-8fe4a6f39b53.methylation_array.sesame.level3betas.txt","8376d57a-8f61-44ca-ab6d-6d2974272a29","DNA Methylation","methylation_beta_value","Illumina Human Methylation 450",13133624,"2023-07-14T13:39:23.643810-05:00","377915c2f82737e30e38c0355842a348","2023-07-18T10:26:36.141441-05:00","dabc401e-32ab-4bea-8554-6748b9ac312a","Methylation Beta Value","released","Methylation Array","2","38.0 - 45.0","TCGA-BRCA","583b53bf-2143-4bee-ba70-19e1dd183454","released","947d2886-8e6d-4ca1-922d-8fe4a6f39b53","quay.io/ncigdc","SeSAMe Methylation Beta Estimation","dc9467b78cf538a0430cd4027dc5092f77d47e20","Primary Tumor",NA,"TCGA-AR-A251","TCGA-AR-A251-01A"
"94508e06-6fd7-4034-b76b-b82cf24b0b99","TXT","TCGA-AC-A8OR-01A-21D-A41Q-05","open","78ac439c-7ebc-4345-8d36-4935fdccfab7.methylation_array.sesame.level3betas.txt","f0efc23d-7af8-47b2-91f8-df7670258bfd","DNA Methylation","methylation_beta_value","Illumina Human Methylation 450",13082238,"2023-07-14T13:35:20.888260-05:00","4c126085aa1e2b6e9ac8d386911fe222","2023-07-18T10:24:37.791203-05:00","94508e06-6fd7-4034-b76b-b82cf24b0b99","Methylation Beta Value","released","Methylation Array","2","38.0 - 45.0","TCGA-BRCA","cdd7b9ca-49e1-4d2b-bfdb-ec7b5e0e26ee","released","78ac439c-7ebc-4345-8d36-4935fdccfab7","quay.io/ncigdc","SeSAMe Methylation Beta Estimation","f8ef9dc6375573fc05fee47b70278d89f79a4cd7","Primary Tumor",NA,"TCGA-AC-A8OR","TCGA-AC-A8OR-01A"
"4b6bc069-368d-4b4e-b0ea-347cbc506040","TXT","TCGA-BH-A0DH-01A-11D-A10P-05","open","48eefb77-22e4-4228-a6e9-7f35df2b2f04.methylation_array.sesame.level3betas.txt","bd1c911d-dc27-4e49-ae78-9fefc12cdc39","DNA Methylation","methylation_beta_value","Illumina Human Methylation 450",12732056,"2023-07-14T13:32:03.164079-05:00","ecddab7c252cd1ff481bd727608e69a0","2023-07-18T10:24:44.638863-05:00","4b6bc069-368d-4b4e-b0ea-347cbc506040","Methylation Beta Value","released","Methylation Array","2","38.0 - 45.0","TCGA-BRCA","6dbf8779-c335-4e46-8159-e5d79a7938af","released","48eefb77-22e4-4228-a6e9-7f35df2b2f04","quay.io/ncigdc","SeSAMe Methylation Beta Estimation","dc9467b78cf538a0430cd4027dc5092f77d47e20","Primary Tumor",NA,"TCGA-BH-A0DH","TCGA-BH-A0DH-01A"
"0b1b0968-3d7e-4665-a76c-c1f5c1761f85","TXT","TCGA-AR-A24X-01A-11D-A16A-05","open","affb3d67-8b2a-41b2-bd02-4d279aaba2fb.methylation_array.sesame.level3betas.txt","4a9091be-d3e7-42ef-be73-84f08b29b9f1","DNA Methylation","methylation_beta_value","Illumina Human Methylation 450",13156795,"2023-07-14T13:36:15.405858-05:00","2e765ecc66bb9b6d572f7be57696c71e","2023-07-18T10:26:35.572599-05:00","0b1b0968-3d7e-4665-a76c-c1f5c1761f85","Methylation Beta Value","released","Methylation Array","2","38.0 - 45.0","TCGA-BRCA","686b85be-317d-450a-842a-f912118f08ae","released","affb3d67-8b2a-41b2-bd02-4d279aaba2fb","quay.io/ncigdc","SeSAMe Methylation Beta Estimation","dc9467b78cf538a0430cd4027dc5092f77d47e20","Primary Tumor",NA,"TCGA-AR-A24X","TCGA-AR-A24X-01A"
"2bb6edbd-e943-48dd-acd0-426c5dcd283b","TXT","TCGA-BH-A0DZ-11A-22D-A10Q-05","open","7b5340d9-a4f9-4aa1-abd1-16c37dd95453.methylation_array.sesame.level3betas.txt","c6ef0e55-6b28-4828-a802-4d63bd2d833b","DNA Methylation","methylation_beta_value","Illumina Human Methylation 450",12870473,"2023-07-14T13:22:32.493224-05:00","18b40c459c277fa9cd3c615a9addb01c","2023-07-18T10:25:19.723512-05:00","2bb6edbd-e943-48dd-acd0-426c5dcd283b","Methylation Beta Value","released","Methylation Array","2","38.0 - 45.0","TCGA-BRCA","f43a7ae8-525d-4e3f-9cc9-16d45a7df0a2","released","7b5340d9-a4f9-4aa1-abd1-16c37dd95453","quay.io/ncigdc","SeSAMe Methylation Beta Estimation","9e258094ac9d4febe3721ceba25c1b8dbd1a27f8","Solid Tissue Normal",NA,"TCGA-BH-A0DZ","TCGA-BH-A0DZ-11A"
"0099567f-6c93-46e7-827a-ecbae391b6cd","TXT","TCGA-C8-A275-01A-21D-A16G-05","open","5a1f5fec-5e73-4ef3-8b11-64c98d5dcfd2.methylation_array.sesame.level3betas.txt","ded1a400-cada-412e-a93c-d3bbced05ced","DNA Methylation","methylation_beta_value","Illumina Human Methylation 450",13167137,"2023-07-14T13:36:46.930602-05:00","c0e32038a9782ea9ebdd54aa16c96b1d","2023-07-18T10:26:13.792187-05:00","0099567f-6c93-46e7-827a-ecbae391b6cd","Methylation Beta Value","released","Methylation Array","2","38.0 - 45.0","TCGA-BRCA","cb579895-4ad2-4582-8c2f-f31aaf851774","released","5a1f5fec-5e73-4ef3-8b11-64c98d5dcfd2","quay.io/ncigdc","SeSAMe Methylation Beta Estimation","f8ef9dc6375573fc05fee47b70278d89f79a4cd7","Primary Tumor",NA,"TCGA-C8-A275","TCGA-C8-A275-01A"
"d5bc18e3-b975-4856-858e-a7ff9f66c63b","TXT","TCGA-E9-A229-01A-31D-A161-05","open","0128bdc3-a26c-4ef7-91c6-e61ec68dfc57.methylation_array.sesame.level3betas.txt","8e01ced0-73c5-431b-91ed-538c27ee148e","DNA Methylation","methylation_beta_value","Illumina Human Methylation 450",13096608,"2023-07-14T13:29:21.925584-05:00","1f4b51c464cd6ec2df37f2d5165d9fd7","2023-07-18T10:26:37.950901-05:00","d5bc18e3-b975-4856-858e-a7ff9f66c63b","Methylation Beta Value","released","Methylation Array","2","38.0 - 45.0","TCGA-BRCA","535ae5fc-a193-45e7-8a3a-b1d3cf1a39d7","released","0128bdc3-a26c-4ef7-91c6-e61ec68dfc57","quay.io/ncigdc","SeSAMe Methylation Beta Estimation","dc9467b78cf538a0430cd4027dc5092f77d47e20","Primary Tumor",NA,"TCGA-E9-A229","TCGA-E9-A229-01A"
"5fbc0a9f-7557-4d45-81f3-2e5796607a54","TXT","TCGA-OK-A5Q2-01A-11D-A27Y-05","open","f1128aea-3690-4f61-9da0-77d253cb7f41.methylation_array.sesame.level3betas.txt","b0c51a5e-70ff-487e-ba8a-aea0a3148238","DNA Methylation","methylation_beta_value","Illumina Human Methylation 450",13190299,"2023-07-14T13:35:33.570989-05:00","41ec66c80ba4324cea60717e2b665b3a","2023-07-18T10:26:52.764426-05:00","5fbc0a9f-7557-4d45-81f3-2e5796607a54","Methylation Beta Value","released","Methylation Array","2","38.0 - 45.0","TCGA-BRCA","da698ad4-0438-403d-a27c-d8b4b55aa687","released","f1128aea-3690-4f61-9da0-77d253cb7f41","quay.io/ncigdc","SeSAMe Methylation Beta Estimation","dc9467b78cf538a0430cd4027dc5092f77d47e20","Primary Tumor",NA,"TCGA-OK-A5Q2","TCGA-OK-A5Q2-01A"
"88e5012f-a927-41e2-b5ee-e2317159351c","TXT","TCGA-E2-A1B6-01A-31D-A12R-05","open","f479919f-8309-4dc2-8297-31000ca1be6b.methylation_array.sesame.level3betas.txt","fa889091-bbf2-4d1d-9c06-0cdfa43090a3","DNA Methylation","methylation_beta_value","Illumina Human Methylation 450",12955076,"2023-07-14T13:32:59.889960-05:00","d7caf2acfb7d4cdd33a8974752900746","2023-07-18T10:27:17.932249-05:00","88e5012f-a927-41e2-b5ee-e2317159351c","Methylation Beta Value","released","Methylation Array","2","38.0 - 45.0","TCGA-BRCA","25802794-4cb0-4d11-bd39-7310b32fdc54","released","f479919f-8309-4dc2-8297-31000ca1be6b","quay.io/ncigdc","SeSAMe Methylation Beta Estimation","dc9467b78cf538a0430cd4027dc5092f77d47e20","Primary Tumor",NA,"TCGA-E2-A1B6","TCGA-E2-A1B6-01A"
"16c05845-7f76-4aa5-b023-32328ce65edc","TXT","TCGA-LL-A8F5-01A-11D-A36K-05","open","73197b45-23d9-4e4f-831c-02b79a06b780.methylation_array.sesame.level3betas.txt","a6b97e28-30a9-486e-b460-e7954b496029","DNA Methylation","methylation_beta_value","Illumina Human Methylation 450",13068128,"2023-07-14T13:29:18.437435-05:00","69634d0fb4fcb41f6b968c2f4fcf1b25","2023-07-18T10:27:16.136389-05:00","16c05845-7f76-4aa5-b023-32328ce65edc","Methylation Beta Value","released","Methylation Array","2","38.0 - 45.0","TCGA-BRCA","c77ab86c-2488-4ebe-82ad-63fa1b9d1dce","released","73197b45-23d9-4e4f-831c-02b79a06b780","quay.io/ncigdc","SeSAMe Methylation Beta Estimation","dc9467b78cf538a0430cd4027dc5092f77d47e20","Primary Tumor",NA,"TCGA-LL-A8F5","TCGA-LL-A8F5-01A"
"3d0783d1-66cd-48b0-a524-e80dabefd318","TXT","TCGA-E2-A10F-01A-11D-A10N-05","open","c9a9b4f1-a383-4d4a-ad51-3b0c9efc8889.methylation_array.sesame.level3betas.txt","c7ec30ce-280e-4017-bab9-9581bfb316ee","DNA Methylation","methylation_beta_value","Illumina Human Methylation 450",12967984,"2023-07-14T13:13:35.197894-05:00","9aba2a47575845aeedae135d866e898b","2023-07-18T10:27:11.717060-05:00","3d0783d1-66cd-48b0-a524-e80dabefd318","Methylation Beta Value","released","Methylation Array","2","38.0 - 45.0","TCGA-BRCA","ec5e9989-df63-41d1-be32-dcdfd6e46e63","released","c9a9b4f1-a383-4d4a-ad51-3b0c9efc8889","quay.io/ncigdc","SeSAMe Methylation Beta Estimation","f8ef9dc6375573fc05fee47b70278d89f79a4cd7","Primary Tumor",NA,"TCGA-E2-A10F","TCGA-E2-A10F-01A"
"3fa53bfe-693d-4837-b5c0-2926f2a40b30","TXT","TCGA-E2-A1LS-01A-12D-A161-05","open","ba8a9dc0-72f4-4e7d-84d2-6c66abe37bad.methylation_array.sesame.level3betas.txt","605bd42a-912f-42f3-82e6-ca6dbcac337c","DNA Methylation","methylation_beta_value","Illumina Human Methylation 450",12853436,"2023-07-14T13:41:23.217941-05:00","60e3cfca5b17fb8f818db153ab6061bd","2023-07-18T10:27:23.807260-05:00","3fa53bfe-693d-4837-b5c0-2926f2a40b30","Methylation Beta Value","released","Methylation Array","2","38.0 - 45.0","TCGA-BRCA","2131e539-8862-4710-a621-6985ce99f8ab","released","ba8a9dc0-72f4-4e7d-84d2-6c66abe37bad","quay.io/ncigdc","SeSAMe Methylation Beta Estimation","dc9467b78cf538a0430cd4027dc5092f77d47e20","Primary Tumor",NA,"TCGA-E2-A1LS","TCGA-E2-A1LS-01A"
"eda33cdf-c612-4edd-a6c2-cb2208d9589f","TXT","TCGA-LL-A50Y-01A-11D-A268-05","open","6c9cc706-912c-440a-98ca-772c05d6bcd7.methylation_array.sesame.level3betas.txt","8a917ccd-c322-44dc-bbde-cecf044eb423","DNA Methylation","methylation_beta_value","Illumina Human Methylation 450",13126754,"2023-07-14T13:22:42.187213-05:00","d66558895b3e002ae784fc55dbbe82a6","2023-07-18T10:26:17.345914-05:00","eda33cdf-c612-4edd-a6c2-cb2208d9589f","Methylation Beta Value","released","Methylation Array","2","38.0 - 45.0","TCGA-BRCA","ddd62b43-f8fa-41c5-bf02-dd7fcb45e280","released","6c9cc706-912c-440a-98ca-772c05d6bcd7","quay.io/ncigdc","SeSAMe Methylation Beta Estimation","f8ef9dc6375573fc05fee47b70278d89f79a4cd7","Primary Tumor",NA,"TCGA-LL-A50Y","TCGA-LL-A50Y-01A"
"76587acf-096a-4658-8345-225d8de3f273","TXT","TCGA-LL-A6FQ-01A-11D-A31V-05","open","e20e6786-8212-4d81-8480-f44684f0d603.methylation_array.sesame.level3betas.txt","ca121b01-0833-4553-bbed-27c5d3f0c571","DNA Methylation","methylation_beta_value","Illumina Human Methylation 450",12851747,"2023-07-14T13:16:15.374387-05:00","bf860b0424bd84b9f9a4b1cfca5426f0","2023-07-18T10:26:34.051148-05:00","76587acf-096a-4658-8345-225d8de3f273","Methylation Beta Value","released","Methylation Array","2","38.0 - 45.0","TCGA-BRCA","a2a1a117-aa71-4e88-b02c-45efdde73e63","released","e20e6786-8212-4d81-8480-f44684f0d603","quay.io/ncigdc","SeSAMe Methylation Beta Estimation","f8ef9dc6375573fc05fee47b70278d89f79a4cd7","Primary Tumor",NA,"TCGA-LL-A6FQ","TCGA-LL-A6FQ-01A"
"21169c1b-fabd-4812-8c52-0beb80ac0ab3","TXT","TCGA-AR-A1AK-01A-21D-A12R-05","open","6e5c8485-2f3b-4a2a-bba7-35a6bf8f8ddb.methylation_array.sesame.level3betas.txt","a4c36b42-d87f-4340-855b-9b36a3540173","DNA Methylation","methylation_beta_value","Illumina Human Methylation 450",12986000,"2023-07-14T13:35:48.401498-05:00","545ba9c53f27224a8e0a2e2b55cf8ca0","2023-07-18T10:25:20.297532-05:00","21169c1b-fabd-4812-8c52-0beb80ac0ab3","Methylation Beta Value","released","Methylation Array","2","38.0 - 45.0","TCGA-BRCA","d715a49b-c1c0-451c-b3b6-0f74a12d271e","released","6e5c8485-2f3b-4a2a-bba7-35a6bf8f8ddb","quay.io/ncigdc","SeSAMe Methylation Beta Estimation","9e258094ac9d4febe3721ceba25c1b8dbd1a27f8","Primary Tumor",NA,"TCGA-AR-A1AK","TCGA-AR-A1AK-01A"
"dc50fe0e-709d-49e8-b5dc-ace2b2ac7b4c","TXT","TCGA-E9-A1RB-11A-33D-A161-05","open","2b42483a-2ba5-480f-b756-e4806219739f.methylation_array.sesame.level3betas.txt","60551f1c-431e-48f2-ac13-6c876d784c8f","DNA Methylation","methylation_beta_value","Illumina Human Methylation 450",12876206,"2023-07-14T13:23:13.983828-05:00","9ee9553a944e78fe8928506d9627f43e","2023-07-18T10:25:23.473832-05:00","dc50fe0e-709d-49e8-b5dc-ace2b2ac7b4c","Methylation Beta Value","released","Methylation Array","2","38.0 - 45.0","TCGA-BRCA","bb43d28a-13fa-4bad-9ec7-2a158778bee9","released","2b42483a-2ba5-480f-b756-e4806219739f","quay.io/ncigdc","SeSAMe Methylation Beta Estimation","f8ef9dc6375573fc05fee47b70278d89f79a4cd7","Solid Tissue Normal",NA,"TCGA-E9-A1RB","TCGA-E9-A1RB-11A"
"2d32e7a4-f2f9-4112-a516-262ce3ca17b8","TXT","TCGA-B6-A0RS-01A-11D-A10P-05","open","d0861e05-22d3-4bc0-bf70-8c84c46fa54b.methylation_array.sesame.level3betas.txt","41ed6991-7193-4f95-bf11-93603480516f","DNA Methylation","methylation_beta_value","Illumina Human Methylation 450",12967258,"2023-07-14T13:11:14.094510-05:00","04fbb7d219b6eaa21ac93c2ce36cff82","2023-07-18T10:27:08.517105-05:00","2d32e7a4-f2f9-4112-a516-262ce3ca17b8","Methylation Beta Value","released","Methylation Array","2","38.0 - 45.0","TCGA-BRCA","63069a87-93f7-493d-917a-ab56678a7255","released","d0861e05-22d3-4bc0-bf70-8c84c46fa54b","quay.io/ncigdc","SeSAMe Methylation Beta Estimation","dc9467b78cf538a0430cd4027dc5092f77d47e20","Primary Tumor",NA,"TCGA-B6-A0RS","TCGA-B6-A0RS-01A"
"cceed3e2-8ac8-4838-8995-f2f62c13121a","TXT","TCGA-B6-A3ZX-01A-11D-A23D-05","open","c271657b-1e02-4655-9df5-2f01127cc068.methylation_array.sesame.level3betas.txt","26c11622-f8b3-481e-a8cb-7d3137edbf6b","DNA Methylation","methylation_beta_value","Illumina Human Methylation 450",13085890,"2023-07-14T13:29:57.390222-05:00","a3a039a5be2da5a7acf7ffb30ad517dd","2023-07-18T10:25:21.218224-05:00","cceed3e2-8ac8-4838-8995-f2f62c13121a","Methylation Beta Value","released","Methylation Array","2","38.0 - 45.0","TCGA-BRCA","136165e5-7921-49ad-ae1f-5973eaeac402","released","c271657b-1e02-4655-9df5-2f01127cc068","quay.io/ncigdc","SeSAMe Methylation Beta Estimation","9e258094ac9d4febe3721ceba25c1b8dbd1a27f8","Primary Tumor",NA,"TCGA-B6-A3ZX","TCGA-B6-A3ZX-01A"
"519b872e-526e-4005-9798-797c1682b235","TXT","TCGA-AC-A2FB-11A-13D-A17F-05","open","9fb91152-1a6f-4c51-96e7-71dfc117d8c0.methylation_array.sesame.level3betas.txt","7dbc5be8-b9cb-43db-bd74-d4013fb0c95d","DNA Methylation","methylation_beta_value","Illumina Human Methylation 450",13180610,"2023-07-14T13:12:54.992115-05:00","cb3d9c3a29982d9e19a0b488d1b04828","2023-07-18T10:26:48.642619-05:00","519b872e-526e-4005-9798-797c1682b235","Methylation Beta Value","released","Methylation Array","2","38.0 - 45.0","TCGA-BRCA","cf7826eb-218e-40bf-b1c1-45aa6164c651","released","9fb91152-1a6f-4c51-96e7-71dfc117d8c0","quay.io/ncigdc","SeSAMe Methylation Beta Estimation","f8ef9dc6375573fc05fee47b70278d89f79a4cd7","Solid Tissue Normal",NA,"TCGA-AC-A2FB","TCGA-AC-A2FB-11A"
"2ec2d163-bbe6-4233-9e48-dd956324ebe0","TXT","TCGA-OL-A66J-01A-11D-A29O-05","open","88e8a65d-5575-41e9-a3a0-9743d830e2eb.methylation_array.sesame.level3betas.txt","3041faec-8b5e-4b15-a9ce-23067c58e1d9","DNA Methylation","methylation_beta_value","Illumina Human Methylation 450",13125486,"2023-07-14T13:14:06.427496-05:00","05263dad326b6787d55c0ad892670c2d","2023-07-18T10:27:03.651396-05:00","2ec2d163-bbe6-4233-9e48-dd956324ebe0","Methylation Beta Value","released","Methylation Array","2","38.0 - 45.0","TCGA-BRCA","c7ddab69-9770-4c33-bd68-8a4964daea4f","released","88e8a65d-5575-41e9-a3a0-9743d830e2eb","quay.io/ncigdc","SeSAMe Methylation Beta Estimation","f8ef9dc6375573fc05fee47b70278d89f79a4cd7","Primary Tumor",NA,"TCGA-OL-A66J","TCGA-OL-A66J-01A"
"8a2fd7fd-89cd-4c29-bd75-8c074a2da4c1","TXT","TCGA-AR-A254-01A-21D-A16A-05","open","e1a575e6-fb64-4037-a0d3-d24c252cd236.methylation_array.sesame.level3betas.txt","3fba8c44-8cfb-402e-ab86-fd2663c5ca5e","DNA Methylation","methylation_beta_value","Illumina Human Methylation 450",13069957,"2023-07-14T13:25:53.247666-05:00","6caf6bd00f01a6674c8797e6869250df","2023-07-18T10:25:27.108733-05:00","8a2fd7fd-89cd-4c29-bd75-8c074a2da4c1","Methylation Beta Value","released","Methylation Array","2","38.0 - 45.0","TCGA-BRCA","6f811cfa-7066-45b9-8741-1560c52fdf99","released","e1a575e6-fb64-4037-a0d3-d24c252cd236","quay.io/ncigdc","SeSAMe Methylation Beta Estimation","f8ef9dc6375573fc05fee47b70278d89f79a4cd7","Primary Tumor",NA,"TCGA-AR-A254","TCGA-AR-A254-01A"
"a69bf894-85dc-4b5c-a509-151c2480727c","TXT","TCGA-A2-A25E-01A-11D-A16A-05","open","c3094ac1-fbf7-4eeb-ac43-a341b4dbf424.methylation_array.sesame.level3betas.txt","ce001927-af94-4562-b784-ada5a192d42d","DNA Methylation","methylation_beta_value","Illumina Human Methylation 450",13150507,"2023-07-14T13:42:06.909612-05:00","a4ec3fe1c414dfe9e1fc3ffddc34782e","2023-07-18T10:27:04.763523-05:00","a69bf894-85dc-4b5c-a509-151c2480727c","Methylation Beta Value","released","Methylation Array","2","38.0 - 45.0","TCGA-BRCA","5165981d-0839-48b0-b170-054451eaef24","released","c3094ac1-fbf7-4eeb-ac43-a341b4dbf424","quay.io/ncigdc","SeSAMe Methylation Beta Estimation","dc9467b78cf538a0430cd4027dc5092f77d47e20","Primary Tumor",NA,"TCGA-A2-A25E","TCGA-A2-A25E-01A"
"ec54c1f9-b100-402a-bf2e-3067d1a98196","TXT","TCGA-AR-A1AO-01A-11D-A12R-05","open","63876a36-8e97-4363-9928-79b50d5d23f0.methylation_array.sesame.level3betas.txt","8be9d311-8129-463d-ab75-d6851c17f459","DNA Methylation","methylation_beta_value","Illumina Human Methylation 450",13059499,"2023-07-14T13:30:13.315938-05:00","31efeb43b8b3c2a1f0e086ee6e74e6d0","2023-07-18T10:27:05.202101-05:00","ec54c1f9-b100-402a-bf2e-3067d1a98196","Methylation Beta Value","released","Methylation Array","2","38.0 - 45.0","TCGA-BRCA","55813141-5fc0-4237-990c-15ae405129a9","released","63876a36-8e97-4363-9928-79b50d5d23f0","quay.io/ncigdc","SeSAMe Methylation Beta Estimation","f8ef9dc6375573fc05fee47b70278d89f79a4cd7","Primary Tumor",NA,"TCGA-AR-A1AO","TCGA-AR-A1AO-01A"
"d0cc6781-20df-4973-baeb-c6de7988595a","TXT","TCGA-BH-A2L8-01A-11D-A18O-05","open","438cb24b-accd-4d4d-8de8-157138091eef.methylation_array.sesame.level3betas.txt","eaef3e2b-46b5-46e9-980c-42a61320772c","DNA Methylation","methylation_beta_value","Illumina Human Methylation 450",13187146,"2023-07-14T13:33:42.263347-05:00","6e500660f67d9ca004949b8d9abf2800","2023-07-18T10:25:53.379351-05:00","d0cc6781-20df-4973-baeb-c6de7988595a","Methylation Beta Value","released","Methylation Array","2","38.0 - 45.0","TCGA-BRCA","b1711832-1d76-4011-a26a-d33e2641e262","released","438cb24b-accd-4d4d-8de8-157138091eef","quay.io/ncigdc","SeSAMe Methylation Beta Estimation","dc9467b78cf538a0430cd4027dc5092f77d47e20","Primary Tumor",NA,"TCGA-BH-A2L8","TCGA-BH-A2L8-01A"
"d30d819c-22ef-4fa4-b8fc-3c2fbecc9b17","TXT","TCGA-E9-A1RH-01A-21D-A16A-05","open","bad1c6e0-5878-435c-84a2-b46ae0284524.methylation_array.sesame.level3betas.txt","b552ea85-db97-4585-93e8-d305c143fafa","DNA Methylation","methylation_beta_value","Illumina Human Methylation 450",13117296,"2023-07-14T13:45:16.178517-05:00","da1e522d245edc761ac77da1bf6ab742","2023-07-18T10:25:35.591739-05:00","d30d819c-22ef-4fa4-b8fc-3c2fbecc9b17","Methylation Beta Value","released","Methylation Array","2","38.0 - 45.0","TCGA-BRCA","3ee9fbc7-3ef3-46c3-a122-e0759367e0f9","released","bad1c6e0-5878-435c-84a2-b46ae0284524","quay.io/ncigdc","SeSAMe Methylation Beta Estimation","9e258094ac9d4febe3721ceba25c1b8dbd1a27f8","Primary Tumor",NA,"TCGA-E9-A1RH","TCGA-E9-A1RH-01A"
"29f87bdc-c609-45a4-bf24-7bb14d3cddde","TXT","TCGA-E9-A1RH-11A-34D-A16A-05","open","8df50c7b-93ce-498d-bca2-fae60069fd3e.methylation_array.sesame.level3betas.txt","0f53e1c7-231e-4846-8b04-99c0b8c1a924","DNA Methylation","methylation_beta_value","Illumina Human Methylation 450",13172652,"2023-07-14T13:41:01.838677-05:00","610f90ec66cc592f726669efdff983d8","2023-07-18T10:26:59.079843-05:00","29f87bdc-c609-45a4-bf24-7bb14d3cddde","Methylation Beta Value","released","Methylation Array","2","38.0 - 45.0","TCGA-BRCA","7553b7fd-34b4-4e3c-b168-2eee6d2d9356","released","8df50c7b-93ce-498d-bca2-fae60069fd3e","quay.io/ncigdc","SeSAMe Methylation Beta Estimation","9e258094ac9d4febe3721ceba25c1b8dbd1a27f8","Solid Tissue Normal",NA,"TCGA-E9-A1RH","TCGA-E9-A1RH-11A"
"6ae4b5c8-a26c-4119-803e-c26c06e32009","TXT","TCGA-BH-A1FC-01A-11D-A13K-05","open","fb67df9a-6338-4305-9d8f-47f22d0692c4.methylation_array.sesame.level3betas.txt","9de1afd9-2f25-458e-b47e-7d22d8386c36","DNA Methylation","methylation_beta_value","Illumina Human Methylation 450",13093341,"2023-07-14T13:28:53.014491-05:00","7acf0a6eb00ea7e9ef20119cac97c678","2023-07-18T10:26:19.844310-05:00","6ae4b5c8-a26c-4119-803e-c26c06e32009","Methylation Beta Value","released","Methylation Array","2","38.0 - 45.0","TCGA-BRCA","dbd1dae1-aa05-49e1-8b78-e530bf150fc0","released","fb67df9a-6338-4305-9d8f-47f22d0692c4","quay.io/ncigdc","SeSAMe Methylation Beta Estimation","9e258094ac9d4febe3721ceba25c1b8dbd1a27f8","Primary Tumor",NA,"TCGA-BH-A1FC","TCGA-BH-A1FC-01A"
"184b796c-0c40-4ecc-924c-5e31ecfc9627","TXT","TCGA-AR-A2LQ-01A-22D-A18O-05","open","00b00e0d-ce97-47d0-b230-daffa8ba2db2.methylation_array.sesame.level3betas.txt","91a81b13-7c3c-4b82-9fec-b4e2df121d82","DNA Methylation","methylation_beta_value","Illumina Human Methylation 450",13186769,"2023-07-14T13:40:45.891071-05:00","1aced627ef7ceaa505e5302cbb4b4147","2023-07-18T10:26:17.888353-05:00","184b796c-0c40-4ecc-924c-5e31ecfc9627","Methylation Beta Value","released","Methylation Array","2","38.0 - 45.0","TCGA-BRCA","4f229cb1-b4d9-46ec-ae25-899d49c31471","released","00b00e0d-ce97-47d0-b230-daffa8ba2db2","quay.io/ncigdc","SeSAMe Methylation Beta Estimation","dc9467b78cf538a0430cd4027dc5092f77d47e20","Primary Tumor",NA,"TCGA-AR-A2LQ","TCGA-AR-A2LQ-01A"
"c29b261e-32fe-44be-b8d7-aaa53eaae42f","TXT","TCGA-AR-A1AI-01A-11D-A12R-05","open","d8cc0309-4e61-4921-9b66-4483277afcf4.methylation_array.sesame.level3betas.txt","ea674b0d-c7cb-4661-801b-86b1a1643d59","DNA Methylation","methylation_beta_value","Illumina Human Methylation 450",13153212,"2023-07-14T13:19:13.933240-05:00","d61e1b041481637ffe9a137facc2c1df","2023-07-18T10:26:21.402870-05:00","c29b261e-32fe-44be-b8d7-aaa53eaae42f","Methylation Beta Value","released","Methylation Array","2","38.0 - 45.0","TCGA-BRCA","a73bc409-eb16-425b-9934-981f37dfc095","released","d8cc0309-4e61-4921-9b66-4483277afcf4","quay.io/ncigdc","SeSAMe Methylation Beta Estimation","f8ef9dc6375573fc05fee47b70278d89f79a4cd7","Primary Tumor",NA,"TCGA-AR-A1AI","TCGA-AR-A1AI-01A"
"6197b8b8-0cf4-4fa8-82ae-69c262f31714","TXT","TCGA-B6-A2IU-01A-32D-A18O-05","open","254e6e3e-e30e-46c3-890a-18df11361eac.methylation_array.sesame.level3betas.txt","88260715-e752-4fa6-a68c-6aebe1693a5e","DNA Methylation","methylation_beta_value","Illumina Human Methylation 450",13185001,"2023-07-14T13:39:41.027676-05:00","1304ad2fb21cbdce4cb9aabaa41964b3","2023-07-18T10:26:47.099788-05:00","6197b8b8-0cf4-4fa8-82ae-69c262f31714","Methylation Beta Value","released","Methylation Array","2","38.0 - 45.0","TCGA-BRCA","11fa1ca3-cf2e-4992-b806-384e2b01d156","released","254e6e3e-e30e-46c3-890a-18df11361eac","quay.io/ncigdc","SeSAMe Methylation Beta Estimation","dc9467b78cf538a0430cd4027dc5092f77d47e20","Primary Tumor",NA,"TCGA-B6-A2IU","TCGA-B6-A2IU-01A"
"826fe327-9f91-4f10-913f-07b1d4bd0e52","TXT","TCGA-E9-A1N9-01A-11D-A14H-05","open","42fcc484-0092-4f27-ac5d-61a907fd57c8.methylation_array.sesame.level3betas.txt","35d3d194-5544-48d2-bbf3-37eda17fd899","DNA Methylation","methylation_beta_value","Illumina Human Methylation 450",13161482,"2023-07-14T13:46:27.750169-05:00","ae30b76abd7fc3aa25d7d4506bce9330","2023-07-18T10:26:43.584155-05:00","826fe327-9f91-4f10-913f-07b1d4bd0e52","Methylation Beta Value","released","Methylation Array","2","38.0 - 45.0","TCGA-BRCA","74172821-5ff7-4603-89f4-14e55f2a3eaa","released","42fcc484-0092-4f27-ac5d-61a907fd57c8","quay.io/ncigdc","SeSAMe Methylation Beta Estimation","f8ef9dc6375573fc05fee47b70278d89f79a4cd7","Primary Tumor",NA,"TCGA-E9-A1N9","TCGA-E9-A1N9-01A"
"ed9d41e4-aef2-4b9f-801f-74228cc061b7","TXT","TCGA-D8-A4Z1-01A-21D-A268-05","open","a75296ed-0a6a-45aa-9483-e550417976ce.methylation_array.sesame.level3betas.txt","f6c8e546-2b15-4277-aa52-007516d71e77","DNA Methylation","methylation_beta_value","Illumina Human Methylation 450",13096895,"2023-07-14T13:43:11.149461-05:00","80479fa7e8ffa728a48a0abdac5d9396","2023-07-18T10:27:11.852080-05:00","ed9d41e4-aef2-4b9f-801f-74228cc061b7","Methylation Beta Value","released","Methylation Array","2","38.0 - 45.0","TCGA-BRCA","b61f8ed9-c18b-4a4a-8963-2308f7c307e5","released","a75296ed-0a6a-45aa-9483-e550417976ce","quay.io/ncigdc","SeSAMe Methylation Beta Estimation","f8ef9dc6375573fc05fee47b70278d89f79a4cd7","Primary Tumor",NA,"TCGA-D8-A4Z1","TCGA-D8-A4Z1-01A"
"240b9521-6502-41c9-8c51-a6dfce8612ff","TXT","TCGA-E2-A10B-01A-11D-A10N-05","open","78cac381-4aa6-4b8b-88ec-a80905fcd93c.methylation_array.sesame.level3betas.txt","08f7ce01-fc87-4461-b315-cdb4f308126e","DNA Methylation","methylation_beta_value","Illumina Human Methylation 450",12891863,"2023-07-14T13:26:53.384980-05:00","f2aab60d6266d4a81a9bb6e0c30183de","2023-07-18T10:25:20.447640-05:00","240b9521-6502-41c9-8c51-a6dfce8612ff","Methylation Beta Value","released","Methylation Array","2","38.0 - 45.0","TCGA-BRCA","6a51af20-f160-40fd-a57a-c831c89f525a","released","78cac381-4aa6-4b8b-88ec-a80905fcd93c","quay.io/ncigdc","SeSAMe Methylation Beta Estimation","f8ef9dc6375573fc05fee47b70278d89f79a4cd7","Primary Tumor",NA,"TCGA-E2-A10B","TCGA-E2-A10B-01A"
"ac7a228e-466d-45af-a7b6-6933eaade33d","TXT","TCGA-OL-A5RU-01A-11D-A28C-05","open","9c2b2cbd-75a1-4c32-92d5-11ea58fcb353.methylation_array.sesame.level3betas.txt","e2e8b0f5-8e4d-4cfc-9014-389ef0fcfda3","DNA Methylation","methylation_beta_value","Illumina Human Methylation 450",13106612,"2023-07-14T13:35:55.983990-05:00","1f5521a592cc4ace66e202024a2f78b6","2023-07-18T10:27:15.575995-05:00","ac7a228e-466d-45af-a7b6-6933eaade33d","Methylation Beta Value","released","Methylation Array","2","38.0 - 45.0","TCGA-BRCA","315967da-b1bb-4fe9-a493-76b45051637e","released","9c2b2cbd-75a1-4c32-92d5-11ea58fcb353","quay.io/ncigdc","SeSAMe Methylation Beta Estimation","dc9467b78cf538a0430cd4027dc5092f77d47e20","Primary Tumor",NA,"TCGA-OL-A5RU","TCGA-OL-A5RU-01A"
"abe8c502-0f89-4822-8955-a0566c4f7e7b","TXT","TCGA-EW-A1P0-01A-11D-A145-05","open","f77c8703-fae0-40e5-99b6-771f66ac6c33.methylation_array.sesame.level3betas.txt","40123a8d-1203-44c9-8760-f5dd797da380","DNA Methylation","methylation_beta_value","Illumina Human Methylation 450",13201110,"2023-07-14T13:39:32.333620-05:00","b26ba4eee86622d5d94c14af7f14e2f7","2023-07-18T10:25:22.649656-05:00","abe8c502-0f89-4822-8955-a0566c4f7e7b","Methylation Beta Value","released","Methylation Array","2","38.0 - 45.0","TCGA-BRCA","547a2d27-7e10-4512-beac-539ac927ee6d","released","f77c8703-fae0-40e5-99b6-771f66ac6c33","quay.io/ncigdc","SeSAMe Methylation Beta Estimation","9e258094ac9d4febe3721ceba25c1b8dbd1a27f8","Primary Tumor",NA,"TCGA-EW-A1P0","TCGA-EW-A1P0-01A"
"a3c8a95f-035c-4b92-836b-8de6dd2418fa","TXT","TCGA-XX-A899-01A-11D-A36K-05","open","690cc36a-37f7-4872-a1f0-1d26d2db10bd.methylation_array.sesame.level3betas.txt","c2ec84bc-ede1-4c3f-a9cf-ffdf242ad4e0","DNA Methylation","methylation_beta_value","Illumina Human Methylation 450",13092822,"2023-07-14T13:23:23.022957-05:00","bc39ba3d1f1ad53dd0b3f2508dc9429c","2023-07-18T10:27:13.138677-05:00","a3c8a95f-035c-4b92-836b-8de6dd2418fa","Methylation Beta Value","released","Methylation Array","2","38.0 - 45.0","TCGA-BRCA","9708d006-96cd-440c-b1ee-ae3fba7535c3","released","690cc36a-37f7-4872-a1f0-1d26d2db10bd","quay.io/ncigdc","SeSAMe Methylation Beta Estimation","dc9467b78cf538a0430cd4027dc5092f77d47e20","Primary Tumor",NA,"TCGA-XX-A899","TCGA-XX-A899-01A"
"8e95c687-718b-40fc-bc1a-4f029dfc57b2","TXT","TCGA-AC-A3EH-01A-22D-A22B-05","open","70f6ed9b-8dbd-4cef-b069-5937bc9534b1.methylation_array.sesame.level3betas.txt","98280810-ee56-4cf3-8227-55c84105d39b","DNA Methylation","methylation_beta_value","Illumina Human Methylation 450",13176000,"2023-07-14T13:19:41.071672-05:00","5f8d7bf5a41664414c93045d7ad30c08","2023-07-18T10:27:07.557577-05:00","8e95c687-718b-40fc-bc1a-4f029dfc57b2","Methylation Beta Value","released","Methylation Array","2","38.0 - 45.0","TCGA-BRCA","3aac7a3c-0ef6-4aca-9751-d981e31dc7d2","released","70f6ed9b-8dbd-4cef-b069-5937bc9534b1","quay.io/ncigdc","SeSAMe Methylation Beta Estimation","f8ef9dc6375573fc05fee47b70278d89f79a4cd7","Primary Tumor",NA,"TCGA-AC-A3EH","TCGA-AC-A3EH-01A"
"1bce9b18-5069-433c-a981-aa8df9fd956f","TXT","TCGA-BH-A0HP-01A-12D-A10P-05","open","3a85205d-56fa-4505-a281-2213cf867e95.methylation_array.sesame.level3betas.txt","e1c735b1-e7ae-485c-8975-f4dec6f76297","DNA Methylation","methylation_beta_value","Illumina Human Methylation 450",13045197,"2023-07-14T13:43:07.085500-05:00","9f8649ee14880474b26239f7496b99b5","2023-07-18T10:25:34.673001-05:00","1bce9b18-5069-433c-a981-aa8df9fd956f","Methylation Beta Value","released","Methylation Array","2","38.0 - 45.0","TCGA-BRCA","c7d5b1ac-0666-44e8-a060-ea011a084ce5","released","3a85205d-56fa-4505-a281-2213cf867e95","quay.io/ncigdc","SeSAMe Methylation Beta Estimation","f8ef9dc6375573fc05fee47b70278d89f79a4cd7","Primary Tumor",NA,"TCGA-BH-A0HP","TCGA-BH-A0HP-01A"
"3c367b14-fba0-449c-bc14-d0718bed13ce","TXT","TCGA-PL-A8LX-01A-11D-A41Q-05","open","93af4c71-44d3-4066-8995-829403a8a6d2.methylation_array.sesame.level3betas.txt","53356615-9198-442b-a55b-94b323a4b883","DNA Methylation","methylation_beta_value","Illumina Human Methylation 450",13137792,"2023-07-14T13:38:28.672443-05:00","d7c00cccac1883a2ebc389556635875e","2023-07-18T10:27:25.883761-05:00","3c367b14-fba0-449c-bc14-d0718bed13ce","Methylation Beta Value","released","Methylation Array","2","38.0 - 45.0","TCGA-BRCA","a54f1dec-d6c0-4440-aece-462d01467c68","released","93af4c71-44d3-4066-8995-829403a8a6d2","quay.io/ncigdc","SeSAMe Methylation Beta Estimation","dc9467b78cf538a0430cd4027dc5092f77d47e20","Primary Tumor",NA,"TCGA-PL-A8LX","TCGA-PL-A8LX-01A"
"b0f154c6-38ee-43a4-937f-8036d69eb1aa","TXT","TCGA-AO-A125-01A-11D-A10N-05","open","ade2095a-c9bf-455a-9f28-c369fedd9352.methylation_array.sesame.level3betas.txt","261b8264-7ea3-47b0-8b3a-ed6ed0beb0bb","DNA Methylation","methylation_beta_value","Illumina Human Methylation 450",12978615,"2023-07-14T13:26:09.421006-05:00","05342b5f7851ffc7609609ee259aa344","2023-07-18T10:26:37.660543-05:00","b0f154c6-38ee-43a4-937f-8036d69eb1aa","Methylation Beta Value","released","Methylation Array","2","38.0 - 45.0","TCGA-BRCA","28735d6a-9f81-4295-8255-5c2089a64ef8","released","ade2095a-c9bf-455a-9f28-c369fedd9352","quay.io/ncigdc","SeSAMe Methylation Beta Estimation","dc9467b78cf538a0430cd4027dc5092f77d47e20","Primary Tumor",NA,"TCGA-AO-A125","TCGA-AO-A125-01A"
"af52c1b4-7164-45c5-ac4f-4a90c584ff24","TXT","TCGA-BH-A0BA-11A-22D-A10Q-05","open","b23235b7-ad0f-489a-9ba5-015cc5532071.methylation_array.sesame.level3betas.txt","2d80da7d-9e59-40e2-8628-928a57d9c5fe","DNA Methylation","methylation_beta_value","Illumina Human Methylation 450",12811467,"2023-07-14T13:36:35.558534-05:00","e97bf8f33823c3745598e0986a11bad7","2023-07-18T10:25:32.028238-05:00","af52c1b4-7164-45c5-ac4f-4a90c584ff24","Methylation Beta Value","released","Methylation Array","2","38.0 - 45.0","TCGA-BRCA","ee6f6a9b-9431-4403-bd60-f95da21acbd0","released","b23235b7-ad0f-489a-9ba5-015cc5532071","quay.io/ncigdc","SeSAMe Methylation Beta Estimation","f8ef9dc6375573fc05fee47b70278d89f79a4cd7","Solid Tissue Normal",NA,"TCGA-BH-A0BA","TCGA-BH-A0BA-11A"
"61cd84d3-2659-4e92-a1f7-69023377383b","TXT","TCGA-AC-A3W5-01A-11D-A22B-05","open","781a82dd-0048-4668-bd6b-74d5fceba272.methylation_array.sesame.level3betas.txt","f82e945a-a0bc-4742-a09a-774db5dfb810","DNA Methylation","methylation_beta_value","Illumina Human Methylation 450",13174416,"2023-07-14T13:22:24.066453-05:00","4b2227ca92fe0e1fe8febac4f1c179a1","2023-07-18T10:26:33.916089-05:00","61cd84d3-2659-4e92-a1f7-69023377383b","Methylation Beta Value","released","Methylation Array","2","38.0 - 45.0","TCGA-BRCA","d6300b93-d240-422a-b37f-cccc39750f40","released","781a82dd-0048-4668-bd6b-74d5fceba272","quay.io/ncigdc","SeSAMe Methylation Beta Estimation","dc9467b78cf538a0430cd4027dc5092f77d47e20","Primary Tumor",NA,"TCGA-AC-A3W5","TCGA-AC-A3W5-01A"
"22998b9b-de68-45f5-8a7b-e25dd2b387dd","TXT","TCGA-E9-A2JS-01A-11D-A17Z-05","open","594a11ae-8cc3-4989-8416-20d7b9e32850.methylation_array.sesame.level3betas.txt","9520a7cd-0da3-488d-a9ed-4a8d838cb824","DNA Methylation","methylation_beta_value","Illumina Human Methylation 450",13168624,"2023-07-14T13:27:38.380835-05:00","e5e9d62837d0787bb85133eaa98d8461","2023-07-18T10:24:37.381502-05:00","22998b9b-de68-45f5-8a7b-e25dd2b387dd","Methylation Beta Value","released","Methylation Array","2","38.0 - 45.0","TCGA-BRCA","0d069f2c-3132-4cd6-8920-312d7cb59056","released","594a11ae-8cc3-4989-8416-20d7b9e32850","quay.io/ncigdc","SeSAMe Methylation Beta Estimation","9e258094ac9d4febe3721ceba25c1b8dbd1a27f8","Primary Tumor",NA,"TCGA-E9-A2JS","TCGA-E9-A2JS-01A"
"0e2620dd-c447-494d-aa55-9050de7badcb","TXT","TCGA-A1-A0SF-01A-11D-A145-05","open","0864ae69-5aca-4eda-b078-0e51f46c6903.methylation_array.sesame.level3betas.txt","b7b6f2b2-8bee-4d7b-be73-032a1cf5ac68","DNA Methylation","methylation_beta_value","Illumina Human Methylation 450",13178687,"2023-07-14T13:08:17.092434-05:00","badc504ee97ce802a10b92e990f5bcc4","2023-07-18T10:26:40.528740-05:00","0e2620dd-c447-494d-aa55-9050de7badcb","Methylation Beta Value","released","Methylation Array","2","38.0 - 45.0","TCGA-BRCA","b5bfcfe3-306f-484d-a3c1-fb729198d830","released","0864ae69-5aca-4eda-b078-0e51f46c6903","quay.io/ncigdc","SeSAMe Methylation Beta Estimation","dc9467b78cf538a0430cd4027dc5092f77d47e20","Primary Tumor",NA,"TCGA-A1-A0SF","TCGA-A1-A0SF-01A"
"d0c13be3-4b5e-4dd1-b731-48ad97e58ade","TXT","TCGA-PE-A5DE-01A-11D-A27Y-05","open","602e1d5a-4aa9-4840-b38e-ad202e023ef8.methylation_array.sesame.level3betas.txt","15aa90d4-0880-483e-b1e0-7ae6ee76e52d","DNA Methylation","methylation_beta_value","Illumina Human Methylation 450",13194199,"2023-07-14T13:25:34.638312-05:00","d7f8a22f6147237687c29815d982f8d9","2023-07-18T10:27:29.810323-05:00","d0c13be3-4b5e-4dd1-b731-48ad97e58ade","Methylation Beta Value","released","Methylation Array","2","38.0 - 45.0","TCGA-BRCA","279a71e1-8ec4-4a41-90c2-941f68bf9c2f","released","602e1d5a-4aa9-4840-b38e-ad202e023ef8","quay.io/ncigdc","SeSAMe Methylation Beta Estimation","dc9467b78cf538a0430cd4027dc5092f77d47e20","Primary Tumor",NA,"TCGA-PE-A5DE","TCGA-PE-A5DE-01A"
"c6013de5-d744-4bdb-b85b-f94f3b35fb25","TXT","TCGA-A7-A4SD-01A-11D-A268-05","open","73896eff-5781-4bf8-a67c-1e4b1afdea4a.methylation_array.sesame.level3betas.txt","7239d85e-3b47-4a16-aa1e-c4b51e755a62","DNA Methylation","methylation_beta_value","Illumina Human Methylation 450",13096910,"2023-07-14T13:16:42.790604-05:00","69198a97fe842af8b9dc48d40f363cac","2023-07-18T10:26:30.378156-05:00","c6013de5-d744-4bdb-b85b-f94f3b35fb25","Methylation Beta Value","released","Methylation Array","2","38.0 - 45.0","TCGA-BRCA","b957a786-2c23-4407-84b2-7f2c2b4e415f","released","73896eff-5781-4bf8-a67c-1e4b1afdea4a","quay.io/ncigdc","SeSAMe Methylation Beta Estimation","f8ef9dc6375573fc05fee47b70278d89f79a4cd7","Primary Tumor",NA,"TCGA-A7-A4SD","TCGA-A7-A4SD-01A"
"4c95a3fb-8c3c-4f65-a2ee-fe3aef44c9e1","TXT","TCGA-B6-A0X4-01A-11D-A10A-05","open","e49b3fc7-3a27-452f-9151-cb822ae121f5.methylation_array.sesame.level3betas.txt","2493b2eb-7ca6-4c2e-a658-0721ce84b50a","DNA Methylation","methylation_beta_value","Illumina Human Methylation 450",12984429,"2023-07-14T13:33:47.434699-05:00","1095d646b9c48f1241e4b2b368bbd1fc","2023-07-18T10:25:26.273281-05:00","4c95a3fb-8c3c-4f65-a2ee-fe3aef44c9e1","Methylation Beta Value","released","Methylation Array","2","38.0 - 45.0","TCGA-BRCA","6f785e7f-1b96-49d5-825b-1cdf3e7d197b","released","e49b3fc7-3a27-452f-9151-cb822ae121f5","quay.io/ncigdc","SeSAMe Methylation Beta Estimation","f8ef9dc6375573fc05fee47b70278d89f79a4cd7","Primary Tumor",NA,"TCGA-B6-A0X4","TCGA-B6-A0X4-01A"
"4ab5e8b6-5e24-4ef6-962a-4000d5861ccd","TXT","TCGA-AR-A2LK-01A-11D-A17Z-05","open","89ece83e-318b-4b9d-9315-0a6355fe911f.methylation_array.sesame.level3betas.txt","24491811-5e3f-4984-bcae-c524a81ab57c","DNA Methylation","methylation_beta_value","Illumina Human Methylation 450",13183029,"2023-07-14T13:14:17.663390-05:00","568b54f91409bdd837bbe357395b74f3","2023-07-18T10:26:08.346848-05:00","4ab5e8b6-5e24-4ef6-962a-4000d5861ccd","Methylation Beta Value","released","Methylation Array","2","38.0 - 45.0","TCGA-BRCA","3e2c8a27-a98a-4269-97b6-58d40583b051","released","89ece83e-318b-4b9d-9315-0a6355fe911f","quay.io/ncigdc","SeSAMe Methylation Beta Estimation","f8ef9dc6375573fc05fee47b70278d89f79a4cd7","Primary Tumor",NA,"TCGA-AR-A2LK","TCGA-AR-A2LK-01A"
"7148a7e3-6793-4b7a-85a0-fa18a82a91fe","TXT","TCGA-OL-A5DA-01A-11D-A27Y-05","open","b182ddfc-49a5-407e-9b46-157ecfa410b4.methylation_array.sesame.level3betas.txt","04ba908f-a0d3-4ddf-a02e-78200c3dd566","DNA Methylation","methylation_beta_value","Illumina Human Methylation 450",13193216,"2023-07-14T13:37:23.054791-05:00","39c5af9d409164c0947e841b6bc6c86d","2023-07-18T10:27:18.370328-05:00","7148a7e3-6793-4b7a-85a0-fa18a82a91fe","Methylation Beta Value","released","Methylation Array","2","38.0 - 45.0","TCGA-BRCA","cef96ec0-c511-4fe4-bc4c-45c9a3cf984f","released","b182ddfc-49a5-407e-9b46-157ecfa410b4","quay.io/ncigdc","SeSAMe Methylation Beta Estimation","dc9467b78cf538a0430cd4027dc5092f77d47e20","Primary Tumor",NA,"TCGA-OL-A5DA","TCGA-OL-A5DA-01A"
"8acab6e5-25e5-4c77-bc80-41bb54a072a6","TXT","TCGA-LQ-A4E4-01A-11D-A268-05","open","6e9399f2-3caf-4ad4-8c67-794ad8e3d335.methylation_array.sesame.level3betas.txt","8ba8d80c-367d-45ea-9410-bb78cf13a6f8","DNA Methylation","methylation_beta_value","Illumina Human Methylation 450",13068155,"2023-07-14T13:36:37.550517-05:00","7ad92807b3f60a019f235eb5335879cf","2023-07-18T10:27:04.053653-05:00","8acab6e5-25e5-4c77-bc80-41bb54a072a6","Methylation Beta Value","released","Methylation Array","2","38.0 - 45.0","TCGA-BRCA","f0d6572b-1bfc-409b-8e52-2fe1cb720b89","released","6e9399f2-3caf-4ad4-8c67-794ad8e3d335","quay.io/ncigdc","SeSAMe Methylation Beta Estimation","9e258094ac9d4febe3721ceba25c1b8dbd1a27f8","Primary Tumor",NA,"TCGA-LQ-A4E4","TCGA-LQ-A4E4-01A"
"60470dbe-6ac4-470a-805f-1c460945c6e8","TXT","TCGA-JL-A3YX-01A-11D-A230-05","open","f01a74fd-18c3-4bec-af77-6c7975544d7f.methylation_array.sesame.level3betas.txt","e34c4cae-9480-479c-874d-4ca01ed50199","DNA Methylation","methylation_beta_value","Illumina Human Methylation 450",13141561,"2023-07-14T13:37:43.149717-05:00","16e4ef4fdcd32c266f2169cf1cd54010","2023-07-18T10:25:26.573063-05:00","60470dbe-6ac4-470a-805f-1c460945c6e8","Methylation Beta Value","released","Methylation Array","2","38.0 - 45.0","TCGA-BRCA","b01b9d71-bd92-496d-a31e-5f39b46f4f5c","released","f01a74fd-18c3-4bec-af77-6c7975544d7f","quay.io/ncigdc","SeSAMe Methylation Beta Estimation","f8ef9dc6375573fc05fee47b70278d89f79a4cd7","Primary Tumor",NA,"TCGA-JL-A3YX","TCGA-JL-A3YX-01A"
"8931b9f9-033d-42a8-919f-17bcd4daf246","TXT","TCGA-A2-A0YJ-01A-11D-A10A-05","open","0a11e857-44e4-4cfd-a29b-11e5924a2a50.methylation_array.sesame.level3betas.txt","b71355cf-e852-4078-8de4-0a2334c0078d","DNA Methylation","methylation_beta_value","Illumina Human Methylation 450",12848568,"2023-07-14T13:19:00.990125-05:00","5d48f634dd5ae46a9bc21bac0bc4089d","2023-07-18T10:25:22.093020-05:00","8931b9f9-033d-42a8-919f-17bcd4daf246","Methylation Beta Value","released","Methylation Array","2","38.0 - 45.0","TCGA-BRCA","f629efd4-c97e-426e-9499-644bb517affa","released","0a11e857-44e4-4cfd-a29b-11e5924a2a50","quay.io/ncigdc","SeSAMe Methylation Beta Estimation","9e258094ac9d4febe3721ceba25c1b8dbd1a27f8","Primary Tumor",NA,"TCGA-A2-A0YJ","TCGA-A2-A0YJ-01A"
"e1f93126-9951-4aa8-83e4-906f9f64ef7a","TXT","TCGA-AC-A23H-11A-12D-A161-05","open","eca7c5bd-25d8-4f61-bd6f-02c76b7f0ae9.methylation_array.sesame.level3betas.txt","fd29150b-26be-4b94-a38e-bde98dc60258","DNA Methylation","methylation_beta_value","Illumina Human Methylation 450",12927904,"2023-07-14T13:15:39.068271-05:00","ec8e6542c426dc7ffe257f637598dbe0","2023-07-18T10:26:19.568328-05:00","e1f93126-9951-4aa8-83e4-906f9f64ef7a","Methylation Beta Value","released","Methylation Array","2","38.0 - 45.0","TCGA-BRCA","8d38570d-029b-4c90-9627-ca0e1577c42e","released","eca7c5bd-25d8-4f61-bd6f-02c76b7f0ae9","quay.io/ncigdc","SeSAMe Methylation Beta Estimation","dc9467b78cf538a0430cd4027dc5092f77d47e20","Solid Tissue Normal",NA,"TCGA-AC-A23H","TCGA-AC-A23H-11A"
"93934955-f7bc-41c1-a611-f4161696455f","TXT","TCGA-OL-A5RZ-01A-11D-A28C-05","open","f5003fc6-ac5b-437b-86c0-6e1f6c20a669.methylation_array.sesame.level3betas.txt","8f24904d-7a8b-4868-b8dc-428817f6f057","DNA Methylation","methylation_beta_value","Illumina Human Methylation 450",13086654,"2023-07-14T13:30:55.030570-05:00","4051f0c034eada7c5318932c387ab655","2023-07-18T10:26:26.140244-05:00","93934955-f7bc-41c1-a611-f4161696455f","Methylation Beta Value","released","Methylation Array","2","38.0 - 45.0","TCGA-BRCA","9efae075-2dda-4015-bdb3-8075b428ef5b","released","f5003fc6-ac5b-437b-86c0-6e1f6c20a669","quay.io/ncigdc","SeSAMe Methylation Beta Estimation","f8ef9dc6375573fc05fee47b70278d89f79a4cd7","Primary Tumor",NA,"TCGA-OL-A5RZ","TCGA-OL-A5RZ-01A"
"532ad62b-576b-42dd-99c7-94d07a1676e4","TXT","TCGA-BH-A1FM-11B-23D-A13T-05","open","efbae728-f3c9-41fa-abff-2a9030de52da.methylation_array.sesame.level3betas.txt","dcd85654-f14d-4275-8289-6af4bbb402a4","DNA Methylation","methylation_beta_value","Illumina Human Methylation 450",13166535,"2023-07-14T13:21:45.386043-05:00","663fd41d7f614da67e36d8471a1c742d","2023-07-18T10:27:30.233136-05:00","532ad62b-576b-42dd-99c7-94d07a1676e4","Methylation Beta Value","released","Methylation Array","2","38.0 - 45.0","TCGA-BRCA","2d69bda5-11ea-4a7f-8d16-ef25948ee469","released","efbae728-f3c9-41fa-abff-2a9030de52da","quay.io/ncigdc","SeSAMe Methylation Beta Estimation","f8ef9dc6375573fc05fee47b70278d89f79a4cd7","Solid Tissue Normal",NA,"TCGA-BH-A1FM","TCGA-BH-A1FM-11B"
"d9d5d406-a0ad-4d7a-b543-6d15986560cd","TXT","TCGA-OL-A5S0-01A-11D-A28C-05","open","596345a8-a6be-4896-be16-64d341125949.methylation_array.sesame.level3betas.txt","dbcb6547-8b33-4faf-9ddc-34d9c3018b4a","DNA Methylation","methylation_beta_value","Illumina Human Methylation 450",13146919,"2023-07-14T13:31:19.930181-05:00","a6cde2cbda762941bc6afaebe7f676fa","2023-07-18T10:26:56.003474-05:00","d9d5d406-a0ad-4d7a-b543-6d15986560cd","Methylation Beta Value","released","Methylation Array","2","38.0 - 45.0","TCGA-BRCA","869c655b-07b3-4075-98fc-5747e420727b","released","596345a8-a6be-4896-be16-64d341125949","quay.io/ncigdc","SeSAMe Methylation Beta Estimation","dc9467b78cf538a0430cd4027dc5092f77d47e20","Primary Tumor",NA,"TCGA-OL-A5S0","TCGA-OL-A5S0-01A"
"6d058cfd-877b-41f8-bc33-e54f3dcace32","TXT","TCGA-OL-A5RX-01A-11D-A28C-05","open","a7427d26-c7ca-4eea-ac2f-06bc5224942a.methylation_array.sesame.level3betas.txt","2069540d-6021-4944-890f-649da4fb34bb","DNA Methylation","methylation_beta_value","Illumina Human Methylation 450",13146397,"2023-07-14T13:09:01.241270-05:00","344342f660fd1ed08870d6dff10420a3","2023-07-18T10:26:09.625424-05:00","6d058cfd-877b-41f8-bc33-e54f3dcace32","Methylation Beta Value","released","Methylation Array","2","38.0 - 45.0","TCGA-BRCA","f4ac14b8-94e0-44ac-bfcc-7e25833eb78f","released","a7427d26-c7ca-4eea-ac2f-06bc5224942a","quay.io/ncigdc","SeSAMe Methylation Beta Estimation","f8ef9dc6375573fc05fee47b70278d89f79a4cd7","Primary Tumor",NA,"TCGA-OL-A5RX","TCGA-OL-A5RX-01A"
"0e057b95-5994-4143-8624-0f3c9dac365c","TXT","TCGA-GM-A2DN-01A-11D-A17Z-05","open","dbffa5bd-cb4e-4e53-8b35-a4199e01a2d9.methylation_array.sesame.level3betas.txt","9aedb230-4084-4ee9-a934-292db651ec0f","DNA Methylation","methylation_beta_value","Illumina Human Methylation 450",13182153,"2023-07-14T13:39:46.557525-05:00","caaa5f92231e73c0733e965df3027c34","2023-07-18T10:25:18.045844-05:00","0e057b95-5994-4143-8624-0f3c9dac365c","Methylation Beta Value","released","Methylation Array","2","38.0 - 45.0","TCGA-BRCA","4db7800e-5014-4eb9-9f00-17f14aa27195","released","dbffa5bd-cb4e-4e53-8b35-a4199e01a2d9","quay.io/ncigdc","SeSAMe Methylation Beta Estimation","9e258094ac9d4febe3721ceba25c1b8dbd1a27f8","Primary Tumor",NA,"TCGA-GM-A2DN","TCGA-GM-A2DN-01A"
"b3506081-b8ca-45d6-8dad-e801221efc57","TXT","TCGA-AR-A1AN-01A-11D-A12R-05","open","004060cf-4360-49cb-a1f9-651bf55c6e0f.methylation_array.sesame.level3betas.txt","51aef749-e44e-47ac-a1cf-5649abb99c08","DNA Methylation","methylation_beta_value","Illumina Human Methylation 450",13048844,"2023-07-14T13:20:38.958546-05:00","2e6db9b00d64c1f3a303a7300470309d","2023-07-18T10:24:38.775241-05:00","b3506081-b8ca-45d6-8dad-e801221efc57","Methylation Beta Value","released","Methylation Array","2","38.0 - 45.0","TCGA-BRCA","37e2175f-98cc-403d-8259-b49a378a1949","released","004060cf-4360-49cb-a1f9-651bf55c6e0f","quay.io/ncigdc","SeSAMe Methylation Beta Estimation","f8ef9dc6375573fc05fee47b70278d89f79a4cd7","Primary Tumor",NA,"TCGA-AR-A1AN","TCGA-AR-A1AN-01A"
"73d58f5b-a591-4261-89f2-1edea61904d5","TXT","TCGA-BH-A42V-01A-11D-A244-05","open","6d011510-9d60-4e4c-926e-c0242f2ade45.methylation_array.sesame.level3betas.txt","0267fd63-4b7e-415f-be21-27362a9cb57b","DNA Methylation","methylation_beta_value","Illumina Human Methylation 450",13184443,"2023-07-14T13:33:50.982800-05:00","3d627fb100ee567e66ec11c1c364dc68","2023-07-18T10:24:45.623045-05:00","73d58f5b-a591-4261-89f2-1edea61904d5","Methylation Beta Value","released","Methylation Array","2","38.0 - 45.0","TCGA-BRCA","c0d7bb5b-a741-4dd1-95cb-0e7ca5241be0","released","6d011510-9d60-4e4c-926e-c0242f2ade45","quay.io/ncigdc","SeSAMe Methylation Beta Estimation","f8ef9dc6375573fc05fee47b70278d89f79a4cd7","Primary Tumor",NA,"TCGA-BH-A42V","TCGA-BH-A42V-01A"
"cf643ad4-718a-45ae-a9d5-49f6a5dab05e","TXT","TCGA-WT-AB44-01A-11D-A41Q-05","open","19d0c5e3-98a0-4319-befd-0d20b3e5c93a.methylation_array.sesame.level3betas.txt","87428cab-0dec-4e20-91ff-79ef00eddc06","DNA Methylation","methylation_beta_value","Illumina Human Methylation 450",12964959,"2023-07-14T13:25:43.869037-05:00","077c604c388dc9b5d7f15f836e0e3194","2023-07-18T10:25:58.573467-05:00","cf643ad4-718a-45ae-a9d5-49f6a5dab05e","Methylation Beta Value","released","Methylation Array","2","38.0 - 45.0","TCGA-BRCA","d21867a4-066e-465c-9a0e-2bf505de0dc4","released","19d0c5e3-98a0-4319-befd-0d20b3e5c93a","quay.io/ncigdc","SeSAMe Methylation Beta Estimation","dc9467b78cf538a0430cd4027dc5092f77d47e20","Primary Tumor",NA,"TCGA-WT-AB44","TCGA-WT-AB44-01A"
"d76e26b8-dfe0-4ee2-8114-48489d65fb07","TXT","TCGA-BH-A8FY-01A-11D-A36K-05","open","12a44751-bb29-4560-a168-11caee885f4f.methylation_array.sesame.level3betas.txt","dd4f3b19-22ec-4e18-9cfd-699577c75b0a","DNA Methylation","methylation_beta_value","Illumina Human Methylation 450",13062480,"2023-07-14T13:27:47.114988-05:00","d3f3b832fb683ddf8cf7b9ec92548452","2023-07-18T10:25:15.003291-05:00","d76e26b8-dfe0-4ee2-8114-48489d65fb07","Methylation Beta Value","released","Methylation Array","2","38.0 - 45.0","TCGA-BRCA","3b813e99-aef8-4de6-9c1d-f7fe71cc0585","released","12a44751-bb29-4560-a168-11caee885f4f","quay.io/ncigdc","SeSAMe Methylation Beta Estimation","9e258094ac9d4febe3721ceba25c1b8dbd1a27f8","Primary Tumor",NA,"TCGA-BH-A8FY","TCGA-BH-A8FY-01A"
"e281d21c-e913-4392-9def-9ecbc8f86da5","TXT","TCGA-E9-A1RC-11A-33D-A161-05","open","54e7953a-11a9-4bfe-802a-36c425f69c97.methylation_array.sesame.level3betas.txt","d328c489-55e2-4da4-bf21-f33f01899be1","DNA Methylation","methylation_beta_value","Illumina Human Methylation 450",12957741,"2023-07-14T13:24:35.375458-05:00","b0140053e0f1acf99ca643c663d40259","2023-07-18T10:24:44.777138-05:00","e281d21c-e913-4392-9def-9ecbc8f86da5","Methylation Beta Value","released","Methylation Array","2","38.0 - 45.0","TCGA-BRCA","0332d066-1f4e-48af-b81e-6de3b17ce957","released","54e7953a-11a9-4bfe-802a-36c425f69c97","quay.io/ncigdc","SeSAMe Methylation Beta Estimation","f8ef9dc6375573fc05fee47b70278d89f79a4cd7","Solid Tissue Normal",NA,"TCGA-E9-A1RC","TCGA-E9-A1RC-11A"
"53e943f1-d140-4593-a873-a77cb3c88973","TXT","TCGA-BH-A0B9-01A-11D-A10P-05","open","bf012165-bb5a-44c8-ac1d-9d197a3cb17e.methylation_array.sesame.level3betas.txt","3201b06f-2063-4d6c-9909-4c76738733eb","DNA Methylation","methylation_beta_value","Illumina Human Methylation 450",12978827,"2023-07-14T13:24:52.363578-05:00","fea0167669766bd32f6844a6bbcaf657","2023-07-18T10:27:14.343232-05:00","53e943f1-d140-4593-a873-a77cb3c88973","Methylation Beta Value","released","Methylation Array","2","38.0 - 45.0","TCGA-BRCA","176664fc-02f0-442b-a0e4-026147ba6871","released","bf012165-bb5a-44c8-ac1d-9d197a3cb17e","quay.io/ncigdc","SeSAMe Methylation Beta Estimation","dc9467b78cf538a0430cd4027dc5092f77d47e20","Primary Tumor",NA,"TCGA-BH-A0B9","TCGA-BH-A0B9-01A"
"7fa8b64a-7d0e-4fea-b7a7-b38905f6273a","TXT","TCGA-AR-A0TQ-01A-11D-A10P-05","open","25650535-2d02-459c-8850-4ccd70725403.methylation_array.sesame.level3betas.txt","20e711cc-6ee0-41e3-9376-e7977fde34dd","DNA Methylation","methylation_beta_value","Illumina Human Methylation 450",13055203,"2023-07-14T13:23:40.318084-05:00","6b05908acc55686bae4cc106bad4e7d2","2023-07-18T10:26:27.552438-05:00","7fa8b64a-7d0e-4fea-b7a7-b38905f6273a","Methylation Beta Value","released","Methylation Array","2","38.0 - 45.0","TCGA-BRCA","5e71c970-b0e1-4bd1-af8e-3638a8d3bca0","released","25650535-2d02-459c-8850-4ccd70725403","quay.io/ncigdc","SeSAMe Methylation Beta Estimation","f8ef9dc6375573fc05fee47b70278d89f79a4cd7","Primary Tumor",NA,"TCGA-AR-A0TQ","TCGA-AR-A0TQ-01A"
"2b930951-a44f-4336-9f97-75d0e737fa52","TXT","TCGA-A2-A0CK-01A-11D-A22B-05","open","a1b9215c-9357-40d6-9ac9-e79324c76705.methylation_array.sesame.level3betas.txt","e377191f-3397-4cdf-81e3-67149856063b","DNA Methylation","methylation_beta_value","Illumina Human Methylation 450",13158739,"2023-07-14T13:36:28.155463-05:00","908aa993514f5aa372a5af702a616b8d","2023-07-18T10:25:48.307679-05:00","2b930951-a44f-4336-9f97-75d0e737fa52","Methylation Beta Value","released","Methylation Array","2","38.0 - 45.0","TCGA-BRCA","b77bc0ba-6aa1-4823-b4e7-398074d9498b","released","a1b9215c-9357-40d6-9ac9-e79324c76705","quay.io/ncigdc","SeSAMe Methylation Beta Estimation","f8ef9dc6375573fc05fee47b70278d89f79a4cd7","Primary Tumor",NA,"TCGA-A2-A0CK","TCGA-A2-A0CK-01A"
"991e1e0f-70ef-45ba-921c-16516983e755","TXT","TCGA-AC-A3QP-01A-11D-A230-05","open","ad2cdc3c-c665-478d-b518-b513d350d6b5.methylation_array.sesame.level3betas.txt","1c9cd6f6-78dc-4cc4-935d-e9f2ecf8af84","DNA Methylation","methylation_beta_value","Illumina Human Methylation 450",13163376,"2023-07-14T13:30:38.637676-05:00","b8658b227adb17b817bcdfef774a3f4b","2023-07-18T10:26:39.169862-05:00","991e1e0f-70ef-45ba-921c-16516983e755","Methylation Beta Value","released","Methylation Array","2","38.0 - 45.0","TCGA-BRCA","01680b89-66fa-48a1-b8fb-16b15e05fcb3","released","ad2cdc3c-c665-478d-b518-b513d350d6b5","quay.io/ncigdc","SeSAMe Methylation Beta Estimation","f8ef9dc6375573fc05fee47b70278d89f79a4cd7","Primary Tumor",NA,"TCGA-AC-A3QP","TCGA-AC-A3QP-01A"
"588a1f84-385f-445e-af8b-505848fb628a","TXT","TCGA-EW-A1IW-01A-11D-A13K-05","open","ea5f81d4-f297-4cc0-9399-637281129a9c.methylation_array.sesame.level3betas.txt","2ae9908f-c2a6-49a1-98e5-43422725f2bb","DNA Methylation","methylation_beta_value","Illumina Human Methylation 450",13148331,"2023-07-14T13:11:05.312935-05:00","7a32ee5b358c091384dfdef9c5d58a3a","2023-07-18T10:27:19.340608-05:00","588a1f84-385f-445e-af8b-505848fb628a","Methylation Beta Value","released","Methylation Array","2","38.0 - 45.0","TCGA-BRCA","cd134809-9e05-4683-98e8-023ec681f35a","released","ea5f81d4-f297-4cc0-9399-637281129a9c","quay.io/ncigdc","SeSAMe Methylation Beta Estimation","dc9467b78cf538a0430cd4027dc5092f77d47e20","Primary Tumor",NA,"TCGA-EW-A1IW","TCGA-EW-A1IW-01A"
"68c4b2cf-b17f-425c-8295-21a7ab656429","TXT","TCGA-A7-A13E-01A-11D-A12R-05","open","76c5e0f0-d0ec-4fc2-b6b9-125b092e7c55.methylation_array.sesame.level3betas.txt","ff0ed623-6ec8-440b-bd45-138b4c52a695","DNA Methylation","methylation_beta_value","Illumina Human Methylation 450",12979289,"2023-07-14T13:35:29.902061-05:00","5292b72e8f68bb61644f5ffd4cb352da","2023-07-18T10:25:37.623626-05:00","68c4b2cf-b17f-425c-8295-21a7ab656429","Methylation Beta Value","released","Methylation Array","2","38.0 - 45.0","TCGA-BRCA","315b5c52-af7b-446d-987f-64c885922505","released","76c5e0f0-d0ec-4fc2-b6b9-125b092e7c55","quay.io/ncigdc","SeSAMe Methylation Beta Estimation","f8ef9dc6375573fc05fee47b70278d89f79a4cd7","Primary Tumor",NA,"TCGA-A7-A13E","TCGA-A7-A13E-01A"
"f350c81f-b5b1-4d3d-bd4a-3e18c5819f09","TXT","TCGA-E9-A1R3-01A-31D-A14N-05","open","c1296f85-0d5b-489f-98df-9c0644d3c737.methylation_array.sesame.level3betas.txt","207d1091-3fbf-4445-8095-d7dd2836273e","DNA Methylation","methylation_beta_value","Illumina Human Methylation 450",13114624,"2023-07-14T13:38:09.493930-05:00","f65b8a92091482a02906a5a8b70e8a94","2023-07-18T10:26:19.423311-05:00","f350c81f-b5b1-4d3d-bd4a-3e18c5819f09","Methylation Beta Value","released","Methylation Array","2","38.0 - 45.0","TCGA-BRCA","fc152f19-a3f9-40d5-a155-d7819fe949b4","released","c1296f85-0d5b-489f-98df-9c0644d3c737","quay.io/ncigdc","SeSAMe Methylation Beta Estimation","dc9467b78cf538a0430cd4027dc5092f77d47e20","Primary Tumor",NA,"TCGA-E9-A1R3","TCGA-E9-A1R3-01A"
"c8596dd1-09fa-41f6-8064-dc881bdb6d72","TXT","TCGA-BH-A0HI-01A-11D-A10P-05","open","58a2a853-f663-4578-8040-5985cd6964af.methylation_array.sesame.level3betas.txt","d1055832-e903-4ea8-8f68-a659806e9bc6","DNA Methylation","methylation_beta_value","Illumina Human Methylation 450",12848175,"2023-07-14T13:43:46.815158-05:00","ead9e68774f6a9a945d489096733470f","2023-07-18T10:26:29.643176-05:00","c8596dd1-09fa-41f6-8064-dc881bdb6d72","Methylation Beta Value","released","Methylation Array","2","38.0 - 45.0","TCGA-BRCA","934b247a-4212-4e45-9b0b-4eb8ebc47105","released","58a2a853-f663-4578-8040-5985cd6964af","quay.io/ncigdc","SeSAMe Methylation Beta Estimation","dc9467b78cf538a0430cd4027dc5092f77d47e20","Primary Tumor",NA,"TCGA-BH-A0HI","TCGA-BH-A0HI-01A"
"fca07845-983b-4e42-82b9-d0b8ed9d6a84","TXT","TCGA-EW-A1OZ-01A-11D-A145-05","open","fe2569bd-19b3-4982-ade7-86a52a637b9b.methylation_array.sesame.level3betas.txt","12ac5463-0374-4827-a36e-536222f60113","DNA Methylation","methylation_beta_value","Illumina Human Methylation 450",13162724,"2023-07-14T13:18:44.598182-05:00","a813140293f09ee57ce63cb31e635fd9","2023-07-18T10:25:40.916096-05:00","fca07845-983b-4e42-82b9-d0b8ed9d6a84","Methylation Beta Value","released","Methylation Array","2","38.0 - 45.0","TCGA-BRCA","78c2ab78-8169-4eb0-aed0-9d9549b3e044","released","fe2569bd-19b3-4982-ade7-86a52a637b9b","quay.io/ncigdc","SeSAMe Methylation Beta Estimation","f8ef9dc6375573fc05fee47b70278d89f79a4cd7","Primary Tumor",NA,"TCGA-EW-A1OZ","TCGA-EW-A1OZ-01A"
"3848255f-b87f-4c96-8a7e-1b4c01f3d89e","TXT","TCGA-A7-A2KD-01A-31D-A21R-05","open","e516db41-ec72-494d-96ed-06df85a56fbb.methylation_array.sesame.level3betas.txt","c4edd571-56ae-49af-8e55-f5edd8b1abae","DNA Methylation","methylation_beta_value","Illumina Human Methylation 450",13111581,"2023-07-14T13:08:40.936831-05:00","96b60530eb4a8b0c0e2157e0e3f2335e","2023-07-18T10:25:17.033433-05:00","3848255f-b87f-4c96-8a7e-1b4c01f3d89e","Methylation Beta Value","released","Methylation Array","2","38.0 - 45.0","TCGA-BRCA","5d0f0a56-4b48-49fb-8b03-29d2b68bcc43","released","e516db41-ec72-494d-96ed-06df85a56fbb","quay.io/ncigdc","SeSAMe Methylation Beta Estimation","9e258094ac9d4febe3721ceba25c1b8dbd1a27f8","Primary Tumor",NA,"TCGA-A7-A2KD","TCGA-A7-A2KD-01A"
"35471e38-881c-42d5-a05a-d22b35549951","TXT","TCGA-E2-A1LS-11A-32D-A161-05","open","49b13df5-de30-4678-9afe-99f000a78636.methylation_array.sesame.level3betas.txt","2bfa875e-4ad4-491a-8e8f-d568292f11b2","DNA Methylation","methylation_beta_value","Illumina Human Methylation 450",13003986,"2023-07-14T13:43:43.244848-05:00","e5ffba6b219a0515d94cf6c8381dfb0e","2023-07-18T10:27:07.689605-05:00","35471e38-881c-42d5-a05a-d22b35549951","Methylation Beta Value","released","Methylation Array","2","38.0 - 45.0","TCGA-BRCA","07038668-fa8b-4259-9c67-f70305cc019b","released","49b13df5-de30-4678-9afe-99f000a78636","quay.io/ncigdc","SeSAMe Methylation Beta Estimation","dc9467b78cf538a0430cd4027dc5092f77d47e20","Solid Tissue Normal",NA,"TCGA-E2-A1LS","TCGA-E2-A1LS-11A"
"b875bd7b-d82f-458b-be88-8f184d4b4b84","TXT","TCGA-S3-AA14-01A-11D-A41Q-05","open","62e3b233-7858-43de-879c-7b4cd309a3d2.methylation_array.sesame.level3betas.txt","2198e683-52e2-4d08-8b55-3520c5ba731f","DNA Methylation","methylation_beta_value","Illumina Human Methylation 450",13054215,"2023-07-14T13:15:42.791163-05:00","adb31d73dbf2b0357de101dc92b515a4","2023-07-18T10:25:57.881349-05:00","b875bd7b-d82f-458b-be88-8f184d4b4b84","Methylation Beta Value","released","Methylation Array","2","38.0 - 45.0","TCGA-BRCA","fc662690-d5ec-44bc-9ec7-d6bdd33a91fc","released","62e3b233-7858-43de-879c-7b4cd309a3d2","quay.io/ncigdc","SeSAMe Methylation Beta Estimation","f8ef9dc6375573fc05fee47b70278d89f79a4cd7","Primary Tumor",NA,"TCGA-S3-AA14","TCGA-S3-AA14-01A"
"9f04cb29-529d-4928-89ae-f7c24844f0aa","TXT","TCGA-BH-A0AY-11A-23D-A10Q-05","open","932ce08a-704d-4fa7-80ab-6acbad7a4565.methylation_array.sesame.level3betas.txt","30a2ddcf-68f3-4e1d-9515-70dced5e9c26","DNA Methylation","methylation_beta_value","Illumina Human Methylation 450",12986866,"2023-07-14T13:26:00.220368-05:00","9ca4a8693df639b61d3f02618145cd36","2023-07-18T10:25:30.288768-05:00","9f04cb29-529d-4928-89ae-f7c24844f0aa","Methylation Beta Value","released","Methylation Array","2","38.0 - 45.0","TCGA-BRCA","19976a73-3408-44aa-8df4-76925c898584","released","932ce08a-704d-4fa7-80ab-6acbad7a4565","quay.io/ncigdc","SeSAMe Methylation Beta Estimation","f8ef9dc6375573fc05fee47b70278d89f79a4cd7","Solid Tissue Normal",NA,"TCGA-BH-A0AY","TCGA-BH-A0AY-11A"
"ef92da24-f81b-424a-ba07-f9131a759650","TXT","TCGA-E9-A3X8-01A-31D-A230-05","open","dda6c656-00c7-4878-9eb1-2068d038ab06.methylation_array.sesame.level3betas.txt","76d2f56f-935a-4d30-b12e-ad33107391b6","DNA Methylation","methylation_beta_value","Illumina Human Methylation 450",13181878,"2023-07-14T13:24:02.494991-05:00","06aa8022c7bef2adb77ae2da73bc69c3","2023-07-18T10:25:25.750128-05:00","ef92da24-f81b-424a-ba07-f9131a759650","Methylation Beta Value","released","Methylation Array","2","38.0 - 45.0","TCGA-BRCA","f5c10846-1ce6-49a7-b6ac-ac7e2ef482bf","released","dda6c656-00c7-4878-9eb1-2068d038ab06","quay.io/ncigdc","SeSAMe Methylation Beta Estimation","f8ef9dc6375573fc05fee47b70278d89f79a4cd7","Primary Tumor",NA,"TCGA-E9-A3X8","TCGA-E9-A3X8-01A"
"08bfe88e-f22f-47ed-9502-c11500fa9e9d","TXT","TCGA-AR-A1AP-01A-11D-A12R-05","open","124a1ed7-5fdc-4e61-9d97-60e62b469d63.methylation_array.sesame.level3betas.txt","b5f43aae-4b5b-4f12-bd41-0fb68facbf70","DNA Methylation","methylation_beta_value","Illumina Human Methylation 450",13138257,"2023-07-14T13:26:48.140996-05:00","5a98c777477352bce14c272b8026542f","2023-07-18T10:25:43.989505-05:00","08bfe88e-f22f-47ed-9502-c11500fa9e9d","Methylation Beta Value","released","Methylation Array","2","38.0 - 45.0","TCGA-BRCA","1a5c650b-975a-4c2b-bebe-714e41a0ade1","released","124a1ed7-5fdc-4e61-9d97-60e62b469d63","quay.io/ncigdc","SeSAMe Methylation Beta Estimation","f8ef9dc6375573fc05fee47b70278d89f79a4cd7","Primary Tumor",NA,"TCGA-AR-A1AP","TCGA-AR-A1AP-01A"
"7a031158-23ee-4fe7-baf2-7cb3aeeebcf6","TXT","TCGA-AC-A3QQ-01A-11D-A22B-05","open","5030bce6-c61b-4391-afbd-337739dea17a.methylation_array.sesame.level3betas.txt","0d7695a3-46d9-474e-b9e4-107282888d4b","DNA Methylation","methylation_beta_value","Illumina Human Methylation 450",13155334,"2023-07-14T13:33:40.209363-05:00","688c04b09f419149867b3ee7961b074f","2023-07-18T10:26:13.497049-05:00","7a031158-23ee-4fe7-baf2-7cb3aeeebcf6","Methylation Beta Value","released","Methylation Array","2","38.0 - 45.0","TCGA-BRCA","8b4c473a-1b4a-42cf-a455-7e4c9b92f020","released","5030bce6-c61b-4391-afbd-337739dea17a","quay.io/ncigdc","SeSAMe Methylation Beta Estimation","9e258094ac9d4febe3721ceba25c1b8dbd1a27f8","Primary Tumor",NA,"TCGA-AC-A3QQ","TCGA-AC-A3QQ-01A"
"4b337352-c226-43ec-aa78-8c416d0fe9a3","TXT","TCGA-AC-A5XU-01A-11D-A28C-05","open","be0d9a28-8d20-4d26-bc0e-ed066de3e8d9.methylation_array.sesame.level3betas.txt","fa5d1671-b1eb-476f-a88e-e97f21b8fca0","DNA Methylation","methylation_beta_value","Illumina Human Methylation 450",13110947,"2023-07-14T13:39:52.046851-05:00","7223859d8f935fa8df981bb82d0f4a7d","2023-07-18T10:27:23.678097-05:00","4b337352-c226-43ec-aa78-8c416d0fe9a3","Methylation Beta Value","released","Methylation Array","2","38.0 - 45.0","TCGA-BRCA","35bfd181-b935-40c7-8237-005a6df93def","released","be0d9a28-8d20-4d26-bc0e-ed066de3e8d9","quay.io/ncigdc","SeSAMe Methylation Beta Estimation","dc9467b78cf538a0430cd4027dc5092f77d47e20","Primary Tumor",NA,"TCGA-AC-A5XU","TCGA-AC-A5XU-01A"
"14c3ac3d-99d6-4254-a150-dbc06c76a06d","TXT","TCGA-D8-A1X9-01A-12D-A161-05","open","72c27793-2913-4e0a-9e49-527660e52cf6.methylation_array.sesame.level3betas.txt","8d0e1824-b31b-430e-8b2d-cf3e8e03cb64","DNA Methylation","methylation_beta_value","Illumina Human Methylation 450",13070937,"2023-07-14T13:39:35.762947-05:00","61aedeae8e4b148008a0dd49e54ab595","2023-07-18T10:26:03.564196-05:00","14c3ac3d-99d6-4254-a150-dbc06c76a06d","Methylation Beta Value","released","Methylation Array","2","38.0 - 45.0","TCGA-BRCA","73a27718-6da9-41dd-9252-2b78fa58d399","released","72c27793-2913-4e0a-9e49-527660e52cf6","quay.io/ncigdc","SeSAMe Methylation Beta Estimation","f8ef9dc6375573fc05fee47b70278d89f79a4cd7","Primary Tumor",NA,"TCGA-D8-A1X9","TCGA-D8-A1X9-01A"
"13ae8b89-3c88-4f38-9344-600bb538c3bd","TXT","TCGA-AR-A1AU-01A-11D-A12R-05","open","df199db6-cd07-4832-a7d1-a88e5a3182f4.methylation_array.sesame.level3betas.txt","17864d0d-669a-4831-8ab8-ab69d5565aed","DNA Methylation","methylation_beta_value","Illumina Human Methylation 450",13123903,"2023-07-14T13:43:39.763020-05:00","27845dd682d5c3041f33a0067f59b9e7","2023-07-18T10:26:09.372870-05:00","13ae8b89-3c88-4f38-9344-600bb538c3bd","Methylation Beta Value","released","Methylation Array","2","38.0 - 45.0","TCGA-BRCA","921c14ab-d54d-4326-a5c2-9c607b50f330","released","df199db6-cd07-4832-a7d1-a88e5a3182f4","quay.io/ncigdc","SeSAMe Methylation Beta Estimation","9e258094ac9d4febe3721ceba25c1b8dbd1a27f8","Primary Tumor",NA,"TCGA-AR-A1AU","TCGA-AR-A1AU-01A"
"48445e65-2c86-4e0d-8a26-96fe3ef38878","TXT","TCGA-AQ-A54O-01A-11D-A268-05","open","9a0eb4bf-cc72-4155-861c-a283819f2e62.methylation_array.sesame.level3betas.txt","09f04fd7-abd2-474c-8f14-f3a6e99da7b6","DNA Methylation","methylation_beta_value","Illumina Human Methylation 450",13075098,"2023-07-14T13:29:42.435259-05:00","c3c20b444122d980d59e360c34c68493","2023-07-18T10:25:15.794659-05:00","48445e65-2c86-4e0d-8a26-96fe3ef38878","Methylation Beta Value","released","Methylation Array","2","38.0 - 45.0","TCGA-BRCA","f88fa279-b6f7-4c96-8de8-f12ff50d2aba","released","9a0eb4bf-cc72-4155-861c-a283819f2e62","quay.io/ncigdc","SeSAMe Methylation Beta Estimation","f8ef9dc6375573fc05fee47b70278d89f79a4cd7","Primary Tumor",NA,"TCGA-AQ-A54O","TCGA-AQ-A54O-01A"
"943920e6-e43d-492b-8b68-a2ab7610ff4e","TXT","TCGA-LD-A66U-01A-11D-A31V-05","open","e9e16e96-2276-4b47-a88d-bf26ec1d05b6.methylation_array.sesame.level3betas.txt","4ffd6fe0-154a-4fe4-b7fe-23d72a6294bd","DNA Methylation","methylation_beta_value","Illumina Human Methylation 450",12924992,"2023-07-14T13:22:45.852493-05:00","3c705c2c4fef82a7cf24a19ae889a4b2","2023-07-18T10:25:24.163065-05:00","943920e6-e43d-492b-8b68-a2ab7610ff4e","Methylation Beta Value","released","Methylation Array","2","38.0 - 45.0","TCGA-BRCA","43f54a8e-ed34-4cd9-a8a5-4800bd4c5331","released","e9e16e96-2276-4b47-a88d-bf26ec1d05b6","quay.io/ncigdc","SeSAMe Methylation Beta Estimation","f8ef9dc6375573fc05fee47b70278d89f79a4cd7","Primary Tumor",NA,"TCGA-LD-A66U","TCGA-LD-A66U-01A"
"0a67f86b-3f4b-4ac4-a189-67c75bc17c89","TXT","TCGA-E9-A1RD-01A-11D-A161-05","open","59179476-a054-4d90-a183-30e85bc96664.methylation_array.sesame.level3betas.txt","d6ac71fe-75bd-40c0-9a75-f243f7384f4c","DNA Methylation","methylation_beta_value","Illumina Human Methylation 450",12905914,"2023-07-14T13:32:19.792730-05:00","a991d631ce1e801fa10618d57e9f59b3","2023-07-18T10:25:55.810017-05:00","0a67f86b-3f4b-4ac4-a189-67c75bc17c89","Methylation Beta Value","released","Methylation Array","2","38.0 - 45.0","TCGA-BRCA","a6a81acb-9c12-4f3a-8594-73bb37a28adb","released","59179476-a054-4d90-a183-30e85bc96664","quay.io/ncigdc","SeSAMe Methylation Beta Estimation","9e258094ac9d4febe3721ceba25c1b8dbd1a27f8","Primary Tumor",NA,"TCGA-E9-A1RD","TCGA-E9-A1RD-01A"
"1f525565-f39a-49ca-93ff-cc191b6d7ffc","TXT","TCGA-AO-A1KP-01A-11D-A13K-05","open","33b14983-1880-4f1f-aeca-5f3ef3c0a22c.methylation_array.sesame.level3betas.txt","f4b82330-082b-4d35-a7a9-fdb1f10eeb5e","DNA Methylation","methylation_beta_value","Illumina Human Methylation 450",13160952,"2023-07-14T13:13:09.489027-05:00","dd558692647a736efd8f664140a8f78c","2023-07-18T10:26:21.266276-05:00","1f525565-f39a-49ca-93ff-cc191b6d7ffc","Methylation Beta Value","released","Methylation Array","2","38.0 - 45.0","TCGA-BRCA","5e83668e-50d3-4659-9a93-595eed3b34ad","released","33b14983-1880-4f1f-aeca-5f3ef3c0a22c","quay.io/ncigdc","SeSAMe Methylation Beta Estimation","9e258094ac9d4febe3721ceba25c1b8dbd1a27f8","Primary Tumor",NA,"TCGA-AO-A1KP","TCGA-AO-A1KP-01A"
"710c2881-3448-4437-b99a-e06c50de3d8f","TXT","TCGA-EW-A1IY-01A-11D-A13K-05","open","241d51d1-2956-4312-98b0-88b06b87ae1a.methylation_array.sesame.level3betas.txt","acb33b65-c90e-4e61-becb-9094b508ce6a","DNA Methylation","methylation_beta_value","Illumina Human Methylation 450",13182064,"2023-07-14T13:36:06.420123-05:00","6eeff780850fa58974935fd468129ffb","2023-07-18T10:26:43.717351-05:00","710c2881-3448-4437-b99a-e06c50de3d8f","Methylation Beta Value","released","Methylation Array","2","38.0 - 45.0","TCGA-BRCA","5af16399-37a6-485b-a98f-b3e925286773","released","241d51d1-2956-4312-98b0-88b06b87ae1a","quay.io/ncigdc","SeSAMe Methylation Beta Estimation","dc9467b78cf538a0430cd4027dc5092f77d47e20","Primary Tumor",NA,"TCGA-EW-A1IY","TCGA-EW-A1IY-01A"
"f852d9fb-35ee-4b70-934e-c42fc0cba200","TXT","TCGA-HN-A2OB-01A-21D-A27Y-05","open","dd68ded6-2876-4232-9ec6-b816135ad997.methylation_array.sesame.level3betas.txt","57e87fae-7502-44d6-9069-720457851dcb","DNA Methylation","methylation_beta_value","Illumina Human Methylation 450",13200925,"2023-07-14T13:23:06.706347-05:00","67818cea2eab161fe14ae4d6bd26e1a8","2023-07-18T10:27:25.612475-05:00","f852d9fb-35ee-4b70-934e-c42fc0cba200","Methylation Beta Value","released","Methylation Array","2","38.0 - 45.0","TCGA-BRCA","6550e3cc-8ffc-446e-bb75-18f86618e200","released","dd68ded6-2876-4232-9ec6-b816135ad997","quay.io/ncigdc","SeSAMe Methylation Beta Estimation","f8ef9dc6375573fc05fee47b70278d89f79a4cd7","Primary Tumor",NA,"TCGA-HN-A2OB","TCGA-HN-A2OB-01A"
"0562e802-90ef-466c-99f7-81b872c31bc6","TXT","TCGA-D8-A27L-01A-11D-A16G-05","open","2ee715b9-07e4-4015-a341-03c7dd4fad1e.methylation_array.sesame.level3betas.txt","3dfd956e-1c6e-4ca1-af92-22d59497d5e4","DNA Methylation","methylation_beta_value","Illumina Human Methylation 450",13145419,"2023-07-14T13:44:10.577947-05:00","ad5da71795b5699a8453323acd899f09","2023-07-18T10:27:26.977365-05:00","0562e802-90ef-466c-99f7-81b872c31bc6","Methylation Beta Value","released","Methylation Array","2","38.0 - 45.0","TCGA-BRCA","d80ec93d-422f-4d57-9857-49bd93e9ef57","released","2ee715b9-07e4-4015-a341-03c7dd4fad1e","quay.io/ncigdc","SeSAMe Methylation Beta Estimation","dc9467b78cf538a0430cd4027dc5092f77d47e20","Primary Tumor",NA,"TCGA-D8-A27L","TCGA-D8-A27L-01A"
"f08e1ec5-7fb0-4e8a-bb56-d39cb2134a8d","TXT","TCGA-LL-A5YO-01A-21D-A28C-05","open","8fcab2a8-6ac5-4236-a774-0239676de66d.methylation_array.sesame.level3betas.txt","88f9379a-2a33-4ac2-a052-ed71abdd78bc","DNA Methylation","methylation_beta_value","Illumina Human Methylation 450",13138613,"2023-07-14T13:12:00.928118-05:00","db63c4292f03d1579a8743208313adae","2023-07-18T10:25:23.195219-05:00","f08e1ec5-7fb0-4e8a-bb56-d39cb2134a8d","Methylation Beta Value","released","Methylation Array","2","38.0 - 45.0","TCGA-BRCA","e6a36bf0-240e-47cc-84dc-95f918077a86","released","8fcab2a8-6ac5-4236-a774-0239676de66d","quay.io/ncigdc","SeSAMe Methylation Beta Estimation","f8ef9dc6375573fc05fee47b70278d89f79a4cd7","Primary Tumor",NA,"TCGA-LL-A5YO","TCGA-LL-A5YO-01A"
"11ac625b-7f82-4dbf-bd71-90d086e64200","TXT","TCGA-AO-A1KR-01A-12D-A145-05","open","d95551e6-8263-4fd9-9fc2-9a4070739277.methylation_array.sesame.level3betas.txt","f445d165-903f-4877-9105-86ee511353ce","DNA Methylation","methylation_beta_value","Illumina Human Methylation 450",13186879,"2023-07-14T13:43:34.282205-05:00","e94b6310cbaad29a98ebbc5906e4c915","2023-07-18T10:27:09.036014-05:00","11ac625b-7f82-4dbf-bd71-90d086e64200","Methylation Beta Value","released","Methylation Array","2","38.0 - 45.0","TCGA-BRCA","f719d606-e74a-4192-89f8-8bcb42cc321e","released","d95551e6-8263-4fd9-9fc2-9a4070739277","quay.io/ncigdc","SeSAMe Methylation Beta Estimation","9e258094ac9d4febe3721ceba25c1b8dbd1a27f8","Primary Tumor",NA,"TCGA-AO-A1KR","TCGA-AO-A1KR-01A"
"dea54428-1307-4d0d-8643-d22e1885ed2c","TXT","TCGA-A2-A1FZ-01A-51D-A14H-05","open","6cbd5498-f78e-499d-9428-df4577d4dcd2.methylation_array.sesame.level3betas.txt","db44fd7e-9950-4f1a-9f45-79f21385a0bd","DNA Methylation","methylation_beta_value","Illumina Human Methylation 450",13125347,"2023-07-14T13:36:04.615014-05:00","89d201d7c9685631f242493d3248044d","2023-07-18T10:27:15.440901-05:00","dea54428-1307-4d0d-8643-d22e1885ed2c","Methylation Beta Value","released","Methylation Array","2","38.0 - 45.0","TCGA-BRCA","d3860e39-b6b9-47c1-9a4b-ee4c684bc369","released","6cbd5498-f78e-499d-9428-df4577d4dcd2","quay.io/ncigdc","SeSAMe Methylation Beta Estimation","dc9467b78cf538a0430cd4027dc5092f77d47e20","Primary Tumor",NA,"TCGA-A2-A1FZ","TCGA-A2-A1FZ-01A"
"970eb561-4e63-4b6f-8ccb-7e47a2bc5f44","TXT","TCGA-E9-A3HO-01A-11D-A212-05","open","6341abdb-a59a-4c58-97f2-cc9bcfef1b8d.methylation_array.sesame.level3betas.txt","53baf6a8-2261-4178-b232-07ac8bbb53d4","DNA Methylation","methylation_beta_value","Illumina Human Methylation 450",13057563,"2023-07-14T13:39:16.506951-05:00","467fa7e98d8d709958cca27ace086f9e","2023-07-18T10:26:36.555846-05:00","970eb561-4e63-4b6f-8ccb-7e47a2bc5f44","Methylation Beta Value","released","Methylation Array","2","38.0 - 45.0","TCGA-BRCA","de4eabce-f71d-4fd7-b586-202e135fd000","released","6341abdb-a59a-4c58-97f2-cc9bcfef1b8d","quay.io/ncigdc","SeSAMe Methylation Beta Estimation","f8ef9dc6375573fc05fee47b70278d89f79a4cd7","Primary Tumor",NA,"TCGA-E9-A3HO","TCGA-E9-A3HO-01A"
"5ebf57b1-0fc5-4a7a-9fa5-efedd51c8584","TXT","TCGA-AC-A6IW-01A-12D-A33F-05","open","f6383414-be87-464a-8859-e98b5c676040.methylation_array.sesame.level3betas.txt","014d1c42-0da4-4413-b6bc-2d2f37159931","DNA Methylation","methylation_beta_value","Illumina Human Methylation 450",13096904,"2023-07-14T13:26:14.668534-05:00","c911ca13b7450d7025f4fcaf3504bb02","2023-07-18T10:26:13.640600-05:00","5ebf57b1-0fc5-4a7a-9fa5-efedd51c8584","Methylation Beta Value","released","Methylation Array","2","38.0 - 45.0","TCGA-BRCA","d6785e8f-a449-4ff2-90c5-6a269bfa4f9d","released","f6383414-be87-464a-8859-e98b5c676040","quay.io/ncigdc","SeSAMe Methylation Beta Estimation","9e258094ac9d4febe3721ceba25c1b8dbd1a27f8","Primary Tumor",NA,"TCGA-AC-A6IW","TCGA-AC-A6IW-01A"
"1db118a9-e193-4fda-9559-f2d77642fe6e","TXT","TCGA-E2-A2P6-01A-11D-A19Z-05","open","0b2aa006-2958-431c-917a-0d9b0c381f66.methylation_array.sesame.level3betas.txt","e8b4be8d-beaa-4aeb-ac25-2c7900e0eceb","DNA Methylation","methylation_beta_value","Illumina Human Methylation 450",13172050,"2023-07-14T13:17:33.957238-05:00","6b9cf19fa1e38299c7b8aeeb66638ff0","2023-07-18T10:26:45.978419-05:00","1db118a9-e193-4fda-9559-f2d77642fe6e","Methylation Beta Value","released","Methylation Array","2","38.0 - 45.0","TCGA-BRCA","48bfd2da-d912-423b-a3e8-ba2f2743e1e7","released","0b2aa006-2958-431c-917a-0d9b0c381f66","quay.io/ncigdc","SeSAMe Methylation Beta Estimation","f8ef9dc6375573fc05fee47b70278d89f79a4cd7","Primary Tumor",NA,"TCGA-E2-A2P6","TCGA-E2-A2P6-01A"
"41e077de-5cb3-40e2-9665-4473b6dc376d","TXT","TCGA-E9-A1N5-01A-11D-A14H-05","open","1dc70b46-ba6a-4ee0-a3ed-1b4334ad8b7a.methylation_array.sesame.level3betas.txt","bf93b94f-e616-4a0f-8f5b-ea8a200f812b","DNA Methylation","methylation_beta_value","Illumina Human Methylation 450",13155612,"2023-07-14T13:10:59.968790-05:00","b16872cbb8ff2d9285ef60524e3b50da","2023-07-18T10:27:23.116682-05:00","41e077de-5cb3-40e2-9665-4473b6dc376d","Methylation Beta Value","released","Methylation Array","2","38.0 - 45.0","TCGA-BRCA","3b2daad9-49cc-43d8-9cc9-ccff0f777ac0","released","1dc70b46-ba6a-4ee0-a3ed-1b4334ad8b7a","quay.io/ncigdc","SeSAMe Methylation Beta Estimation","dc9467b78cf538a0430cd4027dc5092f77d47e20","Primary Tumor",NA,"TCGA-E9-A1N5","TCGA-E9-A1N5-01A"
"b44cef46-ed6a-470d-b7b7-32fb5f844e05","TXT","TCGA-BH-A0DS-01A-11D-A10P-05","open","c1d5c94b-8f09-4975-a175-f64e2d608cd7.methylation_array.sesame.level3betas.txt","ef4413cb-f645-4c3e-ab78-97b76c00fdd2","DNA Methylation","methylation_beta_value","Illumina Human Methylation 450",12865452,"2023-07-14T13:30:46.089757-05:00","aaf2a86db7731dd54868cc32e099d926","2023-07-18T10:25:57.595225-05:00","b44cef46-ed6a-470d-b7b7-32fb5f844e05","Methylation Beta Value","released","Methylation Array","2","38.0 - 45.0","TCGA-BRCA","818ccc94-98de-4d71-9739-c3f02b2e3b04","released","c1d5c94b-8f09-4975-a175-f64e2d608cd7","quay.io/ncigdc","SeSAMe Methylation Beta Estimation","f8ef9dc6375573fc05fee47b70278d89f79a4cd7","Primary Tumor",NA,"TCGA-BH-A0DS","TCGA-BH-A0DS-01A"
"44a3ac8f-dfb7-45c6-9e46-dad17a274172","TXT","TCGA-C8-A26W-01A-11D-A16G-05","open","0cc3c800-ad26-4fca-93e3-959fb534699f.methylation_array.sesame.level3betas.txt","36c279b9-14b1-4002-9af2-9c134a0aebbb","DNA Methylation","methylation_beta_value","Illumina Human Methylation 450",13115905,"2023-07-14T13:35:17.211144-05:00","b0e236bdbd2ab24c811bae1c22318c3c","2023-07-18T10:26:15.376539-05:00","44a3ac8f-dfb7-45c6-9e46-dad17a274172","Methylation Beta Value","released","Methylation Array","2","38.0 - 45.0","TCGA-BRCA","95b9fe29-0122-4262-b352-89e338e99f4b","released","0cc3c800-ad26-4fca-93e3-959fb534699f","quay.io/ncigdc","SeSAMe Methylation Beta Estimation","f8ef9dc6375573fc05fee47b70278d89f79a4cd7","Primary Tumor",NA,"TCGA-C8-A26W","TCGA-C8-A26W-01A"
"6e7ee385-bb69-4cb8-b4c2-92e41dfdd79e","TXT","TCGA-A2-A0EU-01A-22D-A10P-05","open","b4ea2504-9c50-40c6-8ad6-7faba30058a1.methylation_array.sesame.level3betas.txt","7764b858-8d0f-4c85-b17d-ad440db46051","DNA Methylation","methylation_beta_value","Illumina Human Methylation 450",12953716,"2023-07-14T13:21:47.197100-05:00","4dab6c77e850e41e91db1dd26709c11a","2023-07-18T10:27:22.694430-05:00","6e7ee385-bb69-4cb8-b4c2-92e41dfdd79e","Methylation Beta Value","released","Methylation Array","2","38.0 - 45.0","TCGA-BRCA","9f1e404a-a7e0-484b-8546-531ee086a40a","released","b4ea2504-9c50-40c6-8ad6-7faba30058a1","quay.io/ncigdc","SeSAMe Methylation Beta Estimation","dc9467b78cf538a0430cd4027dc5092f77d47e20","Primary Tumor",NA,"TCGA-A2-A0EU","TCGA-A2-A0EU-01A"
"141706da-d278-4e91-aa2f-1d5b640d3d04","TXT","TCGA-B6-A40C-01A-11D-A23D-05","open","ba2d1b58-30a7-4502-ad5d-f4d16c4dc491.methylation_array.sesame.level3betas.txt","c9806a47-4d03-4277-bedb-87317916934e","DNA Methylation","methylation_beta_value","Illumina Human Methylation 450",13101343,"2023-07-14T13:36:13.609074-05:00","7647291db9343cb2b3a5460abef6b41e","2023-07-18T10:24:40.621165-05:00","141706da-d278-4e91-aa2f-1d5b640d3d04","Methylation Beta Value","released","Methylation Array","2","38.0 - 45.0","TCGA-BRCA","25998cb9-a82b-4b3d-8f16-82aacad2a178","released","ba2d1b58-30a7-4502-ad5d-f4d16c4dc491","quay.io/ncigdc","SeSAMe Methylation Beta Estimation","dc9467b78cf538a0430cd4027dc5092f77d47e20","Primary Tumor",NA,"TCGA-B6-A40C","TCGA-B6-A40C-01A"
"e72b4a7f-afb4-47a3-9c30-536a64be6a8f","TXT","TCGA-AO-A0JJ-01A-11D-A10P-05","open","aeb900f7-4123-49b3-bedd-d4c88bda4e65.methylation_array.sesame.level3betas.txt","5d4987a4-a64d-49e5-a73e-372ae04e16b5","DNA Methylation","methylation_beta_value","Illumina Human Methylation 450",12948463,"2023-07-14T13:40:49.329406-05:00","651538ae4afefe3ac8ad402354dba673","2023-07-18T10:26:31.764377-05:00","e72b4a7f-afb4-47a3-9c30-536a64be6a8f","Methylation Beta Value","released","Methylation Array","2","38.0 - 45.0","TCGA-BRCA","6b0dcff0-189b-4c36-a4eb-2c4c6777bbe6","released","aeb900f7-4123-49b3-bedd-d4c88bda4e65","quay.io/ncigdc","SeSAMe Methylation Beta Estimation","f8ef9dc6375573fc05fee47b70278d89f79a4cd7","Primary Tumor",NA,"TCGA-AO-A0JJ","TCGA-AO-A0JJ-01A"
"30f9a090-8e36-4cea-adb3-4e3de5d3271c","TXT","TCGA-BH-A0HY-01A-11D-A10P-05","open","fd704f44-bde3-40d8-b824-c34e54e75b52.methylation_array.sesame.level3betas.txt","2c251dcd-5418-4325-aafb-954597e7bd2c","DNA Methylation","methylation_beta_value","Illumina Human Methylation 450",12794342,"2023-07-14T13:38:20.333206-05:00","2894c0b88a5c676a110a659ccd508abb","2023-07-18T10:25:39.184201-05:00","30f9a090-8e36-4cea-adb3-4e3de5d3271c","Methylation Beta Value","released","Methylation Array","2","38.0 - 45.0","TCGA-BRCA","9608ef6e-d58f-4a25-a10e-88876c2a8e8d","released","fd704f44-bde3-40d8-b824-c34e54e75b52","quay.io/ncigdc","SeSAMe Methylation Beta Estimation","f8ef9dc6375573fc05fee47b70278d89f79a4cd7","Primary Tumor",NA,"TCGA-BH-A0HY","TCGA-BH-A0HY-01A"
"318a7a2d-a5e5-4ca3-9bdf-8ed9d1039e4c","TXT","TCGA-E9-A245-01A-22D-A16G-05","open","7ff784bc-f54e-41f1-8563-e24c55525711.methylation_array.sesame.level3betas.txt","36cf4aca-30a5-42b6-8293-8d8cf41f9edf","DNA Methylation","methylation_beta_value","Illumina Human Methylation 450",13195069,"2023-07-14T13:10:36.765027-05:00","ba209d7d78bc9b362e14a334b9dd8abf","2023-07-18T10:26:09.905144-05:00","318a7a2d-a5e5-4ca3-9bdf-8ed9d1039e4c","Methylation Beta Value","released","Methylation Array","2","38.0 - 45.0","TCGA-BRCA","3c605c79-f40a-426b-9c70-ceed343fa000","released","7ff784bc-f54e-41f1-8563-e24c55525711","quay.io/ncigdc","SeSAMe Methylation Beta Estimation","f8ef9dc6375573fc05fee47b70278d89f79a4cd7","Primary Tumor",NA,"TCGA-E9-A245","TCGA-E9-A245-01A"
"325d74a8-a11e-45c7-ae03-f8db720de64a","TXT","TCGA-B6-A40B-01A-11D-A23D-05","open","a27ead2d-991f-412a-92fe-a1d08f538d47.methylation_array.sesame.level3betas.txt","36f26fdb-fcc3-4637-87d6-45a391145245","DNA Methylation","methylation_beta_value","Illumina Human Methylation 450",13128865,"2023-07-14T13:38:40.135243-05:00","47a6d04d3c7df38ff70357abc2eb0c35","2023-07-18T10:25:13.445969-05:00","325d74a8-a11e-45c7-ae03-f8db720de64a","Methylation Beta Value","released","Methylation Array","2","38.0 - 45.0","TCGA-BRCA","5a8c3c16-2c2a-43f5-97cd-3142eb154467","released","a27ead2d-991f-412a-92fe-a1d08f538d47","quay.io/ncigdc","SeSAMe Methylation Beta Estimation","9e258094ac9d4febe3721ceba25c1b8dbd1a27f8","Primary Tumor",NA,"TCGA-B6-A40B","TCGA-B6-A40B-01A"
"dec9d0dc-8827-4bea-bed6-70b7b6c438fe","TXT","TCGA-BH-A42U-01A-12D-A244-05","open","67d70b0a-d58d-4a85-a060-ec55e9253fe0.methylation_array.sesame.level3betas.txt","1e8d5a22-e778-4588-8ac7-4f19e633981a","DNA Methylation","methylation_beta_value","Illumina Human Methylation 450",13173356,"2023-07-14T13:30:22.352252-05:00","4d1f09933885acde067713d8b1ccb5c9","2023-07-18T10:26:57.533718-05:00","dec9d0dc-8827-4bea-bed6-70b7b6c438fe","Methylation Beta Value","released","Methylation Array","2","38.0 - 45.0","TCGA-BRCA","63ef786c-82ca-4c92-b631-5991ee089318","released","67d70b0a-d58d-4a85-a060-ec55e9253fe0","quay.io/ncigdc","SeSAMe Methylation Beta Estimation","dc9467b78cf538a0430cd4027dc5092f77d47e20","Primary Tumor",NA,"TCGA-BH-A42U","TCGA-BH-A42U-01A"
"af373833-c4f0-4505-a97f-97f5a9236b84","TXT","TCGA-A8-A0A6-01A-12D-A10P-05","open","01796b49-c237-4636-9eaf-dc612f4e6942.methylation_array.sesame.level3betas.txt","a72c4f30-77e9-4f62-b688-17e359759e94","DNA Methylation","methylation_beta_value","Illumina Human Methylation 450",12874473,"2023-07-14T13:26:56.817843-05:00","9632f8291dc472a6f913a9ae18dc0b98","2023-07-18T10:25:19.313575-05:00","af373833-c4f0-4505-a97f-97f5a9236b84","Methylation Beta Value","released","Methylation Array","2","38.0 - 45.0","TCGA-BRCA","ef86b379-e962-4184-9aa7-7b8fe5eaeb48","released","01796b49-c237-4636-9eaf-dc612f4e6942","quay.io/ncigdc","SeSAMe Methylation Beta Estimation","9e258094ac9d4febe3721ceba25c1b8dbd1a27f8","Primary Tumor",NA,"TCGA-A8-A0A6","TCGA-A8-A0A6-01A"
"6070f9fe-1459-427e-8010-c0ad37bc85d1","TXT","TCGA-BH-A1ET-01A-11D-A138-05","open","536a11ed-9011-4c7c-a099-62f9be96dda9.methylation_array.sesame.level3betas.txt","eaad9abd-637f-439b-8e7a-5c745259d79f","DNA Methylation","methylation_beta_value","Illumina Human Methylation 450",12995125,"2023-07-14T13:14:43.034080-05:00","8ab483c6270532287ee41b3471145c39","2023-07-18T10:27:03.789842-05:00","6070f9fe-1459-427e-8010-c0ad37bc85d1","Methylation Beta Value","released","Methylation Array","2","38.0 - 45.0","TCGA-BRCA","f03a282a-f06b-4327-b5cb-3d7b24aa47c4","released","536a11ed-9011-4c7c-a099-62f9be96dda9","quay.io/ncigdc","SeSAMe Methylation Beta Estimation","9e258094ac9d4febe3721ceba25c1b8dbd1a27f8","Primary Tumor",NA,"TCGA-BH-A1ET","TCGA-BH-A1ET-01A"
"2e103d8c-6c03-4d80-b20f-d71c2fa3bcce","TXT","TCGA-AR-A24N-01A-11D-A16A-05","open","b91f6b72-74dd-4c90-9d52-c1ae038aa788.methylation_array.sesame.level3betas.txt","2a12bee6-4cf6-470e-a1b4-1b3235f3d564","DNA Methylation","methylation_beta_value","Illumina Human Methylation 450",13183282,"2023-07-14T13:32:14.157604-05:00","e10d3ec2b2b487adb593b0fefccf0646","2023-07-18T10:25:43.586301-05:00","2e103d8c-6c03-4d80-b20f-d71c2fa3bcce","Methylation Beta Value","released","Methylation Array","2","38.0 - 45.0","TCGA-BRCA","ecbe40ba-cc58-48f0-9251-27420876f3e8","released","b91f6b72-74dd-4c90-9d52-c1ae038aa788","quay.io/ncigdc","SeSAMe Methylation Beta Estimation","f8ef9dc6375573fc05fee47b70278d89f79a4cd7","Primary Tumor",NA,"TCGA-AR-A24N","TCGA-AR-A24N-01A"
"2576120d-95ef-4379-9a15-1233e6b9f757","TXT","TCGA-5T-A9QA-01A-11D-A41Q-05","open","c3ab0261-99da-4d03-85ae-8d780d4990ad.methylation_array.sesame.level3betas.txt","93409763-659c-40ef-95d1-3348ac646831","DNA Methylation","methylation_beta_value","Illumina Human Methylation 450",13124137,"2023-07-14T13:43:45.051774-05:00","6fa19d38f5c760afee1474b2ab483d4a","2023-07-18T10:26:50.244812-05:00","2576120d-95ef-4379-9a15-1233e6b9f757","Methylation Beta Value","released","Methylation Array","2","38.0 - 45.0","TCGA-BRCA","3a05d779-2605-4cc0-a613-67b2191602cb","released","c3ab0261-99da-4d03-85ae-8d780d4990ad","quay.io/ncigdc","SeSAMe Methylation Beta Estimation","f8ef9dc6375573fc05fee47b70278d89f79a4cd7","Primary Tumor",NA,"TCGA-5T-A9QA","TCGA-5T-A9QA-01A"
"33869a2e-6a8e-4438-870e-30858c3ae3a9","TXT","TCGA-D8-A1JN-01A-11D-A13K-05","open","4cd1fd44-ff34-4b33-811d-7105a6757f99.methylation_array.sesame.level3betas.txt","22f5bb5b-386b-4df4-ad79-3da5af4cb2a9","DNA Methylation","methylation_beta_value","Illumina Human Methylation 450",13133962,"2023-07-14T13:30:36.768631-05:00","6a6ae99d6e33e424437283df15a2f40f","2023-07-18T10:26:49.316010-05:00","33869a2e-6a8e-4438-870e-30858c3ae3a9","Methylation Beta Value","released","Methylation Array","2","38.0 - 45.0","TCGA-BRCA","42628cde-373f-46b8-81df-e10b9cf41af7","released","4cd1fd44-ff34-4b33-811d-7105a6757f99","quay.io/ncigdc","SeSAMe Methylation Beta Estimation","dc9467b78cf538a0430cd4027dc5092f77d47e20","Primary Tumor",NA,"TCGA-D8-A1JN","TCGA-D8-A1JN-01A"
"06b5842b-62f0-47d3-aa99-c865a2564e20","TXT","TCGA-EW-A1J3-01A-11D-A13K-05","open","c6894c53-c8fb-4ff1-b44a-a5e69331ceb6.methylation_array.sesame.level3betas.txt","13b28461-19aa-4349-94fd-bc1a0559ea81","DNA Methylation","methylation_beta_value","Illumina Human Methylation 450",13193707,"2023-07-14T13:26:38.512913-05:00","f1261c9f88959634c05e0c8dc1cf941d","2023-07-18T10:26:05.572408-05:00","06b5842b-62f0-47d3-aa99-c865a2564e20","Methylation Beta Value","released","Methylation Array","2","38.0 - 45.0","TCGA-BRCA","9cba97dc-5f80-4c22-9e3d-cbcd2117cffc","released","c6894c53-c8fb-4ff1-b44a-a5e69331ceb6","quay.io/ncigdc","SeSAMe Methylation Beta Estimation","dc9467b78cf538a0430cd4027dc5092f77d47e20","Primary Tumor",NA,"TCGA-EW-A1J3","TCGA-EW-A1J3-01A"
"1bdeb780-fd13-47ca-9a98-541d52dee344","TXT","TCGA-GM-A3NY-01A-11D-A21R-05","open","2798eeda-c362-4ad1-b4f1-5cf09f1b70d7.methylation_array.sesame.level3betas.txt","2a03ee00-a5e4-4a7c-a487-12fae5482f0d","DNA Methylation","methylation_beta_value","Illumina Human Methylation 450",13153365,"2023-07-14T13:13:06.082107-05:00","8faecf4a22b068a5ea56c64250699877","2023-07-18T10:27:06.842145-05:00","1bdeb780-fd13-47ca-9a98-541d52dee344","Methylation Beta Value","released","Methylation Array","2","38.0 - 45.0","TCGA-BRCA","c3194352-4053-4d80-bbe6-155f394c4158","released","2798eeda-c362-4ad1-b4f1-5cf09f1b70d7","quay.io/ncigdc","SeSAMe Methylation Beta Estimation","dc9467b78cf538a0430cd4027dc5092f77d47e20","Primary Tumor",NA,"TCGA-GM-A3NY","TCGA-GM-A3NY-01A"
"1fd2ff88-fc37-41d1-89f2-9ed9f65b4ee8","TXT","TCGA-EW-A423-01A-11D-A244-05","open","e771f63d-7ba0-427d-88ea-7b3f431b7916.methylation_array.sesame.level3betas.txt","7b82ff43-eb7f-46ed-b2c1-9ec7ae17fbdc","DNA Methylation","methylation_beta_value","Illumina Human Methylation 450",13141246,"2023-07-14T13:38:11.174834-05:00","50cad5f849a00a2dcc87f4928d90db94","2023-07-18T10:27:19.922090-05:00","1fd2ff88-fc37-41d1-89f2-9ed9f65b4ee8","Methylation Beta Value","released","Methylation Array","2","38.0 - 45.0","TCGA-BRCA","8edf49c6-83a2-49c6-8338-6ab321d75c9c","released","e771f63d-7ba0-427d-88ea-7b3f431b7916","quay.io/ncigdc","SeSAMe Methylation Beta Estimation","dc9467b78cf538a0430cd4027dc5092f77d47e20","Primary Tumor",NA,"TCGA-EW-A423","TCGA-EW-A423-01A"
"747c1b22-46ea-4801-aa6c-13bc40b62ae4","TXT","TCGA-BH-A0WA-01A-11D-A10A-05","open","a9384fa7-6829-4f19-a485-54238938523e.methylation_array.sesame.level3betas.txt","db92df65-48c5-4682-8aee-d7f4dbe9a299","DNA Methylation","methylation_beta_value","Illumina Human Methylation 450",12592347,"2023-07-14T13:46:18.810141-05:00","66c41cb046030ea812fdc6db9386f98e","2023-07-18T10:26:11.754108-05:00","747c1b22-46ea-4801-aa6c-13bc40b62ae4","Methylation Beta Value","released","Methylation Array","2","38.0 - 45.0","TCGA-BRCA","0c08bbb2-aaa4-465d-9ac1-231964ab1871","released","a9384fa7-6829-4f19-a485-54238938523e","quay.io/ncigdc","SeSAMe Methylation Beta Estimation","f8ef9dc6375573fc05fee47b70278d89f79a4cd7","Primary Tumor",NA,"TCGA-BH-A0WA","TCGA-BH-A0WA-01A"
"87e82300-09e6-4ff9-8338-a2ac2080f810","TXT","TCGA-OL-A66H-01A-11D-A29O-05","open","e56f1c6a-3bfa-48c9-b028-420ad5bf49e4.methylation_array.sesame.level3betas.txt","7e3fc1c9-c101-470f-9ac5-01fada323959","DNA Methylation","methylation_beta_value","Illumina Human Methylation 450",13155665,"2023-07-14T13:38:59.827129-05:00","59091b63d92b11a86309266ebb18238e","2023-07-18T10:26:24.853666-05:00","87e82300-09e6-4ff9-8338-a2ac2080f810","Methylation Beta Value","released","Methylation Array","2","38.0 - 45.0","TCGA-BRCA","1b0f9829-0436-4c6d-b8c7-0bf93a2f08b7","released","e56f1c6a-3bfa-48c9-b028-420ad5bf49e4","quay.io/ncigdc","SeSAMe Methylation Beta Estimation","dc9467b78cf538a0430cd4027dc5092f77d47e20","Primary Tumor",NA,"TCGA-OL-A66H","TCGA-OL-A66H-01A"
"7348ef87-ea3c-4260-87e8-8b7acb08be14","TXT","TCGA-D8-A1JB-01A-11D-A13K-05","open","1265ff18-16b0-4be2-ba13-38a0068e7577.methylation_array.sesame.level3betas.txt","7c211bdf-bbde-4a01-aff4-0625518c791c","DNA Methylation","methylation_beta_value","Illumina Human Methylation 450",13154369,"2023-07-14T13:34:32.770536-05:00","aa62cdd9fd3795818dbc040d759fcc3d","2023-07-18T10:25:53.818773-05:00","7348ef87-ea3c-4260-87e8-8b7acb08be14","Methylation Beta Value","released","Methylation Array","2","38.0 - 45.0","TCGA-BRCA","0cc6038a-15b8-4a30-b267-6c3d82e11f48","released","1265ff18-16b0-4be2-ba13-38a0068e7577","quay.io/ncigdc","SeSAMe Methylation Beta Estimation","f8ef9dc6375573fc05fee47b70278d89f79a4cd7","Primary Tumor",NA,"TCGA-D8-A1JB","TCGA-D8-A1JB-01A"
"8fc2cdd5-4e37-46e6-96e3-9eb484a757f9","TXT","TCGA-BH-A208-11A-51D-A161-05","open","0fee4e67-d8ce-413b-969f-17d33135a6ac.methylation_array.sesame.level3betas.txt","c76cc585-bb2d-49c5-a314-8d0792056f3e","DNA Methylation","methylation_beta_value","Illumina Human Methylation 450",12993935,"2023-07-14T13:14:21.352748-05:00","2bc11850607c8a2ab4bff536320332e5","2023-07-18T10:27:26.570287-05:00","8fc2cdd5-4e37-46e6-96e3-9eb484a757f9","Methylation Beta Value","released","Methylation Array","2","38.0 - 45.0","TCGA-BRCA","217f5215-aa25-46df-b27b-e28b82200860","released","0fee4e67-d8ce-413b-969f-17d33135a6ac","quay.io/ncigdc","SeSAMe Methylation Beta Estimation","dc9467b78cf538a0430cd4027dc5092f77d47e20","Solid Tissue Normal",NA,"TCGA-BH-A208","TCGA-BH-A208-11A"
"806d578d-2906-40ed-a091-d4a160dfad19","TXT","TCGA-A2-A25C-01A-11D-A16A-05","open","3c426fa0-22d7-4419-b8b3-8c643a7ddccb.methylation_array.sesame.level3betas.txt","66a47f68-c736-47d5-b3bf-15ca0d29ee93","DNA Methylation","methylation_beta_value","Illumina Human Methylation 450",13191421,"2023-07-14T13:27:43.767227-05:00","7df05bd4d42437bb398cf37865cb6ae3","2023-07-18T10:26:34.596401-05:00","806d578d-2906-40ed-a091-d4a160dfad19","Methylation Beta Value","released","Methylation Array","2","38.0 - 45.0","TCGA-BRCA","2a84bbea-584f-4795-95ab-bfc979f8b93b","released","3c426fa0-22d7-4419-b8b3-8c643a7ddccb","quay.io/ncigdc","SeSAMe Methylation Beta Estimation","f8ef9dc6375573fc05fee47b70278d89f79a4cd7","Primary Tumor",NA,"TCGA-A2-A25C","TCGA-A2-A25C-01A"
"527e3545-532a-409b-944c-7b5f41e0cb14","TXT","TCGA-BH-A208-01A-11D-A161-05","open","81e580b0-03fa-4980-8581-4fae3a5971cb.methylation_array.sesame.level3betas.txt","20d8e6fe-f46c-4edb-a0e6-1d913b31c181","DNA Methylation","methylation_beta_value","Illumina Human Methylation 450",13133355,"2023-07-14T13:25:32.849372-05:00","8a95a5d2a99a5dd2ca161182cc570a39","2023-07-18T10:25:51.817556-05:00","527e3545-532a-409b-944c-7b5f41e0cb14","Methylation Beta Value","released","Methylation Array","2","38.0 - 45.0","TCGA-BRCA","6b4a7003-2a9c-4be6-82d0-64bd59ad57b4","released","81e580b0-03fa-4980-8581-4fae3a5971cb","quay.io/ncigdc","SeSAMe Methylation Beta Estimation","f8ef9dc6375573fc05fee47b70278d89f79a4cd7","Primary Tumor",NA,"TCGA-BH-A208","TCGA-BH-A208-01A"
"fc5696dd-90d0-4251-8c3f-e4830853c2ae","TXT","TCGA-BH-A1EX-01A-11D-A13K-05","open","2f782a41-3bad-43af-a0f6-277901647aeb.methylation_array.sesame.level3betas.txt","78d39d5c-bc98-4519-9139-28b4d2c169bd","DNA Methylation","methylation_beta_value","Illumina Human Methylation 450",13161690,"2023-07-14T13:37:50.356559-05:00","fd82d61b8f62a3c79df582517a3c47c9","2023-07-18T10:26:55.445338-05:00","fc5696dd-90d0-4251-8c3f-e4830853c2ae","Methylation Beta Value","released","Methylation Array","2","38.0 - 45.0","TCGA-BRCA","47f927a8-4630-4774-8c5a-68fd98fd7ac6","released","2f782a41-3bad-43af-a0f6-277901647aeb","quay.io/ncigdc","SeSAMe Methylation Beta Estimation","f8ef9dc6375573fc05fee47b70278d89f79a4cd7","Primary Tumor",NA,"TCGA-BH-A1EX","TCGA-BH-A1EX-01A"
"99c761e4-01b6-4132-8563-157424d9656a","TXT","TCGA-BH-A0C3-11A-23D-A12R-05","open","5c28a678-39ba-4a1f-91bb-6064457c5b5d.methylation_array.sesame.level3betas.txt","62518a0f-cd4c-45b3-ae42-96917b571362","DNA Methylation","methylation_beta_value","Illumina Human Methylation 450",12939938,"2023-07-14T13:24:10.981115-05:00","00d943e02f59a8d4789436f3a27c300b","2023-07-18T10:25:53.955907-05:00","99c761e4-01b6-4132-8563-157424d9656a","Methylation Beta Value","released","Methylation Array","2","38.0 - 45.0","TCGA-BRCA","74c07599-3771-4ca7-b3ca-66814cb57b2f","released","5c28a678-39ba-4a1f-91bb-6064457c5b5d","quay.io/ncigdc","SeSAMe Methylation Beta Estimation","9e258094ac9d4febe3721ceba25c1b8dbd1a27f8","Solid Tissue Normal",NA,"TCGA-BH-A0C3","TCGA-BH-A0C3-11A"
"47bbb4a0-8af7-413f-b2bf-acb7c742633e","TXT","TCGA-BH-A0GY-01A-11D-A10P-05","open","3ce76f6c-9f91-4f3e-b61e-608722604eb0.methylation_array.sesame.level3betas.txt","c60ea53a-4719-4dd3-90e2-f0a68b288566","DNA Methylation","methylation_beta_value","Illumina Human Methylation 450",12827736,"2023-07-14T13:19:55.586696-05:00","fcdbe62536c6fcc5951b85f25ac0aa19","2023-07-18T10:26:59.215500-05:00","47bbb4a0-8af7-413f-b2bf-acb7c742633e","Methylation Beta Value","released","Methylation Array","2","38.0 - 45.0","TCGA-BRCA","3be39c95-8482-428b-8ecd-ec5d31e97f18","released","3ce76f6c-9f91-4f3e-b61e-608722604eb0","quay.io/ncigdc","SeSAMe Methylation Beta Estimation","dc9467b78cf538a0430cd4027dc5092f77d47e20","Primary Tumor",NA,"TCGA-BH-A0GY","TCGA-BH-A0GY-01A"
"7eba3c04-a377-40ab-84b5-f2e314a19856","TXT","TCGA-A2-A4S0-01A-21D-A268-05","open","1fa04d4d-94b2-468a-a7bf-522da399f674.methylation_array.sesame.level3betas.txt","1e0f6e30-854f-483d-b627-092d6a11c1a1","DNA Methylation","methylation_beta_value","Illumina Human Methylation 450",13101010,"2023-07-14T13:32:35.988534-05:00","2896f88528ab40db9b31d8f3af231853","2023-07-18T10:26:45.441264-05:00","7eba3c04-a377-40ab-84b5-f2e314a19856","Methylation Beta Value","released","Methylation Array","2","38.0 - 45.0","TCGA-BRCA","793d80f8-f9c5-44ef-aa5a-052342c82c6e","released","1fa04d4d-94b2-468a-a7bf-522da399f674","quay.io/ncigdc","SeSAMe Methylation Beta Estimation","dc9467b78cf538a0430cd4027dc5092f77d47e20","Primary Tumor",NA,"TCGA-A2-A4S0","TCGA-A2-A4S0-01A"
"95d984c4-d2ec-4c93-b0da-c147e6df4d4f","TXT","TCGA-BH-A0C3-01A-21D-A12R-05","open","10e26fd3-57a0-4879-aab4-89c8cf1646e8.methylation_array.sesame.level3betas.txt","673ef5c6-8111-4595-bc4d-a92283c15f91","DNA Methylation","methylation_beta_value","Illumina Human Methylation 450",13021803,"2023-07-14T13:17:24.492975-05:00","4e128f5b776523e597031efc202f5e87","2023-07-18T10:24:43.642969-05:00","95d984c4-d2ec-4c93-b0da-c147e6df4d4f","Methylation Beta Value","released","Methylation Array","2","38.0 - 45.0","TCGA-BRCA","83a2ba1b-545d-4b30-8789-8344d5ee1409","released","10e26fd3-57a0-4879-aab4-89c8cf1646e8","quay.io/ncigdc","SeSAMe Methylation Beta Estimation","dc9467b78cf538a0430cd4027dc5092f77d47e20","Primary Tumor",NA,"TCGA-BH-A0C3","TCGA-BH-A0C3-01A"
"baddabcd-a902-4add-ba54-cc1b45e40ea2","TXT","TCGA-AO-A0JM-01A-21D-A10P-05","open","539b9555-3751-4603-b3fa-981688134d96.methylation_array.sesame.level3betas.txt","f66513c5-10fd-45a0-9783-6c774dc7cb4e","DNA Methylation","methylation_beta_value","Illumina Human Methylation 450",12969417,"2023-07-14T13:29:04.129880-05:00","25585c314c7468f495f72587eb298953","2023-07-18T10:27:32.423581-05:00","baddabcd-a902-4add-ba54-cc1b45e40ea2","Methylation Beta Value","released","Methylation Array","2","38.0 - 45.0","TCGA-BRCA","6c04d996-bdb0-49aa-9b10-d6d70d3786bc","released","539b9555-3751-4603-b3fa-981688134d96","quay.io/ncigdc","SeSAMe Methylation Beta Estimation","dc9467b78cf538a0430cd4027dc5092f77d47e20","Primary Tumor",NA,"TCGA-AO-A0JM","TCGA-AO-A0JM-01A"
"fd6d0abc-8c0e-4459-8e0e-a9cf80f5f408","TXT","TCGA-UU-A93S-01A-21D-A41Q-05","open","b49070ff-5ed0-4f64-bd0c-e06feb184b09.methylation_array.sesame.level3betas.txt","7ee84e70-027c-41a0-bbee-6c6eb472e36b","DNA Methylation","methylation_beta_value","Illumina Human Methylation 450",13042659,"2023-07-14T13:13:00.290548-05:00","e61630ee3505dcfdfce3886aa619048d","2023-07-18T10:26:44.451956-05:00","fd6d0abc-8c0e-4459-8e0e-a9cf80f5f408","Methylation Beta Value","released","Methylation Array","2","38.0 - 45.0","TCGA-BRCA","58e7f76a-e419-4c21-a892-a73720456ca6","released","b49070ff-5ed0-4f64-bd0c-e06feb184b09","quay.io/ncigdc","SeSAMe Methylation Beta Estimation","f8ef9dc6375573fc05fee47b70278d89f79a4cd7","Primary Tumor",NA,"TCGA-UU-A93S","TCGA-UU-A93S-01A"
"add7b781-5b7c-42fd-a688-3bd38359f06b","TXT","TCGA-BH-A1EO-11A-31D-A138-05","open","b423368b-bd44-48fa-b5e6-a5200e65bd34.methylation_array.sesame.level3betas.txt","7284d083-0418-46fd-851a-4d89d31a7174","DNA Methylation","methylation_beta_value","Illumina Human Methylation 450",13145536,"2023-07-14T13:08:04.349027-05:00","e61fa86aa745403a83732444b0e0ae74","2023-07-18T10:25:26.008247-05:00","add7b781-5b7c-42fd-a688-3bd38359f06b","Methylation Beta Value","released","Methylation Array","2","38.0 - 45.0","TCGA-BRCA","8f2a4897-31df-4aa1-830c-3fcf7b79ce6e","released","b423368b-bd44-48fa-b5e6-a5200e65bd34","quay.io/ncigdc","SeSAMe Methylation Beta Estimation","f8ef9dc6375573fc05fee47b70278d89f79a4cd7","Solid Tissue Normal",NA,"TCGA-BH-A1EO","TCGA-BH-A1EO-11A"
"b862a525-7c39-400b-bfa2-24cbed0288b2","TXT","TCGA-BH-A1FM-01A-11D-A13K-05","open","2307a7ba-3aab-4044-91cd-e39156e679c0.methylation_array.sesame.level3betas.txt","24b3906d-225c-4f28-bd40-67616f2f2d19","DNA Methylation","methylation_beta_value","Illumina Human Methylation 450",12936959,"2023-07-14T13:39:53.961496-05:00","3d7aa1b2a903b5661548e64de9f97262","2023-07-18T10:27:29.948341-05:00","b862a525-7c39-400b-bfa2-24cbed0288b2","Methylation Beta Value","released","Methylation Array","2","38.0 - 45.0","TCGA-BRCA","3a09849e-e101-4be5-a39e-1a85b8a7fcfc","released","2307a7ba-3aab-4044-91cd-e39156e679c0","quay.io/ncigdc","SeSAMe Methylation Beta Estimation","dc9467b78cf538a0430cd4027dc5092f77d47e20","Primary Tumor",NA,"TCGA-BH-A1FM","TCGA-BH-A1FM-01A"
"a1d85803-1fe5-4db6-a1ce-74ef7906766d","TXT","TCGA-BH-A1EO-01A-11D-A138-05","open","1cc45a93-1b10-4069-81f4-446ba3a03dfa.methylation_array.sesame.level3betas.txt","a25708bf-f2f8-4493-8470-b9f1a7ca2783","DNA Methylation","methylation_beta_value","Illumina Human Methylation 450",13070197,"2023-07-14T13:19:46.453900-05:00","824b89202b90e4ea32a1152c0c063ba7","2023-07-18T10:25:37.328178-05:00","a1d85803-1fe5-4db6-a1ce-74ef7906766d","Methylation Beta Value","released","Methylation Array","2","38.0 - 45.0","TCGA-BRCA","630105e2-918c-4ce7-b60b-6f62d436b159","released","1cc45a93-1b10-4069-81f4-446ba3a03dfa","quay.io/ncigdc","SeSAMe Methylation Beta Estimation","9e258094ac9d4febe3721ceba25c1b8dbd1a27f8","Primary Tumor",NA,"TCGA-BH-A1EO","TCGA-BH-A1EO-01A"
"5ceff90e-184d-41ff-8e1a-bbe1ed30c1c4","TXT","TCGA-AO-A0JG-01A-31D-A10P-05","open","25f1573e-44ec-4681-9421-b9e591be4cc1.methylation_array.sesame.level3betas.txt","5b9c551c-1292-4316-a705-65b9e9ae3546","DNA Methylation","methylation_beta_value","Illumina Human Methylation 450",13008939,"2023-07-14T13:35:22.676315-05:00","7d55ebcfeb68a9cafb15e9f310f2cc84","2023-07-18T10:26:56.274239-05:00","5ceff90e-184d-41ff-8e1a-bbe1ed30c1c4","Methylation Beta Value","released","Methylation Array","2","38.0 - 45.0","TCGA-BRCA","21166fa6-17ec-4be8-b497-dec7710c02bb","released","25f1573e-44ec-4681-9421-b9e591be4cc1","quay.io/ncigdc","SeSAMe Methylation Beta Estimation","f8ef9dc6375573fc05fee47b70278d89f79a4cd7","Primary Tumor",NA,"TCGA-AO-A0JG","TCGA-AO-A0JG-01A"
"e3176730-6b3b-4a7c-836b-4c5846d13f57","TXT","TCGA-AO-A12G-01A-11D-A10N-05","open","25481c31-9932-4713-b732-d062b1f8dde2.methylation_array.sesame.level3betas.txt","17922f0a-39bc-4539-942a-ef9136abd7c6","DNA Methylation","methylation_beta_value","Illumina Human Methylation 450",12978408,"2023-07-14T13:25:29.089218-05:00","b3a04182feddaf91f5c60b75aa43642f","2023-07-18T10:27:21.881581-05:00","e3176730-6b3b-4a7c-836b-4c5846d13f57","Methylation Beta Value","released","Methylation Array","2","38.0 - 45.0","TCGA-BRCA","2f2efe8e-a1f2-4cab-9ce5-687b079fa54a","released","25481c31-9932-4713-b732-d062b1f8dde2","quay.io/ncigdc","SeSAMe Methylation Beta Estimation","dc9467b78cf538a0430cd4027dc5092f77d47e20","Primary Tumor",NA,"TCGA-AO-A12G","TCGA-AO-A12G-01A"
"c168545a-3da5-4631-9c38-75a13a93718d","TXT","TCGA-A2-A0EN-01A-13D-A10P-05","open","82a4d2a2-c030-462d-81af-ced5d6f1a155.methylation_array.sesame.level3betas.txt","3e310154-1008-4012-b2d8-b98c2b4ff71e","DNA Methylation","methylation_beta_value","Illumina Human Methylation 450",12978218,"2023-07-14T13:22:59.183434-05:00","75691fba4a8b144ee830d0abfdcedff1","2023-07-18T10:26:53.039537-05:00","c168545a-3da5-4631-9c38-75a13a93718d","Methylation Beta Value","released","Methylation Array","2","38.0 - 45.0","TCGA-BRCA","6fab7a52-c50f-4c8f-867d-5e9b4764e082","released","82a4d2a2-c030-462d-81af-ced5d6f1a155","quay.io/ncigdc","SeSAMe Methylation Beta Estimation","dc9467b78cf538a0430cd4027dc5092f77d47e20","Primary Tumor",NA,"TCGA-A2-A0EN","TCGA-A2-A0EN-01A"
"da974d54-d118-476c-93c2-acc7f7a6dec9","TXT","TCGA-E9-A1RC-01A-11D-A161-05","open","7f788b78-afdf-4090-97bd-41425e300e63.methylation_array.sesame.level3betas.txt","441639e0-dea6-443a-a0bf-c44dcbb7bf04","DNA Methylation","methylation_beta_value","Illumina Human Methylation 450",12862971,"2023-07-14T13:22:22.371242-05:00","25ace5dd991a90ce8680e549748450a0","2023-07-18T10:26:10.808043-05:00","da974d54-d118-476c-93c2-acc7f7a6dec9","Methylation Beta Value","released","Methylation Array","2","38.0 - 45.0","TCGA-BRCA","19e161f0-ebfd-4d9b-8008-1e2ff400cf82","released","7f788b78-afdf-4090-97bd-41425e300e63","quay.io/ncigdc","SeSAMe Methylation Beta Estimation","f8ef9dc6375573fc05fee47b70278d89f79a4cd7","Primary Tumor",NA,"TCGA-E9-A1RC","TCGA-E9-A1RC-01A"
"35f88b7c-686a-4c8a-a804-770d00027265","TXT","TCGA-A8-A08O-01A-21D-A10P-05","open","6a600552-1b31-4f82-a51d-d6217f5f10c0.methylation_array.sesame.level3betas.txt","24242de8-97ce-4679-9d1f-b7b6998795a2","DNA Methylation","methylation_beta_value","Illumina Human Methylation 450",12989460,"2023-07-14T13:12:12.193213-05:00","5dde77ee5486e8861bd70eb08abbb94f","2023-07-18T10:26:58.799363-05:00","35f88b7c-686a-4c8a-a804-770d00027265","Methylation Beta Value","released","Methylation Array","2","38.0 - 45.0","TCGA-BRCA","cc3baa8d-7299-494c-821e-80c21059fb8e","released","6a600552-1b31-4f82-a51d-d6217f5f10c0","quay.io/ncigdc","SeSAMe Methylation Beta Estimation","f8ef9dc6375573fc05fee47b70278d89f79a4cd7","Primary Tumor",NA,"TCGA-A8-A08O","TCGA-A8-A08O-01A"
"ede8cc11-8cc7-4db9-b2f3-8986e12abfa3","TXT","TCGA-B6-A0I1-01A-11D-A21R-05","open","1cebd084-98a1-4649-86c2-4661155b43be.methylation_array.sesame.level3betas.txt","fc886635-04dd-413c-bfcf-db1252e77052","DNA Methylation","methylation_beta_value","Illumina Human Methylation 450",13142659,"2023-07-14T13:43:54.307571-05:00","61cf2e76039df8fc0690a43313ea9a4f","2023-07-18T10:25:15.163269-05:00","ede8cc11-8cc7-4db9-b2f3-8986e12abfa3","Methylation Beta Value","released","Methylation Array","2","38.0 - 45.0","TCGA-BRCA","37dc3287-3a5a-4f84-aaa6-a591e760e524","released","1cebd084-98a1-4649-86c2-4661155b43be","quay.io/ncigdc","SeSAMe Methylation Beta Estimation","9e258094ac9d4febe3721ceba25c1b8dbd1a27f8","Primary Tumor",NA,"TCGA-B6-A0I1","TCGA-B6-A0I1-01A"
"a5b4cedd-e76b-494c-8e8d-cb60dc151093","TXT","TCGA-D8-A1XF-01A-11D-A14H-05","open","3b9b9409-c2f3-42e7-a947-88366020b579.methylation_array.sesame.level3betas.txt","6f9c7583-2407-4c9c-a5b2-c8fbf17c5180","DNA Methylation","methylation_beta_value","Illumina Human Methylation 450",13147707,"2023-07-14T13:30:34.943132-05:00","801f54a3cbfc7de653b2560fef16fb8c","2023-07-18T10:26:39.705477-05:00","a5b4cedd-e76b-494c-8e8d-cb60dc151093","Methylation Beta Value","released","Methylation Array","2","38.0 - 45.0","TCGA-BRCA","938926ad-6b06-4faa-8e85-90fb29f1e304","released","3b9b9409-c2f3-42e7-a947-88366020b579","quay.io/ncigdc","SeSAMe Methylation Beta Estimation","9e258094ac9d4febe3721ceba25c1b8dbd1a27f8","Primary Tumor",NA,"TCGA-D8-A1XF","TCGA-D8-A1XF-01A"
"b83b5e9f-73c7-4aad-b279-8a4b18f4bca6","TXT","TCGA-A7-A13E-11A-61D-A12R-05","open","f8c592a9-aec8-468d-9df0-4db40c9cc311.methylation_array.sesame.level3betas.txt","77396e9d-0e8d-4f76-ad4b-17fbbc0854a3","DNA Methylation","methylation_beta_value","Illumina Human Methylation 450",12971290,"2023-07-14T13:45:48.220427-05:00","5a2c2204dfb2e9e676dd832734e10a13","2023-07-18T10:26:48.775343-05:00","b83b5e9f-73c7-4aad-b279-8a4b18f4bca6","Methylation Beta Value","released","Methylation Array","2","38.0 - 45.0","TCGA-BRCA","a94fa81a-b457-4eb8-b813-800f0571b969","released","f8c592a9-aec8-468d-9df0-4db40c9cc311","quay.io/ncigdc","SeSAMe Methylation Beta Estimation","dc9467b78cf538a0430cd4027dc5092f77d47e20","Solid Tissue Normal",NA,"TCGA-A7-A13E","TCGA-A7-A13E-11A"
"905fe3ee-41cd-4d35-823a-27e6d5895d6f","TXT","TCGA-E9-A1R6-01A-11D-A14H-05","open","fbf3e72d-f848-43b2-abf0-5a84cf605a08.methylation_array.sesame.level3betas.txt","c1fde7e3-f94f-4bce-bcd0-9dbef31b7f59","DNA Methylation","methylation_beta_value","Illumina Human Methylation 450",13113008,"2023-07-14T13:25:41.972687-05:00","5ddf5861466bde630a1f2b4584d51100","2023-07-18T10:27:28.166769-05:00","905fe3ee-41cd-4d35-823a-27e6d5895d6f","Methylation Beta Value","released","Methylation Array","2","38.0 - 45.0","TCGA-BRCA","f6139231-e6a0-4f56-9408-bb696624bcf3","released","fbf3e72d-f848-43b2-abf0-5a84cf605a08","quay.io/ncigdc","SeSAMe Methylation Beta Estimation","dc9467b78cf538a0430cd4027dc5092f77d47e20","Primary Tumor",NA,"TCGA-E9-A1R6","TCGA-E9-A1R6-01A"
"f88094be-02a0-4438-9163-d90cee67d701","TXT","TCGA-B6-A401-01A-11D-A23D-05","open","fd35318c-4a5c-4486-afe1-183a40d23559.methylation_array.sesame.level3betas.txt","28f3eec1-f7bf-4ce9-808b-552d1cc57242","DNA Methylation","methylation_beta_value","Illumina Human Methylation 450",12963944,"2023-07-14T13:28:36.525288-05:00","04ed29f2264ad25aa9de5c830584c988","2023-07-18T10:27:13.275087-05:00","f88094be-02a0-4438-9163-d90cee67d701","Methylation Beta Value","released","Methylation Array","2","38.0 - 45.0","TCGA-BRCA","0ff462c2-5322-405c-9292-bed7275f97d0","released","fd35318c-4a5c-4486-afe1-183a40d23559","quay.io/ncigdc","SeSAMe Methylation Beta Estimation","dc9467b78cf538a0430cd4027dc5092f77d47e20","Primary Tumor",NA,"TCGA-B6-A401","TCGA-B6-A401-01A"
"739c7fa9-33ad-49bd-8e59-b00842de5234","TXT","TCGA-BH-A0DH-11A-31D-A10Q-05","open","1c1f2de2-fe0f-4cd1-9146-40e9503b7b5e.methylation_array.sesame.level3betas.txt","188b13ba-2b94-4505-a1c5-64c419593155","DNA Methylation","methylation_beta_value","Illumina Human Methylation 450",12781055,"2023-07-14T13:31:29.166343-05:00","91b0c7feb964731a087850d6e0f97f8b","2023-07-18T10:25:18.473506-05:00","739c7fa9-33ad-49bd-8e59-b00842de5234","Methylation Beta Value","released","Methylation Array","2","38.0 - 45.0","TCGA-BRCA","8cb00de8-3ffb-4c1e-9d51-56ca47511363","released","1c1f2de2-fe0f-4cd1-9146-40e9503b7b5e","quay.io/ncigdc","SeSAMe Methylation Beta Estimation","9e258094ac9d4febe3721ceba25c1b8dbd1a27f8","Solid Tissue Normal",NA,"TCGA-BH-A0DH","TCGA-BH-A0DH-11A"
"ac1ec43d-fe26-40de-b06a-fe6e1b76ee56","TXT","TCGA-E2-A56Z-01A-12D-A29O-05","open","379b4ce4-e7ef-4b8b-81cb-090532aee580.methylation_array.sesame.level3betas.txt","f992fc39-939f-4691-9edb-d8753dec5043","DNA Methylation","methylation_beta_value","Illumina Human Methylation 450",12977027,"2023-07-14T13:11:42.657055-05:00","c126eca0b7c47594012bbd4d941f5f51","2023-07-18T10:25:25.143578-05:00","ac1ec43d-fe26-40de-b06a-fe6e1b76ee56","Methylation Beta Value","released","Methylation Array","2","38.0 - 45.0","TCGA-BRCA","7bcbcca0-8747-4401-a08d-05cefcc35fcb","released","379b4ce4-e7ef-4b8b-81cb-090532aee580","quay.io/ncigdc","SeSAMe Methylation Beta Estimation","f8ef9dc6375573fc05fee47b70278d89f79a4cd7","Primary Tumor",NA,"TCGA-E2-A56Z","TCGA-E2-A56Z-01A"
"648ac59b-2087-4e04-83db-d5183aa48e42","TXT","TCGA-AN-A0XL-01A-11D-A10N-05","open","70fd3a6e-9bbc-4ef4-b677-3634420e7022.methylation_array.sesame.level3betas.txt","678fb342-e197-46ed-a420-41a9894b9deb","DNA Methylation","methylation_beta_value","Illumina Human Methylation 450",12940315,"2023-07-14T13:31:09.427842-05:00","71137154c2eac0b0f6b4340731bba268","2023-07-18T10:24:44.480510-05:00","648ac59b-2087-4e04-83db-d5183aa48e42","Methylation Beta Value","released","Methylation Array","2","38.0 - 45.0","TCGA-BRCA","dcaae484-8ed1-4325-98fb-c9ba16e8572f","released","70fd3a6e-9bbc-4ef4-b677-3634420e7022","quay.io/ncigdc","SeSAMe Methylation Beta Estimation","f8ef9dc6375573fc05fee47b70278d89f79a4cd7","Primary Tumor",NA,"TCGA-AN-A0XL","TCGA-AN-A0XL-01A"
"9fec1bd6-641c-480f-b0c6-a85079f9a211","TXT","TCGA-D8-A1XJ-01A-11D-A14N-05","open","b31bd2a4-a647-4dca-86f9-4c89ec85b123.methylation_array.sesame.level3betas.txt","677b69bd-d06e-4457-b1a7-14ff2156c5e7","DNA Methylation","methylation_beta_value","Illumina Human Methylation 450",13171063,"2023-07-14T13:23:47.507946-05:00","d95da11790aba1c55aab3502c319dd78","2023-07-18T10:27:04.621252-05:00","9fec1bd6-641c-480f-b0c6-a85079f9a211","Methylation Beta Value","released","Methylation Array","2","38.0 - 45.0","TCGA-BRCA","63a71fee-1480-40b4-8793-d0063f300c5f","released","b31bd2a4-a647-4dca-86f9-4c89ec85b123","quay.io/ncigdc","SeSAMe Methylation Beta Estimation","f8ef9dc6375573fc05fee47b70278d89f79a4cd7","Primary Tumor",NA,"TCGA-D8-A1XJ","TCGA-D8-A1XJ-01A"
"257f44c6-35bb-4ca7-8226-4d8e86693b0c","TXT","TCGA-E2-A570-01A-11D-A29O-05","open","2cc24ee1-1658-48d8-8675-7974003352a8.methylation_array.sesame.level3betas.txt","cf8cb01a-fe1f-4804-a4c4-ff432d2a70d8","DNA Methylation","methylation_beta_value","Illumina Human Methylation 450",13083243,"2023-07-14T13:10:02.056434-05:00","78863b6530f9ce9caa7ad3f3041de981","2023-07-18T10:26:40.825722-05:00","257f44c6-35bb-4ca7-8226-4d8e86693b0c","Methylation Beta Value","released","Methylation Array","2","38.0 - 45.0","TCGA-BRCA","d0cb5fdf-cd1f-47c9-a84b-089fe7d77928","released","2cc24ee1-1658-48d8-8675-7974003352a8","quay.io/ncigdc","SeSAMe Methylation Beta Estimation","dc9467b78cf538a0430cd4027dc5092f77d47e20","Primary Tumor",NA,"TCGA-E2-A570","TCGA-E2-A570-01A"
"2bc0cec5-3c61-4322-9440-e601b37dba66","TXT","TCGA-A2-A1FV-01A-11D-A13K-05","open","9bc307c8-a8da-4166-b7e9-c214ca0b8e68.methylation_array.sesame.level3betas.txt","702e72af-ac07-4c7b-9d0d-0057092d432a","DNA Methylation","methylation_beta_value","Illumina Human Methylation 450",13124403,"2023-07-14T13:22:11.341524-05:00","7dac0d8d5b5a3c5cef14dc3609db920d","2023-07-18T10:24:41.944966-05:00","2bc0cec5-3c61-4322-9440-e601b37dba66","Methylation Beta Value","released","Methylation Array","2","38.0 - 45.0","TCGA-BRCA","382e02c0-2501-43b4-9781-b539ceb6497f","released","9bc307c8-a8da-4166-b7e9-c214ca0b8e68","quay.io/ncigdc","SeSAMe Methylation Beta Estimation","9e258094ac9d4febe3721ceba25c1b8dbd1a27f8","Primary Tumor",NA,"TCGA-A2-A1FV","TCGA-A2-A1FV-01A"
"1de635d5-a5f0-4945-8933-9c62377cd05c","TXT","TCGA-E2-A1LA-01A-11D-A145-05","open","8eaa20e8-dbc7-432c-a797-069d097ea264.methylation_array.sesame.level3betas.txt","d04504be-3596-4b7b-8be0-da7545aa94ca","DNA Methylation","methylation_beta_value","Illumina Human Methylation 450",13185695,"2023-07-14T13:38:43.736413-05:00","6838f5eb3ecdea9430989190e9df3bef","2023-07-18T10:26:15.667948-05:00","1de635d5-a5f0-4945-8933-9c62377cd05c","Methylation Beta Value","released","Methylation Array","2","38.0 - 45.0","TCGA-BRCA","012f1473-fe2c-4a17-b10c-e37855f06a2a","released","8eaa20e8-dbc7-432c-a797-069d097ea264","quay.io/ncigdc","SeSAMe Methylation Beta Estimation","f8ef9dc6375573fc05fee47b70278d89f79a4cd7","Primary Tumor",NA,"TCGA-E2-A1LA","TCGA-E2-A1LA-01A"
"6a8ce5ed-9edb-4c2d-ad56-51d2cca71498","TXT","TCGA-B6-A0RV-01A-11D-A10P-05","open","3639bf75-4da1-4056-9347-867c4a9764f5.methylation_array.sesame.level3betas.txt","418db9fd-221d-4276-b2f6-f44e77120dc2","DNA Methylation","methylation_beta_value","Illumina Human Methylation 450",13060307,"2023-07-14T13:12:30.314570-05:00","ee819943282e5f823c02e3991c05f863","2023-07-18T10:27:01.830305-05:00","6a8ce5ed-9edb-4c2d-ad56-51d2cca71498","Methylation Beta Value","released","Methylation Array","2","38.0 - 45.0","TCGA-BRCA","42de9235-4d85-4af4-90ce-b72d5786c26c","released","3639bf75-4da1-4056-9347-867c4a9764f5","quay.io/ncigdc","SeSAMe Methylation Beta Estimation","dc9467b78cf538a0430cd4027dc5092f77d47e20","Primary Tumor",NA,"TCGA-B6-A0RV","TCGA-B6-A0RV-01A"
"77237986-473a-4c40-bdae-33b0b44d00e0","TXT","TCGA-D8-A1JT-01A-31D-A13K-05","open","2a4c717b-3900-4e70-8693-e43ce141b7ca.methylation_array.sesame.level3betas.txt","258ef761-bce8-4ec6-8a92-23dae9e65419","DNA Methylation","methylation_beta_value","Illumina Human Methylation 450",13134744,"2023-07-14T13:09:50.226389-05:00","3279373982d6089d0162854cc9dc0e12","2023-07-18T10:26:44.734582-05:00","77237986-473a-4c40-bdae-33b0b44d00e0","Methylation Beta Value","released","Methylation Array","2","38.0 - 45.0","TCGA-BRCA","a0dbbb10-db54-4786-b840-86dc09dbb07e","released","2a4c717b-3900-4e70-8693-e43ce141b7ca","quay.io/ncigdc","SeSAMe Methylation Beta Estimation","dc9467b78cf538a0430cd4027dc5092f77d47e20","Primary Tumor",NA,"TCGA-D8-A1JT","TCGA-D8-A1JT-01A"
"b34aef00-04ed-4ea4-866d-18d05f04b6b0","TXT","TCGA-AR-A0TU-01A-31D-A10A-05","open","f838882d-fb4d-4a10-af17-045a40c21737.methylation_array.sesame.level3betas.txt","58b95819-81ed-4d5e-a954-af19f3514b42","DNA Methylation","methylation_beta_value","Illumina Human Methylation 450",12874128,"2023-07-14T13:19:44.708594-05:00","0a600b928b144fcdc277cea041f00df4","2023-07-18T10:25:47.447997-05:00","b34aef00-04ed-4ea4-866d-18d05f04b6b0","Methylation Beta Value","released","Methylation Array","2","38.0 - 45.0","TCGA-BRCA","b0b86013-8113-4ff9-8a8e-01d5fa0c2249","released","f838882d-fb4d-4a10-af17-045a40c21737","quay.io/ncigdc","SeSAMe Methylation Beta Estimation","f8ef9dc6375573fc05fee47b70278d89f79a4cd7","Primary Tumor",NA,"TCGA-AR-A0TU","TCGA-AR-A0TU-01A"
"e8231c0e-6ccc-45ea-9c04-18eb6488a9c6","TXT","TCGA-D8-A1Y0-01A-11D-A14N-05","open","471053e1-1ff6-4a63-b350-bff3478eda48.methylation_array.sesame.level3betas.txt","4977a222-aca9-42bb-ae90-bed7de9baf5f","DNA Methylation","methylation_beta_value","Illumina Human Methylation 450",13131999,"2023-07-14T13:39:39.321504-05:00","3f8aa5896786f81388df7882bee99e80","2023-07-18T10:27:27.644690-05:00","e8231c0e-6ccc-45ea-9c04-18eb6488a9c6","Methylation Beta Value","released","Methylation Array","2","38.0 - 45.0","TCGA-BRCA","370bd243-fa70-44bf-9590-9a5b64f6b072","released","471053e1-1ff6-4a63-b350-bff3478eda48","quay.io/ncigdc","SeSAMe Methylation Beta Estimation","dc9467b78cf538a0430cd4027dc5092f77d47e20","Primary Tumor",NA,"TCGA-D8-A1Y0","TCGA-D8-A1Y0-01A"
"8770c90d-04d4-473a-bb74-ef7eae13f2be","TXT","TCGA-D8-A1X7-01A-11D-A14N-05","open","3a638c6d-2806-419f-95ad-a0d325ac0522.methylation_array.sesame.level3betas.txt","b756fd26-41f1-46d4-9e21-60a3bbd1e4e3","DNA Methylation","methylation_beta_value","Illumina Human Methylation 450",13137020,"2023-07-14T13:38:04.323324-05:00","165b13a90d40dbe12bf6369906d284d7","2023-07-18T10:26:32.304085-05:00","8770c90d-04d4-473a-bb74-ef7eae13f2be","Methylation Beta Value","released","Methylation Array","2","38.0 - 45.0","TCGA-BRCA","9c265964-76f4-4a24-80df-38d861e43dce","released","3a638c6d-2806-419f-95ad-a0d325ac0522","quay.io/ncigdc","SeSAMe Methylation Beta Estimation","dc9467b78cf538a0430cd4027dc5092f77d47e20","Primary Tumor",NA,"TCGA-D8-A1X7","TCGA-D8-A1X7-01A"
"d2aaafa9-551a-4acb-a849-0b22f8684ba6","TXT","TCGA-E9-A22D-01A-11D-A161-05","open","cf6d6eef-a822-4f98-9bcb-20da2b42e2f7.methylation_array.sesame.level3betas.txt","759e87e4-fae5-4710-a912-f3cc90ab5c1e","DNA Methylation","methylation_beta_value","Illumina Human Methylation 450",12816667,"2023-07-14T13:44:21.084980-05:00","93e93e097ed94e14fdc863eb2e442be1","2023-07-18T10:26:29.925070-05:00","d2aaafa9-551a-4acb-a849-0b22f8684ba6","Methylation Beta Value","released","Methylation Array","2","38.0 - 45.0","TCGA-BRCA","1d980eb3-10ce-4a3a-881f-5e5da1d1ce69","released","cf6d6eef-a822-4f98-9bcb-20da2b42e2f7","quay.io/ncigdc","SeSAMe Methylation Beta Estimation","dc9467b78cf538a0430cd4027dc5092f77d47e20","Primary Tumor",NA,"TCGA-E9-A22D","TCGA-E9-A22D-01A"
"97abb191-4b37-4a36-a5c8-22caef702ba8","TXT","TCGA-S3-AA0Z-01A-11D-A41Q-05","open","9b2ca926-97ce-4aad-83aa-a7ff7d51cb3c.methylation_array.sesame.level3betas.txt","17e5e206-5907-40d2-9833-8862644e6501","DNA Methylation","methylation_beta_value","Illumina Human Methylation 450",12985378,"2023-07-14T13:10:38.823494-05:00","f4889597b2879df54a672814aa956771","2023-07-18T10:26:51.638071-05:00","97abb191-4b37-4a36-a5c8-22caef702ba8","Methylation Beta Value","released","Methylation Array","2","38.0 - 45.0","TCGA-BRCA","8f30e826-4e83-4ab4-83e6-3fcb77929fa1","released","9b2ca926-97ce-4aad-83aa-a7ff7d51cb3c","quay.io/ncigdc","SeSAMe Methylation Beta Estimation","dc9467b78cf538a0430cd4027dc5092f77d47e20","Primary Tumor",NA,"TCGA-S3-AA0Z","TCGA-S3-AA0Z-01A"
"21f04ec9-eba9-4943-9cef-ef039e48ffbf","TXT","TCGA-A2-A0YK-01A-22D-A10A-05","open","6ae26aeb-cd6a-41c0-bf35-f448e8ed924b.methylation_array.sesame.level3betas.txt","4a971dc7-680b-4984-92c7-ec1b00fc2280","DNA Methylation","methylation_beta_value","Illumina Human Methylation 450",12622110,"2023-07-14T13:20:00.980523-05:00","d7ad1d1b22d80a8582bf6fcca0e52038","2023-07-18T10:27:04.480607-05:00","21f04ec9-eba9-4943-9cef-ef039e48ffbf","Methylation Beta Value","released","Methylation Array","2","38.0 - 45.0","TCGA-BRCA","d58c17da-1a5d-48bd-a450-039657d0dd67","released","6ae26aeb-cd6a-41c0-bf35-f448e8ed924b","quay.io/ncigdc","SeSAMe Methylation Beta Estimation","dc9467b78cf538a0430cd4027dc5092f77d47e20","Primary Tumor",NA,"TCGA-A2-A0YK","TCGA-A2-A0YK-01A"
"35bb58ae-c849-41f5-8fde-646dd52f789b","TXT","TCGA-A7-A3J1-01A-11D-A212-05","open","a52fa754-fc78-4292-bb39-29c22f834d2c.methylation_array.sesame.level3betas.txt","9c56c0ad-1f27-41a5-8b13-eba40c1af667","DNA Methylation","methylation_beta_value","Illumina Human Methylation 450",13091592,"2023-07-14T13:29:13.139586-05:00","bc9d82f1146dc3e46fc345040a4f44b8","2023-07-18T10:26:26.421278-05:00","35bb58ae-c849-41f5-8fde-646dd52f789b","Methylation Beta Value","released","Methylation Array","2","38.0 - 45.0","TCGA-BRCA","9796b059-6d00-4793-8126-2b83f2859436","released","a52fa754-fc78-4292-bb39-29c22f834d2c","quay.io/ncigdc","SeSAMe Methylation Beta Estimation","dc9467b78cf538a0430cd4027dc5092f77d47e20","Primary Tumor",NA,"TCGA-A7-A3J1","TCGA-A7-A3J1-01A"
"0a797af0-f65f-40b9-9e63-700bf0d89c71","TXT","TCGA-D8-A1XM-01A-21D-A14N-05","open","1a73aa5e-2c93-419a-a0d3-82a4350aa8c1.methylation_array.sesame.level3betas.txt","bf3c6402-bab5-4477-bc8d-3a3589b1074b","DNA Methylation","methylation_beta_value","Illumina Human Methylation 450",13140345,"2023-07-14T13:30:04.438307-05:00","20736c98c391403d87d95481f3554eff","2023-07-18T10:25:45.169526-05:00","0a797af0-f65f-40b9-9e63-700bf0d89c71","Methylation Beta Value","released","Methylation Array","2","38.0 - 45.0","TCGA-BRCA","a906dd40-ef10-4b66-ad76-5e6f93f55b68","released","1a73aa5e-2c93-419a-a0d3-82a4350aa8c1","quay.io/ncigdc","SeSAMe Methylation Beta Estimation","f8ef9dc6375573fc05fee47b70278d89f79a4cd7","Primary Tumor",NA,"TCGA-D8-A1XM","TCGA-D8-A1XM-01A"
"65025d9c-81ea-411b-b3a1-c1277165444e","TXT","TCGA-PL-A8LZ-01A-31D-A36K-05","open","13bd8590-675d-49b0-ad36-0d6026610613.methylation_array.sesame.level3betas.txt","ceaa41cc-c181-40d4-8e84-77870eaa5b5a","DNA Methylation","methylation_beta_value","Illumina Human Methylation 450",12995889,"2023-07-14T13:43:09.137604-05:00","080b2cad59da267b1ae1acd222cb91b1","2023-07-18T10:26:32.603535-05:00","65025d9c-81ea-411b-b3a1-c1277165444e","Methylation Beta Value","released","Methylation Array","2","38.0 - 45.0","TCGA-BRCA","25c14345-f40d-42d5-b020-75eaa34086ce","released","13bd8590-675d-49b0-ad36-0d6026610613","quay.io/ncigdc","SeSAMe Methylation Beta Estimation","dc9467b78cf538a0430cd4027dc5092f77d47e20","Primary Tumor",NA,"TCGA-PL-A8LZ","TCGA-PL-A8LZ-01A"
"73972c9e-de96-4ddf-b402-6d46d54d2fcb","TXT","TCGA-MS-A51U-01A-31D-A268-05","open","65c85bfd-ab3b-49b9-b84d-7bd1ed25bd87.methylation_array.sesame.level3betas.txt","973cf85a-3aa4-409a-9951-8cbde20b6ee4","DNA Methylation","methylation_beta_value","Illumina Human Methylation 450",13003589,"2023-07-14T13:43:12.848827-05:00","7d1c09120ad33e8293d5f0a6cef57632","2023-07-18T10:26:31.079679-05:00","73972c9e-de96-4ddf-b402-6d46d54d2fcb","Methylation Beta Value","released","Methylation Array","2","38.0 - 45.0","TCGA-BRCA","8e1958fc-42c0-43a8-ac4c-f1b871a2a543","released","65c85bfd-ab3b-49b9-b84d-7bd1ed25bd87","quay.io/ncigdc","SeSAMe Methylation Beta Estimation","dc9467b78cf538a0430cd4027dc5092f77d47e20","Primary Tumor",NA,"TCGA-MS-A51U","TCGA-MS-A51U-01A"
"3a9b1607-6a0e-4fa7-a735-bd28a26094c5","TXT","TCGA-E9-A1RB-01A-11D-A161-05","open","328149d7-502c-4a4e-a496-cd647e0f8aca.methylation_array.sesame.level3betas.txt","0df3f738-0b2e-45da-ba42-8b9045feeee1","DNA Methylation","methylation_beta_value","Illumina Human Methylation 450",13107692,"2023-07-14T13:14:00.730217-05:00","2ff9a15382f2e20b926bbd520d2054f1","2023-07-18T10:25:32.727191-05:00","3a9b1607-6a0e-4fa7-a735-bd28a26094c5","Methylation Beta Value","released","Methylation Array","2","38.0 - 45.0","TCGA-BRCA","fdcb2c5b-0a0e-47cd-8357-db70cbceb5a8","released","328149d7-502c-4a4e-a496-cd647e0f8aca","quay.io/ncigdc","SeSAMe Methylation Beta Estimation","f8ef9dc6375573fc05fee47b70278d89f79a4cd7","Primary Tumor",NA,"TCGA-E9-A1RB","TCGA-E9-A1RB-01A"
"8ce30eb2-4342-41e6-89e7-b07c3603b2af","TXT","TCGA-C8-A3M7-01A-12D-A21R-05","open","4c8bc1f8-f258-466f-8c22-384aaa51e688.methylation_array.sesame.level3betas.txt","2bfb58a0-3867-46ed-806f-f530be8cb688","DNA Methylation","methylation_beta_value","Illumina Human Methylation 450",13155726,"2023-07-14T13:32:18.001961-05:00","4ab77c2993da0ea800f3e678a4eb6edd","2023-07-18T10:27:06.272273-05:00","8ce30eb2-4342-41e6-89e7-b07c3603b2af","Methylation Beta Value","released","Methylation Array","2","38.0 - 45.0","TCGA-BRCA","1bd5f669-e8b6-46e8-870b-c7144f99d03a","released","4c8bc1f8-f258-466f-8c22-384aaa51e688","quay.io/ncigdc","SeSAMe Methylation Beta Estimation","dc9467b78cf538a0430cd4027dc5092f77d47e20","Primary Tumor",NA,"TCGA-C8-A3M7","TCGA-C8-A3M7-01A"
"87af132d-0898-4a63-a440-d2e86ba3bdd6","TXT","TCGA-A2-A0T0-01A-22D-A10P-05","open","c7a9387e-a606-4603-8407-3c137264920a.methylation_array.sesame.level3betas.txt","f2862657-4a8c-4a83-8aaa-f120afbfd93b","DNA Methylation","methylation_beta_value","Illumina Human Methylation 450",12858670,"2023-07-14T13:09:20.690519-05:00","d1909f684c00b4e3b0ddb6c9949bcb4c","2023-07-18T10:27:25.748661-05:00","87af132d-0898-4a63-a440-d2e86ba3bdd6","Methylation Beta Value","released","Methylation Array","2","38.0 - 45.0","TCGA-BRCA","85460f86-56d6-4789-913c-2899e4e74ca7","released","c7a9387e-a606-4603-8407-3c137264920a","quay.io/ncigdc","SeSAMe Methylation Beta Estimation","dc9467b78cf538a0430cd4027dc5092f77d47e20","Primary Tumor",NA,"TCGA-A2-A0T0","TCGA-A2-A0T0-01A"
"5bc7d93f-b018-49bc-9e07-6c9aba46f941","TXT","TCGA-BH-A0DV-01A-21D-A12R-05","open","a880e4db-467d-441e-bc54-684d2e28c790.methylation_array.sesame.level3betas.txt","9fd85686-00f0-450c-90fc-a098510ca994","DNA Methylation","methylation_beta_value","Illumina Human Methylation 450",13009730,"2023-07-14T13:35:37.292639-05:00","1c7450b723cf0b12d35efdd7b21178b4","2023-07-18T10:27:17.531174-05:00","5bc7d93f-b018-49bc-9e07-6c9aba46f941","Methylation Beta Value","released","Methylation Array","2","38.0 - 45.0","TCGA-BRCA","5c97c153-ca93-46cc-a79e-02783f17267f","released","a880e4db-467d-441e-bc54-684d2e28c790","quay.io/ncigdc","SeSAMe Methylation Beta Estimation","dc9467b78cf538a0430cd4027dc5092f77d47e20","Primary Tumor",NA,"TCGA-BH-A0DV","TCGA-BH-A0DV-01A"
"f60af69d-cf46-4704-83b4-8a883c51b5cf","TXT","TCGA-AN-A0XS-01A-22D-A10A-05","open","1ffe8243-db7c-4068-a4d0-18dfeb40c4e4.methylation_array.sesame.level3betas.txt","56210b8d-697a-4ab9-bffe-cae934377f4b","DNA Methylation","methylation_beta_value","Illumina Human Methylation 450",12848881,"2023-07-14T13:38:26.673742-05:00","998e6a39064fec35c168bce4f4bf50bf","2023-07-18T10:27:11.564486-05:00","f60af69d-cf46-4704-83b4-8a883c51b5cf","Methylation Beta Value","released","Methylation Array","2","38.0 - 45.0","TCGA-BRCA","5a099fee-1fbc-4149-a843-56ce26e93b1a","released","1ffe8243-db7c-4068-a4d0-18dfeb40c4e4","quay.io/ncigdc","SeSAMe Methylation Beta Estimation","dc9467b78cf538a0430cd4027dc5092f77d47e20","Primary Tumor",NA,"TCGA-AN-A0XS","TCGA-AN-A0XS-01A"
"97f7b441-e6e3-43d4-adf5-be68d1b3e772","TXT","TCGA-EW-A6SC-01A-12D-A32T-05","open","58478a9c-229e-4bcd-a031-18385ab39d02.methylation_array.sesame.level3betas.txt","d8802493-1a16-41d2-8e32-237e56b4e21e","DNA Methylation","methylation_beta_value","Illumina Human Methylation 450",12814481,"2023-07-14T13:44:14.052070-05:00","90d6d097d23d8056b4bbabbc02b66338","2023-07-18T10:25:57.205834-05:00","97f7b441-e6e3-43d4-adf5-be68d1b3e772","Methylation Beta Value","released","Methylation Array","2","38.0 - 45.0","TCGA-BRCA","6a754fa0-460c-4e32-b9c1-f10b948e1e57","released","58478a9c-229e-4bcd-a031-18385ab39d02","quay.io/ncigdc","SeSAMe Methylation Beta Estimation","9e258094ac9d4febe3721ceba25c1b8dbd1a27f8","Primary Tumor",NA,"TCGA-EW-A6SC","TCGA-EW-A6SC-01A"
"ce655fef-fc19-495f-bba8-8f1318d034f5","TXT","TCGA-D8-A1XK-01A-21D-A14N-05","open","26bfb542-c5db-46cf-bacb-cedfd98596d9.methylation_array.sesame.level3betas.txt","373ea530-d1ab-48fc-aa8c-62e93b796c6e","DNA Methylation","methylation_beta_value","Illumina Human Methylation 450",13182041,"2023-07-14T13:45:01.607658-05:00","fcc2656f7c76b539bbfd4f696637e4f3","2023-07-18T10:26:54.421603-05:00","ce655fef-fc19-495f-bba8-8f1318d034f5","Methylation Beta Value","released","Methylation Array","2","38.0 - 45.0","TCGA-BRCA","f60f4e2c-6fa7-4355-b44b-02be9786ce4a","released","26bfb542-c5db-46cf-bacb-cedfd98596d9","quay.io/ncigdc","SeSAMe Methylation Beta Estimation","dc9467b78cf538a0430cd4027dc5092f77d47e20","Primary Tumor",NA,"TCGA-D8-A1XK","TCGA-D8-A1XK-01A"
"cf7b94b6-d0f9-43d3-8172-a11a60f755d1","TXT","TCGA-OL-A66I-01A-21D-A29O-05","open","1a606f53-0c29-483c-b91d-afc3fc468ee3.methylation_array.sesame.level3betas.txt","54e19554-616a-4147-997d-ed3fa3f034ac","DNA Methylation","methylation_beta_value","Illumina Human Methylation 450",13155699,"2023-07-14T13:35:13.568977-05:00","a8df20896b6a6ff7b9930a43e26fafd0","2023-07-18T10:26:40.116335-05:00","cf7b94b6-d0f9-43d3-8172-a11a60f755d1","Methylation Beta Value","released","Methylation Array","2","38.0 - 45.0","TCGA-BRCA","900b21b3-a524-4ade-b1ae-66e37e4d9370","released","1a606f53-0c29-483c-b91d-afc3fc468ee3","quay.io/ncigdc","SeSAMe Methylation Beta Estimation","f8ef9dc6375573fc05fee47b70278d89f79a4cd7","Primary Tumor",NA,"TCGA-OL-A66I","TCGA-OL-A66I-01A"
"eae8cee7-0370-4643-b5c8-b5e8e692404b","TXT","TCGA-C8-A1HL-01A-11D-A138-05","open","1f795dfe-d544-4313-a8ad-01354f7e8e29.methylation_array.sesame.level3betas.txt","4de7fa89-ea5f-4649-aae3-9fdd9e991016","DNA Methylation","methylation_beta_value","Illumina Human Methylation 450",13082253,"2023-07-14T13:15:57.992311-05:00","b8755d77807be2fdd6a9e596d989f2b8","2023-07-18T10:26:00.158973-05:00","eae8cee7-0370-4643-b5c8-b5e8e692404b","Methylation Beta Value","released","Methylation Array","2","38.0 - 45.0","TCGA-BRCA","d7304d32-a06b-4dba-88c1-6547a6a15866","released","1f795dfe-d544-4313-a8ad-01354f7e8e29","quay.io/ncigdc","SeSAMe Methylation Beta Estimation","f8ef9dc6375573fc05fee47b70278d89f79a4cd7","Primary Tumor",NA,"TCGA-C8-A1HL","TCGA-C8-A1HL-01A"
"416b6bc5-06c3-42da-8643-c660edb0b653","TXT","TCGA-BH-A0AU-01A-11D-A12R-05","open","6651d32c-cb9f-4b46-bc9b-96ceee911b80.methylation_array.sesame.level3betas.txt","b437679c-260a-40b0-8625-6b2cfb11de29","DNA Methylation","methylation_beta_value","Illumina Human Methylation 450",13069637,"2023-07-14T13:39:01.518727-05:00","2e602eb8e889e3831f512714aa9de4e7","2023-07-18T10:26:12.186897-05:00","416b6bc5-06c3-42da-8643-c660edb0b653","Methylation Beta Value","released","Methylation Array","2","38.0 - 45.0","TCGA-BRCA","c45cbe26-fa19-4e71-a530-8917e05064fb","released","6651d32c-cb9f-4b46-bc9b-96ceee911b80","quay.io/ncigdc","SeSAMe Methylation Beta Estimation","f8ef9dc6375573fc05fee47b70278d89f79a4cd7","Primary Tumor",NA,"TCGA-BH-A0AU","TCGA-BH-A0AU-01A"
"8abc5009-99c6-4fe7-b19b-ee69eb3e6ad5","TXT","TCGA-AO-A0JE-01A-11D-A10P-05","open","0a192517-6ae2-4b1d-b565-519594c9f321.methylation_array.sesame.level3betas.txt","2d7d865c-a169-4a5f-9795-51bd727356f2","DNA Methylation","methylation_beta_value","Illumina Human Methylation 450",13010726,"2023-07-14T13:40:51.175551-05:00","276ca2547fea526ece450f3f588ca83b","2023-07-18T10:27:15.161346-05:00","8abc5009-99c6-4fe7-b19b-ee69eb3e6ad5","Methylation Beta Value","released","Methylation Array","2","38.0 - 45.0","TCGA-BRCA","b34f817e-629b-4cf7-ba0e-39c1bf6c8310","released","0a192517-6ae2-4b1d-b565-519594c9f321","quay.io/ncigdc","SeSAMe Methylation Beta Estimation","dc9467b78cf538a0430cd4027dc5092f77d47e20","Primary Tumor",NA,"TCGA-AO-A0JE","TCGA-AO-A0JE-01A"
"f156c53d-70c5-49c1-94b2-7fd934676eb8","TXT","TCGA-LD-A74U-01A-13D-A33F-05","open","a7e0102d-9575-45c2-8c91-6cea77d04842.methylation_array.sesame.level3betas.txt","a2bed20a-cb2d-43e2-9266-7c33328e8922","DNA Methylation","methylation_beta_value","Illumina Human Methylation 450",12953361,"2023-07-14T13:35:54.198569-05:00","13959c544a59e5481c0a8036fd26469d","2023-07-18T10:27:01.133402-05:00","f156c53d-70c5-49c1-94b2-7fd934676eb8","Methylation Beta Value","released","Methylation Array","2","38.0 - 45.0","TCGA-BRCA","dbb8b6e0-32e1-4dc5-b2ba-a30a305c4564","released","a7e0102d-9575-45c2-8c91-6cea77d04842","quay.io/ncigdc","SeSAMe Methylation Beta Estimation","f8ef9dc6375573fc05fee47b70278d89f79a4cd7","Primary Tumor",NA,"TCGA-LD-A74U","TCGA-LD-A74U-01A"
"815a39e3-e3c5-4663-bcef-e35e8ac587ec","TXT","TCGA-OL-A6VO-01A-12D-A33F-05","open","ed06e7ad-ebde-44c5-8a16-2e35bba4426a.methylation_array.sesame.level3betas.txt","82e6e046-afab-405a-80e1-1fcca6ca39ad","DNA Methylation","methylation_beta_value","Illumina Human Methylation 450",13107057,"2023-07-14T13:41:31.139818-05:00","7ddfbbdcac62d153c92e20a55321f2a7","2023-07-18T10:25:58.302237-05:00","815a39e3-e3c5-4663-bcef-e35e8ac587ec","Methylation Beta Value","released","Methylation Array","2","38.0 - 45.0","TCGA-BRCA","b0d1f8d5-ee9f-4a30-b425-e7ae9d77dd45","released","ed06e7ad-ebde-44c5-8a16-2e35bba4426a","quay.io/ncigdc","SeSAMe Methylation Beta Estimation","dc9467b78cf538a0430cd4027dc5092f77d47e20","Primary Tumor",NA,"TCGA-OL-A6VO","TCGA-OL-A6VO-01A"
"2f7dd73d-c22e-4714-a762-143a629eefe1","TXT","TCGA-D8-A3Z6-01A-11D-A23D-05","open","f189696b-9847-4047-9304-970ad35a407f.methylation_array.sesame.level3betas.txt","bde17307-48e3-4ca4-896c-16e201247039","DNA Methylation","methylation_beta_value","Illumina Human Methylation 450",13140058,"2023-07-14T13:12:35.842380-05:00","df6a2407db3cd6abae13c8018e3ade11","2023-07-18T10:24:38.364469-05:00","2f7dd73d-c22e-4714-a762-143a629eefe1","Methylation Beta Value","released","Methylation Array","2","38.0 - 45.0","TCGA-BRCA","a60b46fc-2310-4631-8642-1039a06f2285","released","f189696b-9847-4047-9304-970ad35a407f","quay.io/ncigdc","SeSAMe Methylation Beta Estimation","f8ef9dc6375573fc05fee47b70278d89f79a4cd7","Primary Tumor",NA,"TCGA-D8-A3Z6","TCGA-D8-A3Z6-01A"
"dd26e41b-1309-466b-941c-4cb893b8d00b","TXT","TCGA-A7-A5ZX-01A-12D-A29O-05","open","298341da-0200-45c1-829c-019ee7ca128c.methylation_array.sesame.level3betas.txt","32b49914-7851-4166-9881-5869456f41bb","DNA Methylation","methylation_beta_value","Illumina Human Methylation 450",12843988,"2023-07-14T13:28:01.419358-05:00","0e84c2f9d05675e2875ab5d18e9b4325","2023-07-18T10:26:39.568215-05:00","dd26e41b-1309-466b-941c-4cb893b8d00b","Methylation Beta Value","released","Methylation Array","2","38.0 - 45.0","TCGA-BRCA","3434244e-d592-40b9-83b9-89f41c9c8ddb","released","298341da-0200-45c1-829c-019ee7ca128c","quay.io/ncigdc","SeSAMe Methylation Beta Estimation","dc9467b78cf538a0430cd4027dc5092f77d47e20","Primary Tumor",NA,"TCGA-A7-A5ZX","TCGA-A7-A5ZX-01A"
"07b1f3b5-9d0a-48f4-a149-642810ac7b4b","TXT","TCGA-EW-A1OX-01A-11D-A145-05","open","fca33add-450e-4263-b5e2-9172c6871a2b.methylation_array.sesame.level3betas.txt","a4b88524-60f8-4686-8d25-609a7264cb90","DNA Methylation","methylation_beta_value","Illumina Human Methylation 450",13203722,"2023-07-14T13:19:57.484475-05:00","1eb8a8b46820f929b9e86a4766d43bfe","2023-07-18T10:25:33.463808-05:00","07b1f3b5-9d0a-48f4-a149-642810ac7b4b","Methylation Beta Value","released","Methylation Array","2","38.0 - 45.0","TCGA-BRCA","dacf19b5-6fcc-4db6-874c-3d9a25a3bcc4","released","fca33add-450e-4263-b5e2-9172c6871a2b","quay.io/ncigdc","SeSAMe Methylation Beta Estimation","f8ef9dc6375573fc05fee47b70278d89f79a4cd7","Primary Tumor",NA,"TCGA-EW-A1OX","TCGA-EW-A1OX-01A"
"97d0c303-de03-4d63-8101-ff2f965d6728","TXT","TCGA-BH-A0E1-11A-13D-A10Q-05","open","d92fd6fe-e552-41fc-9cd3-22b659d95115.methylation_array.sesame.level3betas.txt","45adaeab-7ee2-455d-b3f8-1d7b5c832ff7","DNA Methylation","methylation_beta_value","Illumina Human Methylation 450",12921928,"2023-07-14T13:29:00.420584-05:00","0f0ad12bd194e0b119e9fd745b3ab9e0","2023-07-18T10:26:27.155911-05:00","97d0c303-de03-4d63-8101-ff2f965d6728","Methylation Beta Value","released","Methylation Array","2","38.0 - 45.0","TCGA-BRCA","cc4e2cb2-411c-4a4b-8a74-2aef4da6933f","released","d92fd6fe-e552-41fc-9cd3-22b659d95115","quay.io/ncigdc","SeSAMe Methylation Beta Estimation","dc9467b78cf538a0430cd4027dc5092f77d47e20","Solid Tissue Normal",NA,"TCGA-BH-A0E1","TCGA-BH-A0E1-11A"
"f0dcd42d-eb6c-4261-a40e-01c0c7a0bf48","TXT","TCGA-D8-A1J8-01A-11D-A13K-05","open","1e635971-2d16-4be0-bc3f-4ce6a48ee23f.methylation_array.sesame.level3betas.txt","77d14857-30b9-4d18-a67b-126e62d434e2","DNA Methylation","methylation_beta_value","Illumina Human Methylation 450",13169256,"2023-07-14T13:39:59.442035-05:00","28e0dd8539b0fcca0e2ea7c592051b3f","2023-07-18T10:27:21.180240-05:00","f0dcd42d-eb6c-4261-a40e-01c0c7a0bf48","Methylation Beta Value","released","Methylation Array","2","38.0 - 45.0","TCGA-BRCA","a2fcb0c9-24cf-4617-838d-7acc80460c17","released","1e635971-2d16-4be0-bc3f-4ce6a48ee23f","quay.io/ncigdc","SeSAMe Methylation Beta Estimation","dc9467b78cf538a0430cd4027dc5092f77d47e20","Primary Tumor",NA,"TCGA-D8-A1J8","TCGA-D8-A1J8-01A"
"92429740-69b5-4a7a-93dd-d34bdeb43b60","TXT","TCGA-GM-A4E0-01A-12D-A268-05","open","37fe9fe6-d961-490c-b2fb-13a313989629.methylation_array.sesame.level3betas.txt","29f906e1-bb2e-4849-9fa4-082c3a7f1f34","DNA Methylation","methylation_beta_value","Illumina Human Methylation 450",13056405,"2023-07-14T13:08:39.127585-05:00","2e7b445f72d51817b3bffceed1f137a3","2023-07-18T10:26:51.359441-05:00","92429740-69b5-4a7a-93dd-d34bdeb43b60","Methylation Beta Value","released","Methylation Array","2","38.0 - 45.0","TCGA-BRCA","597bb905-34ab-460d-932d-88fee153efab","released","37fe9fe6-d961-490c-b2fb-13a313989629","quay.io/ncigdc","SeSAMe Methylation Beta Estimation","f8ef9dc6375573fc05fee47b70278d89f79a4cd7","Primary Tumor",NA,"TCGA-GM-A4E0","TCGA-GM-A4E0-01A"
"6358f44a-3799-4dd5-b189-86b45a2ba46c","TXT","TCGA-E9-A22B-01A-11D-A161-05","open","0a8d531c-db3a-4752-9339-6ed531694305.methylation_array.sesame.level3betas.txt","7d3d9d7d-7b51-4f02-a159-449f9dd065fa","DNA Methylation","methylation_beta_value","Illumina Human Methylation 450",12828928,"2023-07-14T13:26:12.858009-05:00","cfbb66efd9cef7aa7aa1e51853e991f8","2023-07-18T10:26:02.440394-05:00","6358f44a-3799-4dd5-b189-86b45a2ba46c","Methylation Beta Value","released","Methylation Array","2","38.0 - 45.0","TCGA-BRCA","293efa1f-fa4b-4c6d-8dd8-f10664d9e25a","released","0a8d531c-db3a-4752-9339-6ed531694305","quay.io/ncigdc","SeSAMe Methylation Beta Estimation","f8ef9dc6375573fc05fee47b70278d89f79a4cd7","Primary Tumor",NA,"TCGA-E9-A22B","TCGA-E9-A22B-01A"
"74f6fd2f-4deb-41b0-b3da-78f9244afc1a","TXT","TCGA-BH-A1EV-11A-24D-A138-05","open","890e292c-3cad-49c3-8d81-28c37e0663c5.methylation_array.sesame.level3betas.txt","82ca3584-a1c9-42c2-b91d-0efbfbc0b90e","DNA Methylation","methylation_beta_value","Illumina Human Methylation 450",13108138,"2023-07-14T13:31:21.877825-05:00","9c4e0bba3a88ee0361fcd52e138bdb1c","2023-07-18T10:27:22.433986-05:00","74f6fd2f-4deb-41b0-b3da-78f9244afc1a","Methylation Beta Value","released","Methylation Array","2","38.0 - 45.0","TCGA-BRCA","65f76e5a-1491-406e-b352-4284206e2678","released","890e292c-3cad-49c3-8d81-28c37e0663c5","quay.io/ncigdc","SeSAMe Methylation Beta Estimation","dc9467b78cf538a0430cd4027dc5092f77d47e20","Solid Tissue Normal",NA,"TCGA-BH-A1EV","TCGA-BH-A1EV-11A"
"c5125add-abef-4269-8a1c-1675095cbbb5","TXT","TCGA-A2-A4S3-01A-21D-A268-05","open","572fe9f7-83af-4509-b9be-88974ba2af17.methylation_array.sesame.level3betas.txt","aa551ce5-7fce-4636-8cbe-4002a1b86590","DNA Methylation","methylation_beta_value","Illumina Human Methylation 450",12944520,"2023-07-14T13:25:11.908569-05:00","8f62ead294a3a1cbba071027ec329769","2023-07-18T10:24:40.055299-05:00","c5125add-abef-4269-8a1c-1675095cbbb5","Methylation Beta Value","released","Methylation Array","2","38.0 - 45.0","TCGA-BRCA","07db6405-4700-4b6e-b5d8-5f955325ee2b","released","572fe9f7-83af-4509-b9be-88974ba2af17","quay.io/ncigdc","SeSAMe Methylation Beta Estimation","f8ef9dc6375573fc05fee47b70278d89f79a4cd7","Primary Tumor",NA,"TCGA-A2-A4S3","TCGA-A2-A4S3-01A"
"1c73a4a8-f01c-4163-a66e-43f3b88a38c4","TXT","TCGA-AQ-A1H3-01A-31D-A13K-05","open","05f5cd04-968b-40f7-94a0-fc68042e4df7.methylation_array.sesame.level3betas.txt","7cfce7ee-a221-4f02-809b-2279b0c54eff","DNA Methylation","methylation_beta_value","Illumina Human Methylation 450",13165770,"2023-07-14T13:24:04.335327-05:00","9f186b1cc962460d4a94484264c4dcfc","2023-07-18T10:26:33.358553-05:00","1c73a4a8-f01c-4163-a66e-43f3b88a38c4","Methylation Beta Value","released","Methylation Array","2","38.0 - 45.0","TCGA-BRCA","d790a630-1096-44f2-a879-d354d5ab96c4","released","05f5cd04-968b-40f7-94a0-fc68042e4df7","quay.io/ncigdc","SeSAMe Methylation Beta Estimation","dc9467b78cf538a0430cd4027dc5092f77d47e20","Primary Tumor",NA,"TCGA-AQ-A1H3","TCGA-AQ-A1H3-01A"
"0825e23a-b362-41d6-995a-2d3ade722efb","TXT","TCGA-B6-A0RI-01A-11D-A10P-05","open","d01e4199-cab6-411b-8ef5-b5a443147c5f.methylation_array.sesame.level3betas.txt","6fb61836-7928-4c9f-8825-5c9c788348e7","DNA Methylation","methylation_beta_value","Illumina Human Methylation 450",12952689,"2023-07-14T13:33:09.096655-05:00","ccfadca4736b9af1e06cd7d3b5d616bb","2023-07-18T10:26:15.969061-05:00","0825e23a-b362-41d6-995a-2d3ade722efb","Methylation Beta Value","released","Methylation Array","2","38.0 - 45.0","TCGA-BRCA","adc86913-7e47-44ab-abaa-32af73fcb914","released","d01e4199-cab6-411b-8ef5-b5a443147c5f","quay.io/ncigdc","SeSAMe Methylation Beta Estimation","f8ef9dc6375573fc05fee47b70278d89f79a4cd7","Primary Tumor",NA,"TCGA-B6-A0RI","TCGA-B6-A0RI-01A"
"90b73832-6ca5-4afa-b995-fb9dea5c0441","TXT","TCGA-BH-A0BA-01A-11D-A10P-05","open","b6bdb313-058c-4d2a-bb4f-1b406b704ee4.methylation_array.sesame.level3betas.txt","8b42acf9-979f-442b-8e45-6bd6455d8b00","DNA Methylation","methylation_beta_value","Illumina Human Methylation 450",12940562,"2023-07-14T13:24:46.444310-05:00","74f0f0b75ea61132373792a1927cde6c","2023-07-18T10:27:10.285328-05:00","90b73832-6ca5-4afa-b995-fb9dea5c0441","Methylation Beta Value","released","Methylation Array","2","38.0 - 45.0","TCGA-BRCA","e8e50b22-ab1b-4685-b8a8-edad5c68bf3a","released","b6bdb313-058c-4d2a-bb4f-1b406b704ee4","quay.io/ncigdc","SeSAMe Methylation Beta Estimation","dc9467b78cf538a0430cd4027dc5092f77d47e20","Primary Tumor",NA,"TCGA-BH-A0BA","TCGA-BH-A0BA-01A"
"aea279ce-c811-4692-a14f-d056da66370b","TXT","TCGA-BH-A5IZ-01A-11D-A27Y-05","open","0b1718ae-d9e5-4e15-b571-1c47c3994597.methylation_array.sesame.level3betas.txt","cd2740ae-53eb-449e-af79-34fff278095d","DNA Methylation","methylation_beta_value","Illumina Human Methylation 450",13203670,"2023-07-14T13:19:43.011592-05:00","aefed5917997796e4801544ef3a043a3","2023-07-18T10:26:49.435877-05:00","aea279ce-c811-4692-a14f-d056da66370b","Methylation Beta Value","released","Methylation Array","2","38.0 - 45.0","TCGA-BRCA","ec75177e-9bd1-4b19-a432-4c1daabc7293","released","0b1718ae-d9e5-4e15-b571-1c47c3994597","quay.io/ncigdc","SeSAMe Methylation Beta Estimation","f8ef9dc6375573fc05fee47b70278d89f79a4cd7","Primary Tumor",NA,"TCGA-BH-A5IZ","TCGA-BH-A5IZ-01A"
"c6821b73-19a3-467e-8ebf-d88116a0856c","TXT","TCGA-A2-A3XU-01A-12D-A230-05","open","d1c5f7b0-058f-42de-9d5c-ee6ef9c1065e.methylation_array.sesame.level3betas.txt","983d8e3f-d52c-47c3-9599-d7f2e56e03a8","DNA Methylation","methylation_beta_value","Illumina Human Methylation 450",13165218,"2023-07-14T13:29:06.098958-05:00","da7d3232f075b5cad5fe8efe806970cb","2023-07-18T10:24:37.124289-05:00","c6821b73-19a3-467e-8ebf-d88116a0856c","Methylation Beta Value","released","Methylation Array","2","38.0 - 45.0","TCGA-BRCA","28874469-bbbe-4954-a443-518731ab2af8","released","d1c5f7b0-058f-42de-9d5c-ee6ef9c1065e","quay.io/ncigdc","SeSAMe Methylation Beta Estimation","f8ef9dc6375573fc05fee47b70278d89f79a4cd7","Primary Tumor",NA,"TCGA-A2-A3XU","TCGA-A2-A3XU-01A"
"52935ae8-caf9-4b80-958f-6d18cc234993","TXT","TCGA-E9-A54X-01A-11D-A268-05","open","3a1e1cf4-c3f4-463a-87fe-fd6551d5ab47.methylation_array.sesame.level3betas.txt","019ab326-b752-4a1a-a52a-4482a7e87bd2","DNA Methylation","methylation_beta_value","Illumina Human Methylation 450",13010970,"2023-07-14T13:20:35.285889-05:00","30662a2fd2574dcb9c8e7cfa2cf41fae","2023-07-18T10:26:03.283478-05:00","52935ae8-caf9-4b80-958f-6d18cc234993","Methylation Beta Value","released","Methylation Array","2","38.0 - 45.0","TCGA-BRCA","1a40c31c-6a45-4ca5-aa90-0ef3dca7871d","released","3a1e1cf4-c3f4-463a-87fe-fd6551d5ab47","quay.io/ncigdc","SeSAMe Methylation Beta Estimation","9e258094ac9d4febe3721ceba25c1b8dbd1a27f8","Primary Tumor",NA,"TCGA-E9-A54X","TCGA-E9-A54X-01A"
"7cd37ea2-7c89-4c3e-8602-e8341eb40512","TXT","TCGA-AN-A0XT-01A-11D-A10A-05","open","a2e0c4fb-f7fc-4b8c-95b0-71360b5f71e6.methylation_array.sesame.level3betas.txt","30c00158-bdc0-44b8-8f9e-a2597271d7c9","DNA Methylation","methylation_beta_value","Illumina Human Methylation 450",12991076,"2023-07-14T13:17:39.902746-05:00","76fcfcd8264137a60b7238870ba4bb32","2023-07-18T10:27:14.214008-05:00","7cd37ea2-7c89-4c3e-8602-e8341eb40512","Methylation Beta Value","released","Methylation Array","2","38.0 - 45.0","TCGA-BRCA","df9eb46f-2084-4baa-afde-630ae34c94b4","released","a2e0c4fb-f7fc-4b8c-95b0-71360b5f71e6","quay.io/ncigdc","SeSAMe Methylation Beta Estimation","dc9467b78cf538a0430cd4027dc5092f77d47e20","Primary Tumor",NA,"TCGA-AN-A0XT","TCGA-AN-A0XT-01A"
"5a5398ae-c250-409e-b70a-cdb6d6c81858","TXT","TCGA-D8-A1JM-01A-11D-A13K-05","open","eb635ff6-b86d-42b7-af72-8db8d37d8097.methylation_array.sesame.level3betas.txt","cef5c923-282d-47a0-b9b5-b46fe6517252","DNA Methylation","methylation_beta_value","Illumina Human Methylation 450",13152683,"2023-07-14T13:32:50.133702-05:00","2ef428a169235b3a379ca724982a72ae","2023-07-18T10:26:46.962461-05:00","5a5398ae-c250-409e-b70a-cdb6d6c81858","Methylation Beta Value","released","Methylation Array","2","38.0 - 45.0","TCGA-BRCA","8495a135-0581-44f6-8fe9-672e489f2156","released","eb635ff6-b86d-42b7-af72-8db8d37d8097","quay.io/ncigdc","SeSAMe Methylation Beta Estimation","dc9467b78cf538a0430cd4027dc5092f77d47e20","Primary Tumor",NA,"TCGA-D8-A1JM","TCGA-D8-A1JM-01A"
"ef9aba07-4d4d-4f17-a721-66946ee8f7c2","TXT","TCGA-AC-A2B8-01A-11D-A17F-05","open","1e1f6835-3408-4778-b66d-1d4e9a4e0ec6.methylation_array.sesame.level3betas.txt","4f27ed5e-1445-4710-b7c5-7890dc079b96","DNA Methylation","methylation_beta_value","Illumina Human Methylation 450",13016976,"2023-07-14T13:28:14.655764-05:00","c654e434c8bbbcbed73def5363a82943","2023-07-18T10:25:25.476770-05:00","ef9aba07-4d4d-4f17-a721-66946ee8f7c2","Methylation Beta Value","released","Methylation Array","2","38.0 - 45.0","TCGA-BRCA","9be64880-2af1-4733-9b88-36444a2463d9","released","1e1f6835-3408-4778-b66d-1d4e9a4e0ec6","quay.io/ncigdc","SeSAMe Methylation Beta Estimation","f8ef9dc6375573fc05fee47b70278d89f79a4cd7","Primary Tumor",NA,"TCGA-AC-A2B8","TCGA-AC-A2B8-01A"
"e6f532a2-908c-47ef-a8f5-4f1e7ae958c3","TXT","TCGA-AC-A62Y-01A-11D-A29O-05","open","64daa0f5-512a-4559-9efb-24c70c51e32c.methylation_array.sesame.level3betas.txt","24eb3f38-39a8-4dca-9ede-0b42abbb524d","DNA Methylation","methylation_beta_value","Illumina Human Methylation 450",13110114,"2023-07-14T13:26:36.519319-05:00","84a9fbb945c67f6fa11bacea63f1d0e3","2023-07-18T10:26:41.241622-05:00","e6f532a2-908c-47ef-a8f5-4f1e7ae958c3","Methylation Beta Value","released","Methylation Array","2","38.0 - 45.0","TCGA-BRCA","268bf21c-31fe-4d57-8476-0a4d0fa6da5d","released","64daa0f5-512a-4559-9efb-24c70c51e32c","quay.io/ncigdc","SeSAMe Methylation Beta Estimation","dc9467b78cf538a0430cd4027dc5092f77d47e20","Primary Tumor",NA,"TCGA-AC-A62Y","TCGA-AC-A62Y-01A"
"674f5b42-cf87-42a1-ab56-47adb158f615","TXT","TCGA-AO-A03U-01B-21D-A10N-05","open","ca6feb7c-3c36-47c2-a6d7-86a7ccabd570.methylation_array.sesame.level3betas.txt","dae0c28b-1ed8-479c-82ce-02bd1bca1b00","DNA Methylation","methylation_beta_value","Illumina Human Methylation 450",12993202,"2023-07-14T13:46:20.568930-05:00","ddec444889d52d93143db2da1d3b3a4d","2023-07-18T10:25:29.177382-05:00","674f5b42-cf87-42a1-ab56-47adb158f615","Methylation Beta Value","released","Methylation Array","2","38.0 - 45.0","TCGA-BRCA","46626b98-2ea2-4076-99fa-907163cc18c0","released","ca6feb7c-3c36-47c2-a6d7-86a7ccabd570","quay.io/ncigdc","SeSAMe Methylation Beta Estimation","f8ef9dc6375573fc05fee47b70278d89f79a4cd7","Primary Tumor",NA,"TCGA-AO-A03U","TCGA-AO-A03U-01B"
"3d24acb3-1652-416b-94a4-8fc8e50fa78f","TXT","TCGA-BH-A1EY-01A-11D-A13K-05","open","2b3c625e-d097-4e17-86dd-3e2d139cf107.methylation_array.sesame.level3betas.txt","af487572-be68-4e1c-8879-1b07df3118a1","DNA Methylation","methylation_beta_value","Illumina Human Methylation 450",13070821,"2023-07-14T13:23:56.654875-05:00","32b218859c2fef52006c61798dbc4d34","2023-07-18T10:26:08.087794-05:00","3d24acb3-1652-416b-94a4-8fc8e50fa78f","Methylation Beta Value","released","Methylation Array","2","38.0 - 45.0","TCGA-BRCA","8d25a42e-df3c-426d-b971-a27704dc3cd7","released","2b3c625e-d097-4e17-86dd-3e2d139cf107","quay.io/ncigdc","SeSAMe Methylation Beta Estimation","f8ef9dc6375573fc05fee47b70278d89f79a4cd7","Primary Tumor",NA,"TCGA-BH-A1EY","TCGA-BH-A1EY-01A"
"f23acea7-8fa8-4e32-bd3d-49a470b6602f","TXT","TCGA-A2-A0YC-01A-11D-A10A-05","open","ddb2c205-9033-4988-bcd6-da3f9e784028.methylation_array.sesame.level3betas.txt","255d991a-b27c-4412-b18b-3a6d2f232474","DNA Methylation","methylation_beta_value","Illumina Human Methylation 450",12993934,"2023-07-14T13:41:06.975338-05:00","325e73415a3bbb548e0f6ad5f03a30ed","2023-07-18T10:25:31.137450-05:00","f23acea7-8fa8-4e32-bd3d-49a470b6602f","Methylation Beta Value","released","Methylation Array","2","38.0 - 45.0","TCGA-BRCA","e019bcb7-fdf8-4733-b804-1befb4417948","released","ddb2c205-9033-4988-bcd6-da3f9e784028","quay.io/ncigdc","SeSAMe Methylation Beta Estimation","f8ef9dc6375573fc05fee47b70278d89f79a4cd7","Primary Tumor",NA,"TCGA-A2-A0YC","TCGA-A2-A0YC-01A"
"17192c3d-8be3-4694-b0e9-0214cb8d3ebd","TXT","TCGA-BH-A0W4-01A-11D-A10A-05","open","0dcf8668-dfc5-4113-a170-307821ac9c03.methylation_array.sesame.level3betas.txt","0d82c690-a763-47b3-8843-4d95690cb021","DNA Methylation","methylation_beta_value","Illumina Human Methylation 450",12954386,"2023-07-14T13:21:53.127536-05:00","55229fc0d6c51ecc0224cd87c107d203","2023-07-18T10:25:37.916621-05:00","17192c3d-8be3-4694-b0e9-0214cb8d3ebd","Methylation Beta Value","released","Methylation Array","2","38.0 - 45.0","TCGA-BRCA","471307ec-c9c4-4888-aaa4-5a1c3fa0a17c","released","0dcf8668-dfc5-4113-a170-307821ac9c03","quay.io/ncigdc","SeSAMe Methylation Beta Estimation","9e258094ac9d4febe3721ceba25c1b8dbd1a27f8","Primary Tumor",NA,"TCGA-BH-A0W4","TCGA-BH-A0W4-01A"
"20f7c226-3257-48f0-b86f-cee6409c8a3f","TXT","TCGA-JL-A3YW-01A-12D-A23D-05","open","a7c44b33-790c-4263-bc92-c4b0e223f7e0.methylation_array.sesame.level3betas.txt","74848988-7b02-4df7-9810-b3be37288c1a","DNA Methylation","methylation_beta_value","Illumina Human Methylation 450",13041808,"2023-07-14T13:34:09.572118-05:00","513683a99e8e73086b414dbe0d785fe5","2023-07-18T10:26:00.998669-05:00","20f7c226-3257-48f0-b86f-cee6409c8a3f","Methylation Beta Value","released","Methylation Array","2","38.0 - 45.0","TCGA-BRCA","f2c33cfa-3bed-406f-b770-7a541a6af364","released","a7c44b33-790c-4263-bc92-c4b0e223f7e0","quay.io/ncigdc","SeSAMe Methylation Beta Estimation","dc9467b78cf538a0430cd4027dc5092f77d47e20","Primary Tumor",NA,"TCGA-JL-A3YW","TCGA-JL-A3YW-01A"
"35c38026-5876-4c28-8433-cd03134841fc","TXT","TCGA-BH-A204-11A-53D-A161-05","open","6caaa059-b401-4e52-9b15-1a32d37132da.methylation_array.sesame.level3betas.txt","e2787d1b-21ce-40a7-b93d-b6b41428e38a","DNA Methylation","methylation_beta_value","Illumina Human Methylation 450",12961556,"2023-07-14T13:44:32.226490-05:00","b728164e363b273a2f12d9ff6122fffa","2023-07-18T10:27:22.022471-05:00","35c38026-5876-4c28-8433-cd03134841fc","Methylation Beta Value","released","Methylation Array","2","38.0 - 45.0","TCGA-BRCA","d8384437-fe12-4dc9-8c57-6c686ee786f0","released","6caaa059-b401-4e52-9b15-1a32d37132da","quay.io/ncigdc","SeSAMe Methylation Beta Estimation","dc9467b78cf538a0430cd4027dc5092f77d47e20","Solid Tissue Normal",NA,"TCGA-BH-A204","TCGA-BH-A204-11A"
"0d158e1c-6d1e-49ee-9d84-29dee3cda584","TXT","TCGA-LL-A7SZ-01A-32D-A357-05","open","c338bd02-dca8-4d3a-9989-23ad908ddf80.methylation_array.sesame.level3betas.txt","af569a16-2a9a-4a19-ae0f-44952d902e27","DNA Methylation","methylation_beta_value","Illumina Human Methylation 450",13039236,"2023-07-14T13:13:57.310549-05:00","14e885041cb1477460efb732c19027d6","2023-07-18T10:26:28.373326-05:00","0d158e1c-6d1e-49ee-9d84-29dee3cda584","Methylation Beta Value","released","Methylation Array","2","38.0 - 45.0","TCGA-BRCA","9969fa97-6818-44f9-9a9d-a6d5c2c8aa12","released","c338bd02-dca8-4d3a-9989-23ad908ddf80","quay.io/ncigdc","SeSAMe Methylation Beta Estimation","dc9467b78cf538a0430cd4027dc5092f77d47e20","Primary Tumor",NA,"TCGA-LL-A7SZ","TCGA-LL-A7SZ-01A"
"76eccdbe-cbc7-4b03-a2cf-8ca852a431b6","TXT","TCGA-D8-A1XZ-01A-11D-A14N-05","open","6ccf1214-56c1-4546-b0f5-bd2e3ad79e63.methylation_array.sesame.level3betas.txt","5201d74b-eec1-4242-9c11-22b88147dbed","DNA Methylation","methylation_beta_value","Illumina Human Methylation 450",13070349,"2023-07-14T13:40:19.398520-05:00","95646c5bb59c43573e84a7471748b6ab","2023-07-18T10:26:50.091521-05:00","76eccdbe-cbc7-4b03-a2cf-8ca852a431b6","Methylation Beta Value","released","Methylation Array","2","38.0 - 45.0","TCGA-BRCA","a67bb187-f4ba-4e7f-aa64-0887aadaecf2","released","6ccf1214-56c1-4546-b0f5-bd2e3ad79e63","quay.io/ncigdc","SeSAMe Methylation Beta Estimation","dc9467b78cf538a0430cd4027dc5092f77d47e20","Primary Tumor",NA,"TCGA-D8-A1XZ","TCGA-D8-A1XZ-01A"
"9b48ba82-a4b0-43d5-9536-03fedf03f566","TXT","TCGA-A7-A13F-11A-42D-A12R-05","open","fb16474e-6a09-4d42-8bdc-76dfd17b1247.methylation_array.sesame.level3betas.txt","b4f3be7b-2752-4c48-b83e-9e8eb13f39d9","DNA Methylation","methylation_beta_value","Illumina Human Methylation 450",13104393,"2023-07-14T13:41:57.738093-05:00","d628f4e75088e0502617097efc28b1d8","2023-07-18T10:25:19.581980-05:00","9b48ba82-a4b0-43d5-9536-03fedf03f566","Methylation Beta Value","released","Methylation Array","2","38.0 - 45.0","TCGA-BRCA","8962f283-eac1-4477-8ef3-18eee3ee2877","released","fb16474e-6a09-4d42-8bdc-76dfd17b1247","quay.io/ncigdc","SeSAMe Methylation Beta Estimation","9e258094ac9d4febe3721ceba25c1b8dbd1a27f8","Solid Tissue Normal",NA,"TCGA-A7-A13F","TCGA-A7-A13F-11A"
"3336e278-ee75-4dd7-b08b-bbefba5480de","TXT","TCGA-A2-A3XY-01A-11D-A23D-05","open","286631c9-2577-4ad7-879b-d147ac60cb1d.methylation_array.sesame.level3betas.txt","40d08219-1e56-4939-ace5-0a43b4ea4332","DNA Methylation","methylation_beta_value","Illumina Human Methylation 450",13119304,"2023-07-14T13:28:51.138422-05:00","baf2faa87110149d84fa673ed578eca2","2023-07-18T10:26:53.721638-05:00","3336e278-ee75-4dd7-b08b-bbefba5480de","Methylation Beta Value","released","Methylation Array","2","38.0 - 45.0","TCGA-BRCA","0dd749d5-7af2-4492-8044-4199086b7007","released","286631c9-2577-4ad7-879b-d147ac60cb1d","quay.io/ncigdc","SeSAMe Methylation Beta Estimation","f8ef9dc6375573fc05fee47b70278d89f79a4cd7","Primary Tumor",NA,"TCGA-A2-A3XY","TCGA-A2-A3XY-01A"
"026df2f0-8d48-4ca5-b9c1-bd93bd7eae70","TXT","TCGA-B6-A0RN-01A-12D-A10P-05","open","037e15a9-7a8c-4356-b2bd-20407eb5d9a1.methylation_array.sesame.level3betas.txt","6a5f629a-d20f-4c68-a6d8-9759ed8d5520","DNA Methylation","methylation_beta_value","Illumina Human Methylation 450",12959055,"2023-07-14T13:22:55.519137-05:00","afe30f5d228eedcc3d759ea4e3b01f72","2023-07-18T10:27:20.202353-05:00","026df2f0-8d48-4ca5-b9c1-bd93bd7eae70","Methylation Beta Value","released","Methylation Array","2","38.0 - 45.0","TCGA-BRCA","e7b48260-4ca4-4808-8389-44346a366320","released","037e15a9-7a8c-4356-b2bd-20407eb5d9a1","quay.io/ncigdc","SeSAMe Methylation Beta Estimation","dc9467b78cf538a0430cd4027dc5092f77d47e20","Primary Tumor",NA,"TCGA-B6-A0RN","TCGA-B6-A0RN-01A"
"298bc93c-2450-42f1-a841-2a5daf4511e4","TXT","TCGA-BH-A0H7-01A-13D-A10P-05","open","c2e6dfe1-4142-4143-be68-daabf8f8ff70.methylation_array.sesame.level3betas.txt","39e4f7b8-4004-4247-b2f5-986a341096ee","DNA Methylation","methylation_beta_value","Illumina Human Methylation 450",12856786,"2023-07-14T13:36:59.636768-05:00","1e0502b14064ebf257cfce982fa3a443","2023-07-18T10:26:24.135555-05:00","298bc93c-2450-42f1-a841-2a5daf4511e4","Methylation Beta Value","released","Methylation Array","2","38.0 - 45.0","TCGA-BRCA","a6d12ced-205d-4678-b14b-a0f35b93514c","released","c2e6dfe1-4142-4143-be68-daabf8f8ff70","quay.io/ncigdc","SeSAMe Methylation Beta Estimation","dc9467b78cf538a0430cd4027dc5092f77d47e20","Primary Tumor",NA,"TCGA-BH-A0H7","TCGA-BH-A0H7-01A"
"a35cedc9-d39f-4859-aab7-15b3e1bb3393","TXT","TCGA-BH-A0H7-11A-13D-A10Q-05","open","2fbf3caa-185e-4bfd-8970-22e89ec35e3b.methylation_array.sesame.level3betas.txt","ad49a58f-eef5-4d62-9db1-3c9d969c4807","DNA Methylation","methylation_beta_value","Illumina Human Methylation 450",12729509,"2023-07-14T13:29:20.209249-05:00","ffc999751e302c26331f2e7d2badbe04","2023-07-18T10:26:09.089759-05:00","a35cedc9-d39f-4859-aab7-15b3e1bb3393","Methylation Beta Value","released","Methylation Array","2","38.0 - 45.0","TCGA-BRCA","57a28a32-872e-46d6-a207-112249294e63","released","2fbf3caa-185e-4bfd-8970-22e89ec35e3b","quay.io/ncigdc","SeSAMe Methylation Beta Estimation","f8ef9dc6375573fc05fee47b70278d89f79a4cd7","Solid Tissue Normal",NA,"TCGA-BH-A0H7","TCGA-BH-A0H7-11A"
"7accef28-ac89-4719-b6fb-27f1c3a6ce85","TXT","TCGA-A2-A3KC-01A-11D-A212-05","open","a7859ec5-383d-4187-8da4-709a4bb84f0a.methylation_array.sesame.level3betas.txt","dea36bf8-0358-4618-bee6-79eaf6f73233","DNA Methylation","methylation_beta_value","Illumina Human Methylation 450",13105823,"2023-07-14T13:23:24.800417-05:00","da05fda4d9c39f68771f5a7abe42440c","2023-07-18T10:25:27.674286-05:00","7accef28-ac89-4719-b6fb-27f1c3a6ce85","Methylation Beta Value","released","Methylation Array","2","38.0 - 45.0","TCGA-BRCA","1350f738-4326-480a-b0d8-49829312e196","released","a7859ec5-383d-4187-8da4-709a4bb84f0a","quay.io/ncigdc","SeSAMe Methylation Beta Estimation","f8ef9dc6375573fc05fee47b70278d89f79a4cd7","Primary Tumor",NA,"TCGA-A2-A3KC","TCGA-A2-A3KC-01A"
"e8c18da8-cf88-42f5-9c26-84dd581cdb70","TXT","TCGA-BH-A1F0-11B-23D-A138-05","open","84301c42-0ea8-4af9-9aa9-5d42b26e0128.methylation_array.sesame.level3betas.txt","cc82f908-307a-4d8b-a78f-d43861d957a7","DNA Methylation","methylation_beta_value","Illumina Human Methylation 450",13060168,"2023-07-14T13:08:57.601948-05:00","19dc579343f281f06f6ce79156a9c580","2023-07-18T10:26:47.678486-05:00","e8c18da8-cf88-42f5-9c26-84dd581cdb70","Methylation Beta Value","released","Methylation Array","2","38.0 - 45.0","TCGA-BRCA","b1439943-0496-4499-8fc0-4862f350db06","released","84301c42-0ea8-4af9-9aa9-5d42b26e0128","quay.io/ncigdc","SeSAMe Methylation Beta Estimation","dc9467b78cf538a0430cd4027dc5092f77d47e20","Solid Tissue Normal",NA,"TCGA-BH-A1F0","TCGA-BH-A1F0-11B"
"a600a98f-4148-4a13-972b-e6bc0f9bfcfa","TXT","TCGA-E9-A1RE-01A-11D-A161-05","open","4a72f18b-44ba-48bf-8a8c-0b95dc31e289.methylation_array.sesame.level3betas.txt","0d6e2c43-f782-4ad3-ac9b-bebe744c7e54","DNA Methylation","methylation_beta_value","Illumina Human Methylation 450",13043979,"2023-07-14T13:34:51.715995-05:00","cd8331020f307f27a4f4d6323922f511","2023-07-18T10:27:10.666135-05:00","a600a98f-4148-4a13-972b-e6bc0f9bfcfa","Methylation Beta Value","released","Methylation Array","2","38.0 - 45.0","TCGA-BRCA","b044dfde-8263-412b-ab3b-3b2de9c166c5","released","4a72f18b-44ba-48bf-8a8c-0b95dc31e289","quay.io/ncigdc","SeSAMe Methylation Beta Estimation","f8ef9dc6375573fc05fee47b70278d89f79a4cd7","Primary Tumor",NA,"TCGA-E9-A1RE","TCGA-E9-A1RE-01A"
"69b0f1ca-c2a2-4360-87c3-f784cc5a5262","TXT","TCGA-BH-A0BT-01A-11D-A12R-05","open","027a2b99-2077-4d00-9086-c0f62941de5b.methylation_array.sesame.level3betas.txt","b2a8509f-97de-4414-a4d0-43afcd494bcc","DNA Methylation","methylation_beta_value","Illumina Human Methylation 450",12755786,"2023-07-14T13:37:06.838787-05:00","4440640c190dfe61eac1c6f634c637ea","2023-07-18T10:26:57.117756-05:00","69b0f1ca-c2a2-4360-87c3-f784cc5a5262","Methylation Beta Value","released","Methylation Array","2","38.0 - 45.0","TCGA-BRCA","ec13551f-2174-4352-be60-2c9dafaf608b","released","027a2b99-2077-4d00-9086-c0f62941de5b","quay.io/ncigdc","SeSAMe Methylation Beta Estimation","9e258094ac9d4febe3721ceba25c1b8dbd1a27f8","Primary Tumor",NA,"TCGA-BH-A0BT","TCGA-BH-A0BT-01A"
"d125a358-bee1-48d1-b68c-4b0f4935eb51","TXT","TCGA-OL-A66O-01A-11D-A31V-05","open","69386515-a496-4f1b-9ff9-4442c176a6bb.methylation_array.sesame.level3betas.txt","e39e5895-5b3c-48d6-be19-79fdf3c1f86c","DNA Methylation","methylation_beta_value","Illumina Human Methylation 450",12815108,"2023-07-14T13:08:13.249954-05:00","ee8278df1c557d8d27168cd147ac72cf","2023-07-18T10:26:36.001304-05:00","d125a358-bee1-48d1-b68c-4b0f4935eb51","Methylation Beta Value","released","Methylation Array","2","38.0 - 45.0","TCGA-BRCA","e20a5750-baaf-49ed-92a0-4c345f4c42f9","released","69386515-a496-4f1b-9ff9-4442c176a6bb","quay.io/ncigdc","SeSAMe Methylation Beta Estimation","f8ef9dc6375573fc05fee47b70278d89f79a4cd7","Primary Tumor",NA,"TCGA-OL-A66O","TCGA-OL-A66O-01A"
"663ec321-4ed7-473f-a074-a120db9f61ac","TXT","TCGA-BH-A0AZ-01A-21D-A12R-05","open","48d37f4a-c589-4c93-a97d-f748363eee48.methylation_array.sesame.level3betas.txt","ac4a8186-73ec-4c8e-a1cd-03f74bc31182","DNA Methylation","methylation_beta_value","Illumina Human Methylation 450",12955914,"2023-07-14T13:42:56.197309-05:00","14e5a13239ca404fb95428082b223ed7","2023-07-18T10:26:59.360476-05:00","663ec321-4ed7-473f-a074-a120db9f61ac","Methylation Beta Value","released","Methylation Array","2","38.0 - 45.0","TCGA-BRCA","35e206c6-0cbf-41ec-bf5c-17086b649fb9","released","48d37f4a-c589-4c93-a97d-f748363eee48","quay.io/ncigdc","SeSAMe Methylation Beta Estimation","9e258094ac9d4febe3721ceba25c1b8dbd1a27f8","Primary Tumor",NA,"TCGA-BH-A0AZ","TCGA-BH-A0AZ-01A"
"c8f90d82-46e0-419c-a186-183fe154160b","TXT","TCGA-BH-A0AZ-11A-22D-A12R-05","open","1cc8046a-b2c5-46a7-b2c5-8afea8f2c2df.methylation_array.sesame.level3betas.txt","1ce42b89-37cd-4d7f-871c-6a3f9bfa451e","DNA Methylation","methylation_beta_value","Illumina Human Methylation 450",13024154,"2023-07-14T13:39:42.954785-05:00","a908766185eda8253976d7fed7ea0a16","2023-07-18T10:26:04.475607-05:00","c8f90d82-46e0-419c-a186-183fe154160b","Methylation Beta Value","released","Methylation Array","2","38.0 - 45.0","TCGA-BRCA","5e359242-ea43-4175-a65a-0e484206bb69","released","1cc8046a-b2c5-46a7-b2c5-8afea8f2c2df","quay.io/ncigdc","SeSAMe Methylation Beta Estimation","9e258094ac9d4febe3721ceba25c1b8dbd1a27f8","Solid Tissue Normal",NA,"TCGA-BH-A0AZ","TCGA-BH-A0AZ-11A"
"7bc0b248-e034-4bf7-b268-d62ebeb9bd47","TXT","TCGA-B6-A409-01A-11D-A244-05","open","2043dbe4-f75c-4fdb-a693-4b4865d58ef4.methylation_array.sesame.level3betas.txt","464045d7-6312-44c5-a09f-cc1b2d7d2bd1","DNA Methylation","methylation_beta_value","Illumina Human Methylation 450",13177689,"2023-07-14T13:34:59.110121-05:00","b0bca4e0d6452a51a532d18e4318492d","2023-07-18T10:25:21.367002-05:00","7bc0b248-e034-4bf7-b268-d62ebeb9bd47","Methylation Beta Value","released","Methylation Array","2","38.0 - 45.0","TCGA-BRCA","765576a1-366c-4d2d-8181-63d051db78b1","released","2043dbe4-f75c-4fdb-a693-4b4865d58ef4","quay.io/ncigdc","SeSAMe Methylation Beta Estimation","f8ef9dc6375573fc05fee47b70278d89f79a4cd7","Primary Tumor",NA,"TCGA-B6-A409","TCGA-B6-A409-01A"
"472a49a4-8b5e-4933-8d5b-ecb4e1c9319e","TXT","TCGA-AO-A1KT-01A-11D-A13K-05","open","a7966f2f-56c7-4447-b3d4-fdfa815769aa.methylation_array.sesame.level3betas.txt","0864cc2c-9c40-4cdd-8e5d-e19ebae6ba69","DNA Methylation","methylation_beta_value","Illumina Human Methylation 450",13058535,"2023-07-14T13:44:26.867074-05:00","edc422d861a9a338f6fd3c0d36c9bb30","2023-07-18T10:26:07.805967-05:00","472a49a4-8b5e-4933-8d5b-ecb4e1c9319e","Methylation Beta Value","released","Methylation Array","2","38.0 - 45.0","TCGA-BRCA","1426a519-18f7-4449-ab72-f3fd50481081","released","a7966f2f-56c7-4447-b3d4-fdfa815769aa","quay.io/ncigdc","SeSAMe Methylation Beta Estimation","f8ef9dc6375573fc05fee47b70278d89f79a4cd7","Primary Tumor",NA,"TCGA-AO-A1KT","TCGA-AO-A1KT-01A"
"63f9b426-a19e-4c68-a834-eb72a6cdfd19","TXT","TCGA-A2-A0ST-01A-12D-A10P-05","open","4eb17d3a-706c-4455-9656-2f8929518052.methylation_array.sesame.level3betas.txt","157f4d04-5c6b-46e0-ad69-da294c761c69","DNA Methylation","methylation_beta_value","Illumina Human Methylation 450",13041783,"2023-07-14T13:46:26.020158-05:00","f9c5653db0fb63b5c0c6d69397e2cdc0","2023-07-18T10:26:04.620404-05:00","63f9b426-a19e-4c68-a834-eb72a6cdfd19","Methylation Beta Value","released","Methylation Array","2","38.0 - 45.0","TCGA-BRCA","60a56e35-aa48-4ebb-ac73-1dd96edb7821","released","4eb17d3a-706c-4455-9656-2f8929518052","quay.io/ncigdc","SeSAMe Methylation Beta Estimation","9e258094ac9d4febe3721ceba25c1b8dbd1a27f8","Primary Tumor",NA,"TCGA-A2-A0ST","TCGA-A2-A0ST-01A"
"524449f6-41c9-4606-b46c-0be1adc470b8","TXT","TCGA-A7-A0D9-11A-53D-A10Q-05","open","0aa79043-5944-4621-b1d9-b1f105b2a632.methylation_array.sesame.level3betas.txt","4b147a8b-eb67-450a-a64d-f5cc4bd9f815","DNA Methylation","methylation_beta_value","Illumina Human Methylation 450",12963830,"2023-07-14T13:12:46.384987-05:00","2782c74d628ef9615850d6e5e469e142","2023-07-18T10:24:39.779617-05:00","524449f6-41c9-4606-b46c-0be1adc470b8","Methylation Beta Value","released","Methylation Array","2","38.0 - 45.0","TCGA-BRCA","fe9c1c40-a6ed-4c55-a4c6-d29237d070eb","released","0aa79043-5944-4621-b1d9-b1f105b2a632","quay.io/ncigdc","SeSAMe Methylation Beta Estimation","dc9467b78cf538a0430cd4027dc5092f77d47e20","Solid Tissue Normal",NA,"TCGA-A7-A0D9","TCGA-A7-A0D9-11A"
"681a81fd-a7dc-4f23-9ae4-36dab0cf0dfb","TXT","TCGA-E2-A15K-01A-11D-A12R-05","open","2f134810-d528-4022-be06-556330726e63.methylation_array.sesame.level3betas.txt","f4c61125-d4c9-4ac8-89cc-83e76287101c","DNA Methylation","methylation_beta_value","Illumina Human Methylation 450",13045699,"2023-07-14T13:19:26.804503-05:00","3e1d41038edce6989224c131a774cc52","2023-07-18T10:25:35.739862-05:00","681a81fd-a7dc-4f23-9ae4-36dab0cf0dfb","Methylation Beta Value","released","Methylation Array","2","38.0 - 45.0","TCGA-BRCA","82b487be-a0fe-4409-890e-8b7f2b75d173","released","2f134810-d528-4022-be06-556330726e63","quay.io/ncigdc","SeSAMe Methylation Beta Estimation","f8ef9dc6375573fc05fee47b70278d89f79a4cd7","Primary Tumor",NA,"TCGA-E2-A15K","TCGA-E2-A15K-01A"
"a5c9b630-a533-4532-8ec3-1d53c8152a13","TXT","TCGA-E2-A15K-11A-13D-A12R-05","open","bdf099de-e38d-40c1-839f-bd48586b2261.methylation_array.sesame.level3betas.txt","2c982344-f970-4776-bac9-8a8555ede24e","DNA Methylation","methylation_beta_value","Illumina Human Methylation 450",12968989,"2023-07-14T13:46:00.867059-05:00","d2e138d90fb27f30869d781ad5034ad9","2023-07-18T10:24:46.585225-05:00","a5c9b630-a533-4532-8ec3-1d53c8152a13","Methylation Beta Value","released","Methylation Array","2","38.0 - 45.0","TCGA-BRCA","25b9442d-329f-4833-bb3a-6023182ee578","released","bdf099de-e38d-40c1-839f-bd48586b2261","quay.io/ncigdc","SeSAMe Methylation Beta Estimation","9e258094ac9d4febe3721ceba25c1b8dbd1a27f8","Solid Tissue Normal",NA,"TCGA-E2-A15K","TCGA-E2-A15K-11A"
"a2135418-33bb-4f0c-8d9f-7be52871f49e","TXT","TCGA-B6-A0X1-01A-11D-A10A-05","open","8c12a17a-74df-4637-9311-3bf095823839.methylation_array.sesame.level3betas.txt","02670095-2ad2-4e36-8370-b5fcd84d6046","DNA Methylation","methylation_beta_value","Illumina Human Methylation 450",12908838,"2023-07-14T13:09:13.801368-05:00","7b6aa80a7df112cc73ffbf09957aa03c","2023-07-18T10:27:29.399134-05:00","a2135418-33bb-4f0c-8d9f-7be52871f49e","Methylation Beta Value","released","Methylation Array","2","38.0 - 45.0","TCGA-BRCA","9ccbb73f-0fd4-4445-823c-7599a59e7458","released","8c12a17a-74df-4637-9311-3bf095823839","quay.io/ncigdc","SeSAMe Methylation Beta Estimation","dc9467b78cf538a0430cd4027dc5092f77d47e20","Primary Tumor",NA,"TCGA-B6-A0X1","TCGA-B6-A0X1-01A"
"01407edb-e665-4194-ade5-2bf7afdc36fa","TXT","TCGA-LD-A7W5-01A-22D-A357-05","open","d17a8837-f508-4e0f-a23d-be6cf99879b1.methylation_array.sesame.level3betas.txt","1bda4014-c88e-427f-b87b-bfef7c5ba827","DNA Methylation","methylation_beta_value","Illumina Human Methylation 450",13118730,"2023-07-14T13:24:30.039683-05:00","8f9f932303e95fcbdd4b36c966cd9b53","2023-07-18T10:25:54.229749-05:00","01407edb-e665-4194-ade5-2bf7afdc36fa","Methylation Beta Value","released","Methylation Array","2","38.0 - 45.0","TCGA-BRCA","b7983998-2a7d-4851-a8d1-ad86059b619c","released","d17a8837-f508-4e0f-a23d-be6cf99879b1","quay.io/ncigdc","SeSAMe Methylation Beta Estimation","9e258094ac9d4febe3721ceba25c1b8dbd1a27f8","Primary Tumor",NA,"TCGA-LD-A7W5","TCGA-LD-A7W5-01A"
"691c6403-83e8-4eb8-8abd-431689b499c6","TXT","TCGA-BH-A1EU-01A-11D-A138-05","open","1cd298de-5e22-4f5d-96e4-1847a74589f3.methylation_array.sesame.level3betas.txt","63ff18e0-c095-4255-9345-f98f56086f0a","DNA Methylation","methylation_beta_value","Illumina Human Methylation 450",12944216,"2023-07-14T13:17:19.239265-05:00","b517325d4a6ba464678726708127c035","2023-07-18T10:26:25.863034-05:00","691c6403-83e8-4eb8-8abd-431689b499c6","Methylation Beta Value","released","Methylation Array","2","38.0 - 45.0","TCGA-BRCA","35c7836a-44d5-48ef-abd1-ff96c18daccc","released","1cd298de-5e22-4f5d-96e4-1847a74589f3","quay.io/ncigdc","SeSAMe Methylation Beta Estimation","f8ef9dc6375573fc05fee47b70278d89f79a4cd7","Primary Tumor",NA,"TCGA-BH-A1EU","TCGA-BH-A1EU-01A"
"26699998-3249-4efa-9a7d-6519f3e376d8","TXT","TCGA-BH-A1EU-11A-23D-A138-05","open","af0f4de3-3835-4296-84ae-6273f2a9e4cd.methylation_array.sesame.level3betas.txt","2baf33f6-8152-4f8a-8cf4-7bcd2c176ef1","DNA Methylation","methylation_beta_value","Illumina Human Methylation 450",12924909,"2023-07-14T13:28:38.355676-05:00","86fef54717fcf2f27387bfe8f0be0227","2023-07-18T10:25:23.749498-05:00","26699998-3249-4efa-9a7d-6519f3e376d8","Methylation Beta Value","released","Methylation Array","2","38.0 - 45.0","TCGA-BRCA","c0ba29ac-88eb-4f5a-8dbe-bf8a90ccbd7c","released","af0f4de3-3835-4296-84ae-6273f2a9e4cd","quay.io/ncigdc","SeSAMe Methylation Beta Estimation","f8ef9dc6375573fc05fee47b70278d89f79a4cd7","Solid Tissue Normal",NA,"TCGA-BH-A1EU","TCGA-BH-A1EU-11A"
"cff80fe1-5473-4921-a0d1-85c1c9eb0c7d","TXT","TCGA-E9-A1NG-01A-21D-A14N-05","open","527ba7eb-302c-465b-8b18-cbe6ec705f8a.methylation_array.sesame.level3betas.txt","efc9d43a-51b6-4925-a37d-1b5c24ae45fb","DNA Methylation","methylation_beta_value","Illumina Human Methylation 450",13131437,"2023-07-14T13:29:29.236176-05:00","2f7cf7067c303f56f4bc8b1ed9d2e984","2023-07-18T10:27:16.542363-05:00","cff80fe1-5473-4921-a0d1-85c1c9eb0c7d","Methylation Beta Value","released","Methylation Array","2","38.0 - 45.0","TCGA-BRCA","962da598-720f-4908-b185-05d5e724801a","released","527ba7eb-302c-465b-8b18-cbe6ec705f8a","quay.io/ncigdc","SeSAMe Methylation Beta Estimation","dc9467b78cf538a0430cd4027dc5092f77d47e20","Primary Tumor",NA,"TCGA-E9-A1NG","TCGA-E9-A1NG-01A"
"d7a882d4-a935-4ed3-a997-9b3dbb6f4215","TXT","TCGA-C8-A8HP-01A-11D-A36K-05","open","592f7400-5ca5-4b4b-95ea-b2c776071c29.methylation_array.sesame.level3betas.txt","181cb3a3-ce59-4226-8d25-633a4a5ac8c7","DNA Methylation","methylation_beta_value","Illumina Human Methylation 450",13073632,"2023-07-14T13:14:57.614150-05:00","58c95e8eb79121f15548644d05662eef","2023-07-18T10:26:40.249299-05:00","d7a882d4-a935-4ed3-a997-9b3dbb6f4215","Methylation Beta Value","released","Methylation Array","2","38.0 - 45.0","TCGA-BRCA","2706d89b-b11b-4aa1-966f-52ff5bdd9431","released","592f7400-5ca5-4b4b-95ea-b2c776071c29","quay.io/ncigdc","SeSAMe Methylation Beta Estimation","dc9467b78cf538a0430cd4027dc5092f77d47e20","Primary Tumor",NA,"TCGA-C8-A8HP","TCGA-C8-A8HP-01A"
"7fd75413-78e9-4031-a356-d7542496f697","TXT","TCGA-BH-A0BJ-11A-23D-A10Q-05","open","ebb1f8ad-d428-49f9-a0e3-bdaeefe7e735.methylation_array.sesame.level3betas.txt","3eb97b69-411b-4475-87cb-575e66d86c53","DNA Methylation","methylation_beta_value","Illumina Human Methylation 450",12854391,"2023-07-14T13:09:31.674656-05:00","cad5b3d77db497becd735c49eb511095","2023-07-18T10:24:38.928244-05:00","7fd75413-78e9-4031-a356-d7542496f697","Methylation Beta Value","released","Methylation Array","2","38.0 - 45.0","TCGA-BRCA","8901b351-3713-4468-a2b2-e833dcc2abdc","released","ebb1f8ad-d428-49f9-a0e3-bdaeefe7e735","quay.io/ncigdc","SeSAMe Methylation Beta Estimation","f8ef9dc6375573fc05fee47b70278d89f79a4cd7","Solid Tissue Normal",NA,"TCGA-BH-A0BJ","TCGA-BH-A0BJ-11A"
"181d2b3d-996d-4360-a2ff-661a6415b388","TXT","TCGA-A7-A3J0-01A-11D-A212-05","open","8028e2b9-1cff-44fb-9ef8-a403cf338044.methylation_array.sesame.level3betas.txt","7c630ab8-387a-4aca-99e9-bb1b4269f383","DNA Methylation","methylation_beta_value","Illumina Human Methylation 450",13095981,"2023-07-14T13:20:10.691675-05:00","f2e2e6b34221718c05da6780e70adcd1","2023-07-18T10:26:31.225497-05:00","181d2b3d-996d-4360-a2ff-661a6415b388","Methylation Beta Value","released","Methylation Array","2","38.0 - 45.0","TCGA-BRCA","0edbc4d2-6013-4a59-aa6c-2991436d6dd8","released","8028e2b9-1cff-44fb-9ef8-a403cf338044","quay.io/ncigdc","SeSAMe Methylation Beta Estimation","dc9467b78cf538a0430cd4027dc5092f77d47e20","Primary Tumor",NA,"TCGA-A7-A3J0","TCGA-A7-A3J0-01A"
"b0393766-854d-41eb-80cc-08f584e25857","TXT","TCGA-A7-A4SE-01A-11D-A268-05","open","0ed0a7c8-5fc4-4771-939a-3cad6501e93c.methylation_array.sesame.level3betas.txt","652988dd-442a-4587-9d61-2abf2bb0263b","DNA Methylation","methylation_beta_value","Illumina Human Methylation 450",12850312,"2023-07-14T13:32:32.210674-05:00","9296d83c700a1a84afff7a7321e9058e","2023-07-18T10:26:50.655084-05:00","b0393766-854d-41eb-80cc-08f584e25857","Methylation Beta Value","released","Methylation Array","2","38.0 - 45.0","TCGA-BRCA","0ae8515d-2a03-4451-aba2-b5374fe2a6f9","released","0ed0a7c8-5fc4-4771-939a-3cad6501e93c","quay.io/ncigdc","SeSAMe Methylation Beta Estimation","dc9467b78cf538a0430cd4027dc5092f77d47e20","Primary Tumor",NA,"TCGA-A7-A4SE","TCGA-A7-A4SE-01A"
"83be00f0-f054-41bc-a8fa-f13628d3d6ab","TXT","TCGA-LD-A7W6-01A-81D-A357-05","open","f133d3fb-bddc-4a84-b48d-ef8597e8966d.methylation_array.sesame.level3betas.txt","d93791a9-78ff-45db-b5c5-20001e5aa518","DNA Methylation","methylation_beta_value","Illumina Human Methylation 450",13149029,"2023-07-14T13:28:29.191074-05:00","1de40008df98e3dd3d3fcd2306725777","2023-07-18T10:26:10.348238-05:00","83be00f0-f054-41bc-a8fa-f13628d3d6ab","Methylation Beta Value","released","Methylation Array","2","38.0 - 45.0","TCGA-BRCA","18ff4005-7b29-40e4-8c2f-d43a7659c1ef","released","f133d3fb-bddc-4a84-b48d-ef8597e8966d","quay.io/ncigdc","SeSAMe Methylation Beta Estimation","f8ef9dc6375573fc05fee47b70278d89f79a4cd7","Primary Tumor",NA,"TCGA-LD-A7W6","TCGA-LD-A7W6-01A"
"3283180e-8361-4971-b8af-3d449afd01e2","TXT","TCGA-BH-A0DG-11A-43D-A12R-05","open","79fea483-3b0a-4ae1-8917-263288975f08.methylation_array.sesame.level3betas.txt","9e291d13-d721-495c-a8ca-1a70471bf4af","DNA Methylation","methylation_beta_value","Illumina Human Methylation 450",13035794,"2023-07-14T13:35:39.460072-05:00","5f42d6c11fe7f33f66ab8c8dc7cd9fb0","2023-07-18T10:25:40.475034-05:00","3283180e-8361-4971-b8af-3d449afd01e2","Methylation Beta Value","released","Methylation Array","2","38.0 - 45.0","TCGA-BRCA","2d540613-b6d0-4354-9db6-275af3f060da","released","79fea483-3b0a-4ae1-8917-263288975f08","quay.io/ncigdc","SeSAMe Methylation Beta Estimation","f8ef9dc6375573fc05fee47b70278d89f79a4cd7","Solid Tissue Normal",NA,"TCGA-BH-A0DG","TCGA-BH-A0DG-11A"
"08045c64-5364-40d7-96a0-b06ac6f6de2d","TXT","TCGA-AR-A1AV-01A-21D-A12R-05","open","6344de52-dbbe-4bc0-9be2-5dde8a2eff94.methylation_array.sesame.level3betas.txt","8c616dd2-ccae-42a3-827e-72e27be5f10e","DNA Methylation","methylation_beta_value","Illumina Human Methylation 450",12690750,"2023-07-14T13:33:53.011354-05:00","b36c269b994c88dfe44e8c42f713e4ad","2023-07-18T10:25:17.462255-05:00","08045c64-5364-40d7-96a0-b06ac6f6de2d","Methylation Beta Value","released","Methylation Array","2","38.0 - 45.0","TCGA-BRCA","78a9ebda-dca4-4d3b-8597-2b15c4cd7728","released","6344de52-dbbe-4bc0-9be2-5dde8a2eff94","quay.io/ncigdc","SeSAMe Methylation Beta Estimation","9e258094ac9d4febe3721ceba25c1b8dbd1a27f8","Primary Tumor",NA,"TCGA-AR-A1AV","TCGA-AR-A1AV-01A"
"502f566b-dbe3-490d-9f56-f360c9a58d8f","TXT","TCGA-OL-A6VR-01A-32D-A33F-05","open","ea26ccdb-77ad-48ca-b84c-8849dde85a13.methylation_array.sesame.level3betas.txt","c1cf2f67-e5cb-47e2-839f-4753e3717f97","DNA Methylation","methylation_beta_value","Illumina Human Methylation 450",13019301,"2023-07-14T13:18:27.849352-05:00","2320c4672f997a1e7bcc717e144e20b1","2023-07-18T10:26:32.030437-05:00","502f566b-dbe3-490d-9f56-f360c9a58d8f","Methylation Beta Value","released","Methylation Array","2","38.0 - 45.0","TCGA-BRCA","3ca04a58-5568-4f89-b9b3-2028cc7fa75c","released","ea26ccdb-77ad-48ca-b84c-8849dde85a13","quay.io/ncigdc","SeSAMe Methylation Beta Estimation","f8ef9dc6375573fc05fee47b70278d89f79a4cd7","Primary Tumor",NA,"TCGA-OL-A6VR","TCGA-OL-A6VR-01A"
"40e18b08-eec7-4144-b4df-53faf46cb45d","TXT","TCGA-BH-A0DG-01A-21D-A12R-05","open","31803422-7ded-4651-ab38-652d5ff99cd3.methylation_array.sesame.level3betas.txt","796ab575-5069-42c3-a98d-ab21216a31c7","DNA Methylation","methylation_beta_value","Illumina Human Methylation 450",13025271,"2023-07-14T13:29:44.180305-05:00","dc0d6616547022532aac74b245232967","2023-07-18T10:26:08.827057-05:00","40e18b08-eec7-4144-b4df-53faf46cb45d","Methylation Beta Value","released","Methylation Array","2","38.0 - 45.0","TCGA-BRCA","3a317dcf-c5a1-4045-90cf-0af71cc43bda","released","31803422-7ded-4651-ab38-652d5ff99cd3","quay.io/ncigdc","SeSAMe Methylation Beta Estimation","f8ef9dc6375573fc05fee47b70278d89f79a4cd7","Primary Tumor",NA,"TCGA-BH-A0DG","TCGA-BH-A0DG-01A"
"41cbcad8-a9e0-41df-a913-1e09fc1362de","TXT","TCGA-BH-A0HB-01A-11D-A10P-05","open","994382a9-cee5-4bf5-bb2b-e6fe35c1a249.methylation_array.sesame.level3betas.txt","2547723d-cafd-4e5e-ae35-cc576abdaa6e","DNA Methylation","methylation_beta_value","Illumina Human Methylation 450",12946580,"2023-07-14T13:20:42.603634-05:00","2616deb4d889384f5c6ae418f64008f8","2023-07-18T10:26:08.673588-05:00","41cbcad8-a9e0-41df-a913-1e09fc1362de","Methylation Beta Value","released","Methylation Array","2","38.0 - 45.0","TCGA-BRCA","15036081-7e88-40a8-bed2-7ed76213acb9","released","994382a9-cee5-4bf5-bb2b-e6fe35c1a249","quay.io/ncigdc","SeSAMe Methylation Beta Estimation","9e258094ac9d4febe3721ceba25c1b8dbd1a27f8","Primary Tumor",NA,"TCGA-BH-A0HB","TCGA-BH-A0HB-01A"
"d48ed332-a716-46d7-a98a-a2a0ef94cc0b","TXT","TCGA-C8-A1HG-01A-11D-A138-05","open","8c0cdff1-94a5-4e14-a7ff-4ed660d13312.methylation_array.sesame.level3betas.txt","35021805-691b-42b9-8929-6bf41058b49e","DNA Methylation","methylation_beta_value","Illumina Human Methylation 450",12973464,"2023-07-14T13:23:15.802842-05:00","188e5ae51db872a4f71e3e542f3acdd9","2023-07-18T10:26:15.532231-05:00","d48ed332-a716-46d7-a98a-a2a0ef94cc0b","Methylation Beta Value","released","Methylation Array","2","38.0 - 45.0","TCGA-BRCA","70abcacd-6118-4245-99cf-40e8091448af","released","8c0cdff1-94a5-4e14-a7ff-4ed660d13312","quay.io/ncigdc","SeSAMe Methylation Beta Estimation","f8ef9dc6375573fc05fee47b70278d89f79a4cd7","Primary Tumor",NA,"TCGA-C8-A1HG","TCGA-C8-A1HG-01A"
"8663c4d7-b3a0-4fbb-998c-dc6f5dee5077","TXT","TCGA-C8-A1HF-01A-11D-A138-05","open","3497e098-b497-4424-ac9d-9d7f2248dee6.methylation_array.sesame.level3betas.txt","c82d7a25-4bca-432a-9fc3-88a55b324147","DNA Methylation","methylation_beta_value","Illumina Human Methylation 450",13087069,"2023-07-14T13:33:26.721971-05:00","3a2373f04476c97849fe11bc0961c17d","2023-07-18T10:26:58.390362-05:00","8663c4d7-b3a0-4fbb-998c-dc6f5dee5077","Methylation Beta Value","released","Methylation Array","2","38.0 - 45.0","TCGA-BRCA","a9230281-fe4b-4d79-801d-9a6922d51cbb","released","3497e098-b497-4424-ac9d-9d7f2248dee6","quay.io/ncigdc","SeSAMe Methylation Beta Estimation","dc9467b78cf538a0430cd4027dc5092f77d47e20","Primary Tumor",NA,"TCGA-C8-A1HF","TCGA-C8-A1HF-01A"
"844f581e-d803-4768-88ee-e53a73517e65","TXT","TCGA-EW-A1P7-01A-21D-A145-05","open","86505075-4a53-42fb-ad1f-47ca06e842a1.methylation_array.sesame.level3betas.txt","f10638a4-85df-434f-907a-779193da0b47","DNA Methylation","methylation_beta_value","Illumina Human Methylation 450",13193690,"2023-07-14T13:18:33.535098-05:00","d686ed20ed1ac3a81b16ce15f08a9e0d","2023-07-18T10:26:43.442589-05:00","844f581e-d803-4768-88ee-e53a73517e65","Methylation Beta Value","released","Methylation Array","2","38.0 - 45.0","TCGA-BRCA","7d39b64d-b487-482d-8e84-1575d547dd1e","released","86505075-4a53-42fb-ad1f-47ca06e842a1","quay.io/ncigdc","SeSAMe Methylation Beta Estimation","dc9467b78cf538a0430cd4027dc5092f77d47e20","Primary Tumor",NA,"TCGA-EW-A1P7","TCGA-EW-A1P7-01A"
"5f416e5c-940d-4bc1-a390-f1bd229f011e","TXT","TCGA-GM-A3NW-01A-21D-A22B-05","open","2a5654b8-468a-4c6d-b097-1e9cf8f433fc.methylation_array.sesame.level3betas.txt","bb04483e-f96c-448d-bc20-228fc4cc710b","DNA Methylation","methylation_beta_value","Illumina Human Methylation 450",13172503,"2023-07-14T13:13:33.355821-05:00","cb327678842b3eb8c68a39c4db06376e","2023-07-18T10:25:41.465737-05:00","5f416e5c-940d-4bc1-a390-f1bd229f011e","Methylation Beta Value","released","Methylation Array","2","38.0 - 45.0","TCGA-BRCA","1082db5e-306d-488d-a1c8-fcda5c1dbd49","released","2a5654b8-468a-4c6d-b097-1e9cf8f433fc","quay.io/ncigdc","SeSAMe Methylation Beta Estimation","f8ef9dc6375573fc05fee47b70278d89f79a4cd7","Primary Tumor",NA,"TCGA-GM-A3NW","TCGA-GM-A3NW-01A"
"5488bbab-527f-4a17-990e-f17df842e52c","TXT","TCGA-LL-A73Z-01A-11D-A32T-05","open","de25ea79-89b9-4090-bee5-df7b1cfb561b.methylation_array.sesame.level3betas.txt","e93d4233-06d2-478e-b4f8-03e3b447f58f","DNA Methylation","methylation_beta_value","Illumina Human Methylation 450",12647310,"2023-07-14T13:36:43.310271-05:00","4592e6ca20778638afd015f496ab6925","2023-07-18T10:25:59.258622-05:00","5488bbab-527f-4a17-990e-f17df842e52c","Methylation Beta Value","released","Methylation Array","2","38.0 - 45.0","TCGA-BRCA","3e4be0dc-6e74-4706-8688-c6e55b14e982","released","de25ea79-89b9-4090-bee5-df7b1cfb561b","quay.io/ncigdc","SeSAMe Methylation Beta Estimation","dc9467b78cf538a0430cd4027dc5092f77d47e20","Primary Tumor",NA,"TCGA-LL-A73Z","TCGA-LL-A73Z-01A"
"0e2b1ae9-cbde-4886-a29a-5e4bb21114f7","TXT","TCGA-HN-A2NL-01A-11D-A18O-05","open","09540818-bfca-4e13-9fdc-5ca56ed48423.methylation_array.sesame.level3betas.txt","b7aa45d7-e6fe-49a0-8ec9-9c5f3ef6e6ff","DNA Methylation","methylation_beta_value","Illumina Human Methylation 450",13195958,"2023-07-14T13:28:08.925419-05:00","6efc589880708576b85a5e7aba12227a","2023-07-18T10:26:10.213358-05:00","0e2b1ae9-cbde-4886-a29a-5e4bb21114f7","Methylation Beta Value","released","Methylation Array","2","38.0 - 45.0","TCGA-BRCA","481ba7da-c06a-4984-8306-29f05e9bfe08","released","09540818-bfca-4e13-9fdc-5ca56ed48423","quay.io/ncigdc","SeSAMe Methylation Beta Estimation","9e258094ac9d4febe3721ceba25c1b8dbd1a27f8","Primary Tumor",NA,"TCGA-HN-A2NL","TCGA-HN-A2NL-01A"
"6ddc403a-b5f3-4ed8-a1eb-40bf258319d8","TXT","TCGA-AR-A24O-01A-11D-A16A-05","open","4884d10c-f104-430d-bbca-871fb9c8e72b.methylation_array.sesame.level3betas.txt","c9d7b5ae-0859-4a82-a592-4ad480875c45","DNA Methylation","methylation_beta_value","Illumina Human Methylation 450",13182888,"2023-07-14T13:41:37.131833-05:00","454287c33c90f354b04eb36c4132f596","2023-07-18T10:26:55.582336-05:00","6ddc403a-b5f3-4ed8-a1eb-40bf258319d8","Methylation Beta Value","released","Methylation Array","2","38.0 - 45.0","TCGA-BRCA","21a7869f-a34c-4902-a37b-70e5b6f030fd","released","4884d10c-f104-430d-bbca-871fb9c8e72b","quay.io/ncigdc","SeSAMe Methylation Beta Estimation","f8ef9dc6375573fc05fee47b70278d89f79a4cd7","Primary Tumor",NA,"TCGA-AR-A24O","TCGA-AR-A24O-01A"
"6715f318-34ad-40ec-8ea4-06d356dddb1f","TXT","TCGA-AO-A0JB-01A-11D-A10P-05","open","a2ec99f2-4efb-4e01-b2d5-2605bfbb1c70.methylation_array.sesame.level3betas.txt","32a7d034-cdc3-43cb-8329-d005b71ccbc8","DNA Methylation","methylation_beta_value","Illumina Human Methylation 450",12904873,"2023-07-14T13:19:11.974349-05:00","aac372b807d19a3771938735fe8d9b69","2023-07-18T10:24:45.042517-05:00","6715f318-34ad-40ec-8ea4-06d356dddb1f","Methylation Beta Value","released","Methylation Array","2","38.0 - 45.0","TCGA-BRCA","8bb46e9f-9524-4fbf-9ec3-8a5b02afef43","released","a2ec99f2-4efb-4e01-b2d5-2605bfbb1c70","quay.io/ncigdc","SeSAMe Methylation Beta Estimation","9e258094ac9d4febe3721ceba25c1b8dbd1a27f8","Primary Tumor",NA,"TCGA-AO-A0JB","TCGA-AO-A0JB-01A"
"093dadb3-730a-400e-bdde-fd78324621ce","TXT","TCGA-BH-A1EY-11B-21D-A13T-05","open","eb34920a-abd0-4211-9893-378b32ff9716.methylation_array.sesame.level3betas.txt","227a53d0-88a6-4f47-9c57-ae7eef349abb","DNA Methylation","methylation_beta_value","Illumina Human Methylation 450",13160084,"2023-07-14T13:19:28.563944-05:00","aef698769125f0182431eb12874b5d58","2023-07-18T10:26:19.972780-05:00","093dadb3-730a-400e-bdde-fd78324621ce","Methylation Beta Value","released","Methylation Array","2","38.0 - 45.0","TCGA-BRCA","498dd896-6a2f-4753-827c-28df7f17be35","released","eb34920a-abd0-4211-9893-378b32ff9716","quay.io/ncigdc","SeSAMe Methylation Beta Estimation","9e258094ac9d4febe3721ceba25c1b8dbd1a27f8","Solid Tissue Normal",NA,"TCGA-BH-A1EY","TCGA-BH-A1EY-11B"
"e874a93a-2bf1-4ad3-ba9f-8a464bcc6f67","TXT","TCGA-GM-A2DB-01A-31D-A18O-05","open","8642bb42-11c0-498e-8dc6-e8dc2aef3328.methylation_array.sesame.level3betas.txt","13734da6-4e69-4451-ae04-ae5f4a81d92f","DNA Methylation","methylation_beta_value","Illumina Human Methylation 450",13163291,"2023-07-14T13:28:31.041051-05:00","28912f83ff21b71b87ca5049728c5ce2","2023-07-18T10:26:48.359443-05:00","e874a93a-2bf1-4ad3-ba9f-8a464bcc6f67","Methylation Beta Value","released","Methylation Array","2","38.0 - 45.0","TCGA-BRCA","896f5b82-d4e7-4d9a-bfd2-02f560ee506e","released","8642bb42-11c0-498e-8dc6-e8dc2aef3328","quay.io/ncigdc","SeSAMe Methylation Beta Estimation","f8ef9dc6375573fc05fee47b70278d89f79a4cd7","Primary Tumor",NA,"TCGA-GM-A2DB","TCGA-GM-A2DB-01A"
"00640589-db82-485f-aec9-8ffde073fb42","TXT","TCGA-AR-A5QN-01A-12D-A28C-05","open","8d1313bd-dd32-4020-b7d1-60f6fa40dc5b.methylation_array.sesame.level3betas.txt","ac3946ec-d63a-438c-aa10-9e9c641d55ac","DNA Methylation","methylation_beta_value","Illumina Human Methylation 450",13098018,"2023-07-14T13:22:34.470127-05:00","58177ae76b97390e50dc884583e6338f","2023-07-18T10:27:18.499473-05:00","00640589-db82-485f-aec9-8ffde073fb42","Methylation Beta Value","released","Methylation Array","2","38.0 - 45.0","TCGA-BRCA","bd943dc2-319a-4fca-a12b-18cb0c2a772a","released","8d1313bd-dd32-4020-b7d1-60f6fa40dc5b","quay.io/ncigdc","SeSAMe Methylation Beta Estimation","dc9467b78cf538a0430cd4027dc5092f77d47e20","Primary Tumor",NA,"TCGA-AR-A5QN","TCGA-AR-A5QN-01A"
"9700940b-d8a8-4bc1-99e7-40cbc9fbb004","TXT","TCGA-AN-A0XU-01A-11D-A10A-05","open","7ffd3336-2d36-4eec-a8ef-0c4b81e024d6.methylation_array.sesame.level3betas.txt","fce9b027-a03b-4b77-a024-7576ba97334c","DNA Methylation","methylation_beta_value","Illumina Human Methylation 450",12961635,"2023-07-14T13:26:19.908020-05:00","47d8cc5723926c83b8325ef1218adc5d","2023-07-18T10:26:27.296931-05:00","9700940b-d8a8-4bc1-99e7-40cbc9fbb004","Methylation Beta Value","released","Methylation Array","2","38.0 - 45.0","TCGA-BRCA","e16390f6-7510-4e49-bca1-0d5a89f336dc","released","7ffd3336-2d36-4eec-a8ef-0c4b81e024d6","quay.io/ncigdc","SeSAMe Methylation Beta Estimation","dc9467b78cf538a0430cd4027dc5092f77d47e20","Primary Tumor",NA,"TCGA-AN-A0XU","TCGA-AN-A0XU-01A"
"bb3770ad-170a-48aa-b149-ad7a59939741","TXT","TCGA-A2-A0T6-01A-11D-A10P-05","open","4db079e5-e123-4eae-a320-537c59b1863e.methylation_array.sesame.level3betas.txt","5d209b3c-435b-4644-be52-050531bca210","DNA Methylation","methylation_beta_value","Illumina Human Methylation 450",13016193,"2023-07-14T13:30:09.697130-05:00","c00c156242f0340d9365df9c9a49b42c","2023-07-18T10:24:42.498904-05:00","bb3770ad-170a-48aa-b149-ad7a59939741","Methylation Beta Value","released","Methylation Array","2","38.0 - 45.0","TCGA-BRCA","2a4d9747-9dd3-4a5d-a03e-225d47297189","released","4db079e5-e123-4eae-a320-537c59b1863e","quay.io/ncigdc","SeSAMe Methylation Beta Estimation","9e258094ac9d4febe3721ceba25c1b8dbd1a27f8","Primary Tumor",NA,"TCGA-A2-A0T6","TCGA-A2-A0T6-01A"
"cc0e2144-c179-4b62-bcc6-4feb59b5a49c","TXT","TCGA-BH-A204-01A-11D-A161-05","open","fde09dcc-1cc0-4862-a19e-d612b64e33a1.methylation_array.sesame.level3betas.txt","32115cf0-7731-4859-8d83-99abad75aa5c","DNA Methylation","methylation_beta_value","Illumina Human Methylation 450",13087257,"2023-07-14T13:42:45.436412-05:00","fb1ca52fa5ca3935fbc1863b11b7e9ac","2023-07-18T10:25:27.240746-05:00","cc0e2144-c179-4b62-bcc6-4feb59b5a49c","Methylation Beta Value","released","Methylation Array","2","38.0 - 45.0","TCGA-BRCA","8ad9ab7f-8566-45a5-ab31-3ea1f8239135","released","fde09dcc-1cc0-4862-a19e-d612b64e33a1","quay.io/ncigdc","SeSAMe Methylation Beta Estimation","f8ef9dc6375573fc05fee47b70278d89f79a4cd7","Primary Tumor",NA,"TCGA-BH-A204","TCGA-BH-A204-01A"
"3c8c2630-4f4c-467f-b612-c90049d162ed","TXT","TCGA-B6-A0WZ-01A-11D-A10A-05","open","d6ed5894-0173-42d3-ac09-8107a8a241a2.methylation_array.sesame.level3betas.txt","9f87314f-83a2-4e3a-be62-83ae50add102","DNA Methylation","methylation_beta_value","Illumina Human Methylation 450",12869765,"2023-07-14T13:43:16.332953-05:00","a12b000708e2f9cab34e0ae189e89009","2023-07-18T10:26:39.839272-05:00","3c8c2630-4f4c-467f-b612-c90049d162ed","Methylation Beta Value","released","Methylation Array","2","38.0 - 45.0","TCGA-BRCA","3bb18016-a7dc-4c16-91c1-a75514db709f","released","d6ed5894-0173-42d3-ac09-8107a8a241a2","quay.io/ncigdc","SeSAMe Methylation Beta Estimation","9e258094ac9d4febe3721ceba25c1b8dbd1a27f8","Primary Tumor",NA,"TCGA-B6-A0WZ","TCGA-B6-A0WZ-01A"
"08a155ed-dcb7-454e-aa78-c6bdd6107c1e","TXT","TCGA-B6-A0RE-01A-11D-A10P-05","open","3da8ca12-63d7-44a7-bece-ba1ee8c74b42.methylation_array.sesame.level3betas.txt","9bcc80eb-3c42-40e4-a323-344bafaab62e","DNA Methylation","methylation_beta_value","Illumina Human Methylation 450",12838589,"2023-07-14T13:30:40.456337-05:00","abf5faa4b6457e91b4ff200220d26a62","2023-07-18T10:26:40.656330-05:00","08a155ed-dcb7-454e-aa78-c6bdd6107c1e","Methylation Beta Value","released","Methylation Array","2","38.0 - 45.0","TCGA-BRCA","d3551307-de48-4254-b499-15cd7cf957ad","released","3da8ca12-63d7-44a7-bece-ba1ee8c74b42","quay.io/ncigdc","SeSAMe Methylation Beta Estimation","dc9467b78cf538a0430cd4027dc5092f77d47e20","Primary Tumor",NA,"TCGA-B6-A0RE","TCGA-B6-A0RE-01A"
"7990d9e7-ff65-4072-9d89-826fa7bc50f8","TXT","TCGA-GM-A3XN-01A-12D-A230-05","open","5a4d347e-de1d-460d-aedd-aba939fadf8b.methylation_array.sesame.level3betas.txt","223c35e1-89b1-4dfc-ab7f-427bfa66610c","DNA Methylation","methylation_beta_value","Illumina Human Methylation 450",13141316,"2023-07-14T13:37:48.597785-05:00","4e6b52e3900e981906e853d91fbb63a9","2023-07-18T10:24:37.930615-05:00","7990d9e7-ff65-4072-9d89-826fa7bc50f8","Methylation Beta Value","released","Methylation Array","2","38.0 - 45.0","TCGA-BRCA","9e0b8497-4a83-4d1d-862b-1b5b4efc2ea0","released","5a4d347e-de1d-460d-aedd-aba939fadf8b","quay.io/ncigdc","SeSAMe Methylation Beta Estimation","9e258094ac9d4febe3721ceba25c1b8dbd1a27f8","Primary Tumor",NA,"TCGA-GM-A3XN","TCGA-GM-A3XN-01A"
"f790ff11-5daa-4e35-8bb1-98a0dad451b9","TXT","TCGA-AC-A7VC-01A-11D-A357-05","open","24add282-e22d-4f38-8bc0-3f669e017738.methylation_array.sesame.level3betas.txt","7adad5e0-a36a-4390-bebc-e1b04386e2fd","DNA Methylation","methylation_beta_value","Illumina Human Methylation 450",13028182,"2023-07-14T13:16:57.004620-05:00","150154ec92e77a745f174dee95b1d12c","2023-07-18T10:26:54.286991-05:00","f790ff11-5daa-4e35-8bb1-98a0dad451b9","Methylation Beta Value","released","Methylation Array","2","38.0 - 45.0","TCGA-BRCA","38a1346a-1de3-4b8c-be65-a36dfbacac79","released","24add282-e22d-4f38-8bc0-3f669e017738","quay.io/ncigdc","SeSAMe Methylation Beta Estimation","f8ef9dc6375573fc05fee47b70278d89f79a4cd7","Primary Tumor",NA,"TCGA-AC-A7VC","TCGA-AC-A7VC-01A"
"be4e513b-0dbc-44bd-8df2-552968b63a43","TXT","TCGA-BH-AB28-01A-31D-A41Q-05","open","74c47717-53c8-4c44-8328-bdba9db3bcae.methylation_array.sesame.level3betas.txt","044d44dc-a693-4112-bedc-a66b45b8222a","DNA Methylation","methylation_beta_value","Illumina Human Methylation 450",13052241,"2023-07-14T13:10:24.984602-05:00","ac646cff542d491f010a186b0b08799c","2023-07-18T10:25:21.957165-05:00","be4e513b-0dbc-44bd-8df2-552968b63a43","Methylation Beta Value","released","Methylation Array","2","38.0 - 45.0","TCGA-BRCA","7aa65c5f-32d8-4ba3-ad44-039a0ec138a1","released","74c47717-53c8-4c44-8328-bdba9db3bcae","quay.io/ncigdc","SeSAMe Methylation Beta Estimation","9e258094ac9d4febe3721ceba25c1b8dbd1a27f8","Primary Tumor",NA,"TCGA-BH-AB28","TCGA-BH-AB28-01A"
"282faee4-460d-4097-ad6f-fdd669b7d881","TXT","TCGA-E9-A1N3-01A-12D-A161-05","open","0a0422ed-3df3-465e-8332-fa15313cdd93.methylation_array.sesame.level3betas.txt","1cc35a28-de2a-4e71-96ee-0bab1ccd3a35","DNA Methylation","methylation_beta_value","Illumina Human Methylation 450",12978662,"2023-07-14T13:29:49.860944-05:00","982e8838eac25942e2425706afe5f0fa","2023-07-18T10:26:56.556264-05:00","282faee4-460d-4097-ad6f-fdd669b7d881","Methylation Beta Value","released","Methylation Array","2","38.0 - 45.0","TCGA-BRCA","062f0a43-269c-429e-9e14-711b4ced7cae","released","0a0422ed-3df3-465e-8332-fa15313cdd93","quay.io/ncigdc","SeSAMe Methylation Beta Estimation","f8ef9dc6375573fc05fee47b70278d89f79a4cd7","Primary Tumor",NA,"TCGA-E9-A1N3","TCGA-E9-A1N3-01A"
"d7f6cadd-7dea-4c87-9d1b-a00811288e37","TXT","TCGA-AC-A3BB-01A-21D-A19Z-05","open","6bc0ac56-ddae-40d7-9330-630ac1e95317.methylation_array.sesame.level3betas.txt","137a656b-db14-4776-bfa3-1637453e6ad6","DNA Methylation","methylation_beta_value","Illumina Human Methylation 450",13144395,"2023-07-14T13:15:48.189138-05:00","d59e07fc3f78bb25991330bbb30d036c","2023-07-18T10:27:21.315096-05:00","d7f6cadd-7dea-4c87-9d1b-a00811288e37","Methylation Beta Value","released","Methylation Array","2","38.0 - 45.0","TCGA-BRCA","906353b1-cb4a-48ac-af8d-70c17efd02f1","released","6bc0ac56-ddae-40d7-9330-630ac1e95317","quay.io/ncigdc","SeSAMe Methylation Beta Estimation","dc9467b78cf538a0430cd4027dc5092f77d47e20","Primary Tumor",NA,"TCGA-AC-A3BB","TCGA-AC-A3BB-01A"
"90e20a90-0190-4443-901f-29b027199662","TXT","TCGA-E2-A15J-01A-11D-A12R-05","open","eca19872-0f5c-414c-a74f-9bed5ef44a01.methylation_array.sesame.level3betas.txt","a1a117f8-acb8-4471-a71d-a20eaf5350b4","DNA Methylation","methylation_beta_value","Illumina Human Methylation 450",13096135,"2023-07-14T13:11:16.028372-05:00","d6d148f9a18a84ea4557c259ceaccbd5","2023-07-18T10:26:43.181350-05:00","90e20a90-0190-4443-901f-29b027199662","Methylation Beta Value","released","Methylation Array","2","38.0 - 45.0","TCGA-BRCA","6e47badd-9feb-413a-b003-1507f40e43d5","released","eca19872-0f5c-414c-a74f-9bed5ef44a01","quay.io/ncigdc","SeSAMe Methylation Beta Estimation","f8ef9dc6375573fc05fee47b70278d89f79a4cd7","Primary Tumor",NA,"TCGA-E2-A15J","TCGA-E2-A15J-01A"
"03086494-def3-4c24-98ed-20f9936f8a6e","TXT","TCGA-E2-A1IE-01A-11D-A13K-05","open","790f7cfe-07f1-443e-8418-1fb657b2fccb.methylation_array.sesame.level3betas.txt","55bcf5f5-c420-40a9-aa88-6cfb1eaae47a","DNA Methylation","methylation_beta_value","Illumina Human Methylation 450",13098907,"2023-07-14T13:46:09.789566-05:00","6061a6d0df62fce707bf8ba9cf041fc4","2023-07-18T10:27:22.153352-05:00","03086494-def3-4c24-98ed-20f9936f8a6e","Methylation Beta Value","released","Methylation Array","2","38.0 - 45.0","TCGA-BRCA","25ba5e12-c753-4edb-8334-7a078b061de3","released","790f7cfe-07f1-443e-8418-1fb657b2fccb","quay.io/ncigdc","SeSAMe Methylation Beta Estimation","dc9467b78cf538a0430cd4027dc5092f77d47e20","Primary Tumor",NA,"TCGA-E2-A1IE","TCGA-E2-A1IE-01A"
"ea40a3e9-301b-49cf-aadc-7b00f6fdb626","TXT","TCGA-BH-A1F0-01A-11D-A138-05","open","b0e7eee2-b4c9-4df7-843c-7159221bd976.methylation_array.sesame.level3betas.txt","2ec4f050-b051-45cf-801d-728c35f3c1aa","DNA Methylation","methylation_beta_value","Illumina Human Methylation 450",12914217,"2023-07-14T13:17:48.880517-05:00","9707c9364e73b3c3410e62f5d0d6e038","2023-07-18T10:26:56.138857-05:00","ea40a3e9-301b-49cf-aadc-7b00f6fdb626","Methylation Beta Value","released","Methylation Array","2","38.0 - 45.0","TCGA-BRCA","0fa3bbd1-c4e2-4f29-a195-eb8ddbb32812","released","b0e7eee2-b4c9-4df7-843c-7159221bd976","quay.io/ncigdc","SeSAMe Methylation Beta Estimation","dc9467b78cf538a0430cd4027dc5092f77d47e20","Primary Tumor",NA,"TCGA-BH-A1F0","TCGA-BH-A1F0-01A"
"eab8bbbc-22b0-4507-9bd8-cd5621131444","TXT","TCGA-BH-A0E0-11A-13D-A10Q-05","open","1cb177b5-4a9b-41d5-aae3-8d806eaf6b7b.methylation_array.sesame.level3betas.txt","32326dba-e0c9-441d-97b6-2dc9239ab357","DNA Methylation","methylation_beta_value","Illumina Human Methylation 450",12865264,"2023-07-14T13:21:41.897180-05:00","35043ea8ef60e93e38f67feefc29a002","2023-07-18T10:26:14.806702-05:00","eab8bbbc-22b0-4507-9bd8-cd5621131444","Methylation Beta Value","released","Methylation Array","2","38.0 - 45.0","TCGA-BRCA","a55bad04-2e3a-44bb-ad6e-2c9ff1fe7eab","released","1cb177b5-4a9b-41d5-aae3-8d806eaf6b7b","quay.io/ncigdc","SeSAMe Methylation Beta Estimation","9e258094ac9d4febe3721ceba25c1b8dbd1a27f8","Solid Tissue Normal",NA,"TCGA-BH-A0E0","TCGA-BH-A0E0-11A"
"bc07d603-19ec-48ca-a46b-f72ef7c651de","TXT","TCGA-AR-A24L-01A-11D-A16A-05","open","c5a6f999-6188-416b-a73b-2001bb2f39ff.methylation_array.sesame.level3betas.txt","78ae08f6-5efe-49d0-992e-adac47791b68","DNA Methylation","methylation_beta_value","Illumina Human Methylation 450",12982417,"2023-07-14T13:26:28.981044-05:00","0a96d3c1ce9c485d070a713b5df8dddb","2023-07-18T10:27:19.778866-05:00","bc07d603-19ec-48ca-a46b-f72ef7c651de","Methylation Beta Value","released","Methylation Array","2","38.0 - 45.0","TCGA-BRCA","bf0e9cab-be14-40da-8dbe-6bbc71e40acf","released","c5a6f999-6188-416b-a73b-2001bb2f39ff","quay.io/ncigdc","SeSAMe Methylation Beta Estimation","dc9467b78cf538a0430cd4027dc5092f77d47e20","Primary Tumor",NA,"TCGA-AR-A24L","TCGA-AR-A24L-01A"
"a1ff6f3d-03f9-40ac-af5e-eba1d41bfff1","TXT","TCGA-E9-A244-01A-11D-A16A-05","open","d1606969-f101-4b70-885c-11e9e317439b.methylation_array.sesame.level3betas.txt","710bf4bd-e332-4f9c-8c88-af1b50e71348","DNA Methylation","methylation_beta_value","Illumina Human Methylation 450",13167152,"2023-07-14T13:25:23.364781-05:00","38a708fcbb6c7d88fe4c7ceb78e911ab","2023-07-18T10:26:42.383606-05:00","a1ff6f3d-03f9-40ac-af5e-eba1d41bfff1","Methylation Beta Value","released","Methylation Array","2","38.0 - 45.0","TCGA-BRCA","ab7f9e85-bcb8-4d60-962a-b28197bf5a53","released","d1606969-f101-4b70-885c-11e9e317439b","quay.io/ncigdc","SeSAMe Methylation Beta Estimation","f8ef9dc6375573fc05fee47b70278d89f79a4cd7","Primary Tumor",NA,"TCGA-E9-A244","TCGA-E9-A244-01A"
"b848d6bc-d1cf-49ac-a14a-25b7f2972a6e","TXT","TCGA-E2-A14U-01A-11D-A22B-05","open","1f587020-fde5-4a5b-bdde-f1dda2c17b18.methylation_array.sesame.level3betas.txt","5d0e8d53-181b-4220-9747-f0788af86292","DNA Methylation","methylation_beta_value","Illumina Human Methylation 450",13200228,"2023-07-14T13:45:05.053427-05:00","0434ea7b0e407dbe1139f7e54cbdcc98","2023-07-18T10:26:29.349148-05:00","b848d6bc-d1cf-49ac-a14a-25b7f2972a6e","Methylation Beta Value","released","Methylation Array","2","38.0 - 45.0","TCGA-BRCA","97f661c5-d309-4145-b625-04a9fbc1301f","released","1f587020-fde5-4a5b-bdde-f1dda2c17b18","quay.io/ncigdc","SeSAMe Methylation Beta Estimation","f8ef9dc6375573fc05fee47b70278d89f79a4cd7","Primary Tumor",NA,"TCGA-E2-A14U","TCGA-E2-A14U-01A"
"ff6761e6-cf05-4348-881e-4c358c834652","TXT","TCGA-A1-A0SJ-01A-11D-A10P-05","open","668cf683-cc73-4747-b47d-b2f109753ab0.methylation_array.sesame.level3betas.txt","7730942f-3a0c-4a69-a006-24e5eacc0795","DNA Methylation","methylation_beta_value","Illumina Human Methylation 450",12989511,"2023-07-14T13:20:22.367380-05:00","53b3bf393e43a6cd8da177143088d05e","2023-07-18T10:26:18.604267-05:00","ff6761e6-cf05-4348-881e-4c358c834652","Methylation Beta Value","released","Methylation Array","2","38.0 - 45.0","TCGA-BRCA","1b21ea16-b407-4267-bfbd-9839eb39e0dd","released","668cf683-cc73-4747-b47d-b2f109753ab0","quay.io/ncigdc","SeSAMe Methylation Beta Estimation","f8ef9dc6375573fc05fee47b70278d89f79a4cd7","Primary Tumor",NA,"TCGA-A1-A0SJ","TCGA-A1-A0SJ-01A"
"704670b9-5b63-4027-beef-2036bfac05f9","TXT","TCGA-OL-A5RV-01A-12D-A28C-05","open","b5147be5-28f5-412e-82d9-99a5a283d153.methylation_array.sesame.level3betas.txt","4ac316df-f45a-4f81-884e-6babf778c837","DNA Methylation","methylation_beta_value","Illumina Human Methylation 450",13152958,"2023-07-14T13:17:02.589846-05:00","84edd862f6e7ef885962e8dfe70b5a9c","2023-07-18T10:27:16.947274-05:00","704670b9-5b63-4027-beef-2036bfac05f9","Methylation Beta Value","released","Methylation Array","2","38.0 - 45.0","TCGA-BRCA","12f9e75d-9212-4a53-8c05-3ac6db1ed069","released","b5147be5-28f5-412e-82d9-99a5a283d153","quay.io/ncigdc","SeSAMe Methylation Beta Estimation","dc9467b78cf538a0430cd4027dc5092f77d47e20","Primary Tumor",NA,"TCGA-OL-A5RV","TCGA-OL-A5RV-01A"
"b65bdc5d-baac-46ed-8e22-aece37b3d94d","TXT","TCGA-BH-A0BT-11A-21D-A12R-05","open","2345779f-0fb2-490e-98c6-9898191fb415.methylation_array.sesame.level3betas.txt","0c86c7f3-a088-42d6-8644-07ba875c60d0","DNA Methylation","methylation_beta_value","Illumina Human Methylation 450",13015589,"2023-07-14T13:34:11.311670-05:00","7ccd0b51ed815033a26018c733c9292c","2023-07-18T10:25:13.115683-05:00","b65bdc5d-baac-46ed-8e22-aece37b3d94d","Methylation Beta Value","released","Methylation Array","2","38.0 - 45.0","TCGA-BRCA","a4c45a35-ae10-4ff7-ab89-ca3caaeadb39","released","2345779f-0fb2-490e-98c6-9898191fb415","quay.io/ncigdc","SeSAMe Methylation Beta Estimation","9e258094ac9d4febe3721ceba25c1b8dbd1a27f8","Solid Tissue Normal",NA,"TCGA-BH-A0BT","TCGA-BH-A0BT-11A"
"9d5653b8-792b-447b-84ff-196805ca012a","TXT","TCGA-D8-A1JD-01A-11D-A13K-05","open","eaa180c1-53a3-42f1-823b-9af2c91b45c7.methylation_array.sesame.level3betas.txt","200ee6fe-73fc-4719-b772-03dd004af7c9","DNA Methylation","methylation_beta_value","Illumina Human Methylation 450",13180573,"2023-07-14T13:08:22.391360-05:00","d8e01d491e6a36d5b11d8aef566b0893","2023-07-18T10:26:29.064998-05:00","9d5653b8-792b-447b-84ff-196805ca012a","Methylation Beta Value","released","Methylation Array","2","38.0 - 45.0","TCGA-BRCA","da07fabc-bb41-4de9-83c1-c1ea2b6ccc32","released","eaa180c1-53a3-42f1-823b-9af2c91b45c7","quay.io/ncigdc","SeSAMe Methylation Beta Estimation","dc9467b78cf538a0430cd4027dc5092f77d47e20","Primary Tumor",NA,"TCGA-D8-A1JD","TCGA-D8-A1JD-01A"
"d69a1f69-c92f-4285-90d1-b49443a58e9c","TXT","TCGA-BH-A1FL-01A-11D-A13K-05","open","f132afe6-9710-4272-aede-4e3bd3f3adab.methylation_array.sesame.level3betas.txt","8b22707d-7075-4bd3-b898-9aff2885e777","DNA Methylation","methylation_beta_value","Illumina Human Methylation 450",13178250,"2023-07-14T13:16:09.438940-05:00","0a087fbbfb81e38bfd6c2dddaea0c725","2023-07-18T10:25:28.763838-05:00","d69a1f69-c92f-4285-90d1-b49443a58e9c","Methylation Beta Value","released","Methylation Array","2","38.0 - 45.0","TCGA-BRCA","7216e16c-9418-4ee5-a11b-b1583de4ed9d","released","f132afe6-9710-4272-aede-4e3bd3f3adab","quay.io/ncigdc","SeSAMe Methylation Beta Estimation","f8ef9dc6375573fc05fee47b70278d89f79a4cd7","Primary Tumor",NA,"TCGA-BH-A1FL","TCGA-BH-A1FL-01A"
"a36d5a1f-260f-469f-84fe-f31b012b1956","TXT","TCGA-A7-A0D9-01A-31D-A10P-05","open","c8c75378-1dd1-4371-a876-7b14e82e2632.methylation_array.sesame.level3betas.txt","7f0cc55e-e578-4472-a48c-80ff9a2a7c59","DNA Methylation","methylation_beta_value","Illumina Human Methylation 450",12990370,"2023-07-14T13:40:28.422704-05:00","dd83f4ce9f772ef417b02981543c5fef","2023-07-18T10:25:49.128160-05:00","a36d5a1f-260f-469f-84fe-f31b012b1956","Methylation Beta Value","released","Methylation Array","2","38.0 - 45.0","TCGA-BRCA","fca07740-3193-4c18-bebc-258e8f89d959","released","c8c75378-1dd1-4371-a876-7b14e82e2632","quay.io/ncigdc","SeSAMe Methylation Beta Estimation","f8ef9dc6375573fc05fee47b70278d89f79a4cd7","Primary Tumor",NA,"TCGA-A7-A0D9","TCGA-A7-A0D9-01A"
"8e6533f0-0e2c-48a6-bf6e-05f9ce0c2efc","TXT","TCGA-A2-A3Y0-01A-11D-A23D-05","open","2c6de4e9-7f2a-4924-9d89-ad4230f3c62b.methylation_array.sesame.level3betas.txt","b51a965d-b56e-48fb-b66e-49a585072402","DNA Methylation","methylation_beta_value","Illumina Human Methylation 450",13077852,"2023-07-14T13:20:15.117870-05:00","00004e5585297e8365eb6a3895c69395","2023-07-18T10:25:50.710944-05:00","8e6533f0-0e2c-48a6-bf6e-05f9ce0c2efc","Methylation Beta Value","released","Methylation Array","2","38.0 - 45.0","TCGA-BRCA","6f45a2a5-d266-4c1a-865a-64f193e59d5f","released","2c6de4e9-7f2a-4924-9d89-ad4230f3c62b","quay.io/ncigdc","SeSAMe Methylation Beta Estimation","f8ef9dc6375573fc05fee47b70278d89f79a4cd7","Primary Tumor",NA,"TCGA-A2-A3Y0","TCGA-A2-A3Y0-01A"
"9f48b527-23c2-4e70-af44-6fc9a66425ad","TXT","TCGA-BH-A1FH-11B-42D-A13T-05","open","00199110-e329-445c-89d4-27b4fdaec059.methylation_array.sesame.level3betas.txt","7e163fef-29aa-4122-86a4-6fad96a1e277","DNA Methylation","methylation_beta_value","Illumina Human Methylation 450",13191113,"2023-07-14T13:39:20.163391-05:00","0a99cda25bb529812e36ea56a715297d","2023-07-18T10:27:08.105522-05:00","9f48b527-23c2-4e70-af44-6fc9a66425ad","Methylation Beta Value","released","Methylation Array","2","38.0 - 45.0","TCGA-BRCA","3f00736e-18f6-4d19-99cc-3cfc7f9812f0","released","00199110-e329-445c-89d4-27b4fdaec059","quay.io/ncigdc","SeSAMe Methylation Beta Estimation","f8ef9dc6375573fc05fee47b70278d89f79a4cd7","Solid Tissue Normal",NA,"TCGA-BH-A1FH","TCGA-BH-A1FH-11B"
"101fa6e4-1d7e-436a-8cfc-22f37943628d","TXT","TCGA-BH-A0HF-01A-11D-A10P-05","open","d070ad5c-f77d-4f5a-b91b-8308120a503a.methylation_array.sesame.level3betas.txt","1aa528e2-3f35-474b-9e1d-404c108c2e95","DNA Methylation","methylation_beta_value","Illumina Human Methylation 450",12892490,"2023-07-14T13:41:28.344980-05:00","630085ed26fb0f5def2b39ed328829f3","2023-07-18T10:26:30.939732-05:00","101fa6e4-1d7e-436a-8cfc-22f37943628d","Methylation Beta Value","released","Methylation Array","2","38.0 - 45.0","TCGA-BRCA","be7dee7b-e665-4b96-b8ea-6c3fc522f6bb","released","d070ad5c-f77d-4f5a-b91b-8308120a503a","quay.io/ncigdc","SeSAMe Methylation Beta Estimation","dc9467b78cf538a0430cd4027dc5092f77d47e20","Primary Tumor",NA,"TCGA-BH-A0HF","TCGA-BH-A0HF-01A"
"c6462967-14ca-47ff-a923-806ee2994d94","TXT","TCGA-BH-A1FH-01A-12D-A13K-05","open","7bae5a89-9ebb-4387-b54c-076eb0215518.methylation_array.sesame.level3betas.txt","c64a1dc3-787b-4894-bf9d-9d26b7b134b7","DNA Methylation","methylation_beta_value","Illumina Human Methylation 450",13173358,"2023-07-14T13:15:14.318980-05:00","c125341922e865e9384913bee9c4a572","2023-07-18T10:25:58.984393-05:00","c6462967-14ca-47ff-a923-806ee2994d94","Methylation Beta Value","released","Methylation Array","2","38.0 - 45.0","TCGA-BRCA","825e1911-ebcd-455d-905f-1ac1b05467a9","released","7bae5a89-9ebb-4387-b54c-076eb0215518","quay.io/ncigdc","SeSAMe Methylation Beta Estimation","f8ef9dc6375573fc05fee47b70278d89f79a4cd7","Primary Tumor",NA,"TCGA-BH-A1FH","TCGA-BH-A1FH-01A"
"409f0f23-9ef3-499d-9fdb-883cfc90a74d","TXT","TCGA-GI-A2C9-01A-11D-A21R-05","open","e45dc67a-ed1d-476b-8583-5e1c2e176360.methylation_array.sesame.level3betas.txt","8e7bc354-ea8e-4070-bbc5-6b551b973c63","DNA Methylation","methylation_beta_value","Illumina Human Methylation 450",13151587,"2023-07-14T13:14:32.051415-05:00","73127c8ce097ca37f74af677ef8a81cd","2023-07-18T10:27:03.916942-05:00","409f0f23-9ef3-499d-9fdb-883cfc90a74d","Methylation Beta Value","released","Methylation Array","2","38.0 - 45.0","TCGA-BRCA","21ddfa94-8c03-4e55-a148-e7ff2e1380cc","released","e45dc67a-ed1d-476b-8583-5e1c2e176360","quay.io/ncigdc","SeSAMe Methylation Beta Estimation","f8ef9dc6375573fc05fee47b70278d89f79a4cd7","Primary Tumor",NA,"TCGA-GI-A2C9","TCGA-GI-A2C9-01A"
"8488e6ef-ebb2-4105-b83a-349f9a286e64","TXT","TCGA-AR-A24Z-01A-11D-A16A-05","open","49a8bc75-bfbe-431a-89bd-edafe426d441.methylation_array.sesame.level3betas.txt","ca4cdc93-089a-480b-891d-110db66dba3c","DNA Methylation","methylation_beta_value","Illumina Human Methylation 450",13087590,"2023-07-14T13:25:07.816222-05:00","ebc8b2cf756ba05cd12ac1f7443e08ca","2023-07-18T10:25:31.623770-05:00","8488e6ef-ebb2-4105-b83a-349f9a286e64","Methylation Beta Value","released","Methylation Array","2","38.0 - 45.0","TCGA-BRCA","2cecf63d-a4cd-473d-b220-2321ba1e9063","released","49a8bc75-bfbe-431a-89bd-edafe426d441","quay.io/ncigdc","SeSAMe Methylation Beta Estimation","f8ef9dc6375573fc05fee47b70278d89f79a4cd7","Primary Tumor",NA,"TCGA-AR-A24Z","TCGA-AR-A24Z-01A"
"227c8565-16c3-43af-8545-af3f10d1d5cb","TXT","TCGA-S3-A6ZG-01A-22D-A32T-05","open","38cdb913-f8ed-4d40-beff-c4f89956c0ad.methylation_array.sesame.level3betas.txt","a78cf10a-18a2-436d-9b40-91a258d6d8fa","DNA Methylation","methylation_beta_value","Illumina Human Methylation 450",12722805,"2023-07-14T13:40:24.730926-05:00","87b890c2b217375bf697a09fd08355c0","2023-07-18T10:26:31.349659-05:00","227c8565-16c3-43af-8545-af3f10d1d5cb","Methylation Beta Value","released","Methylation Array","2","38.0 - 45.0","TCGA-BRCA","909c74cf-1087-4a54-a79c-48ecbb73323d","released","38cdb913-f8ed-4d40-beff-c4f89956c0ad","quay.io/ncigdc","SeSAMe Methylation Beta Estimation","dc9467b78cf538a0430cd4027dc5092f77d47e20","Primary Tumor",NA,"TCGA-S3-A6ZG","TCGA-S3-A6ZG-01A"
"2a7cfc4a-7533-4e0e-adb0-fd6fb4261f75","TXT","TCGA-AR-A250-01A-31D-A16A-05","open","0e26b711-c680-4cdd-8a5e-a4a3a360160a.methylation_array.sesame.level3betas.txt","0dacdd58-fe2b-4045-82f9-14d8915ca831","DNA Methylation","methylation_beta_value","Illumina Human Methylation 450",13059901,"2023-07-14T13:23:58.837448-05:00","ca7b4bca5f4a467c727ebb8ec5dfe1d4","2023-07-18T10:26:18.187655-05:00","2a7cfc4a-7533-4e0e-adb0-fd6fb4261f75","Methylation Beta Value","released","Methylation Array","2","38.0 - 45.0","TCGA-BRCA","4513f2f8-c43c-4733-a238-a21db7b590e4","released","0e26b711-c680-4cdd-8a5e-a4a3a360160a","quay.io/ncigdc","SeSAMe Methylation Beta Estimation","9e258094ac9d4febe3721ceba25c1b8dbd1a27f8","Primary Tumor",NA,"TCGA-AR-A250","TCGA-AR-A250-01A"
"76220357-7f70-4449-8abc-847239e6012f","TXT","TCGA-3C-AALI-01A-11D-A41Q-05","open","b5014f95-2421-40d1-9681-5353ddf6bfb0.methylation_array.sesame.level3betas.txt","6576ec49-8430-46f1-926d-f6488af0a90f","DNA Methylation","methylation_beta_value","Illumina Human Methylation 450",12890742,"2023-07-14T13:21:16.970815-05:00","1da5d420f592c675b6ad8500209a3537","2023-07-18T10:25:36.908809-05:00","76220357-7f70-4449-8abc-847239e6012f","Methylation Beta Value","released","Methylation Array","2","38.0 - 45.0","TCGA-BRCA","ad09bd9b-6be9-4511-b87b-29990ac27eed","released","b5014f95-2421-40d1-9681-5353ddf6bfb0","quay.io/ncigdc","SeSAMe Methylation Beta Estimation","9e258094ac9d4febe3721ceba25c1b8dbd1a27f8","Primary Tumor",NA,"TCGA-3C-AALI","TCGA-3C-AALI-01A"
"27e68567-c6c4-4b6e-af4c-7b7d07f068a3","TXT","TCGA-B6-A0RL-01A-11D-A10P-05","open","3abda7fb-53fc-4a52-bf4f-6a912d1206f4.methylation_array.sesame.level3betas.txt","be1ade6e-f3d9-4a22-9220-71f90d8b7a5a","DNA Methylation","methylation_beta_value","Illumina Human Methylation 450",12955035,"2023-07-14T13:36:17.053166-05:00","6e22af51989699cbbda5cf93f8ab3185","2023-07-18T10:25:55.668748-05:00","27e68567-c6c4-4b6e-af4c-7b7d07f068a3","Methylation Beta Value","released","Methylation Array","2","38.0 - 45.0","TCGA-BRCA","c75a3283-a84d-4efe-bf57-da62fc0940d9","released","3abda7fb-53fc-4a52-bf4f-6a912d1206f4","quay.io/ncigdc","SeSAMe Methylation Beta Estimation","f8ef9dc6375573fc05fee47b70278d89f79a4cd7","Primary Tumor",NA,"TCGA-B6-A0RL","TCGA-B6-A0RL-01A"
"25e1008a-9870-4934-9fbe-5891e5e4d4f1","TXT","TCGA-E9-A1NG-11A-52D-A14N-05","open","da721438-30a4-45bd-88ea-72f6d206d70b.methylation_array.sesame.level3betas.txt","4dbade0f-c3df-4165-980b-222e2179c785","DNA Methylation","methylation_beta_value","Illumina Human Methylation 450",13158210,"2023-07-14T13:19:32.130900-05:00","a2700116f78d9f8d7e9316cf51ee54b0","2023-07-18T10:26:23.288499-05:00","25e1008a-9870-4934-9fbe-5891e5e4d4f1","Methylation Beta Value","released","Methylation Array","2","38.0 - 45.0","TCGA-BRCA","de1d5c38-44af-4176-a82f-cabf3f29e676","released","da721438-30a4-45bd-88ea-72f6d206d70b","quay.io/ncigdc","SeSAMe Methylation Beta Estimation","dc9467b78cf538a0430cd4027dc5092f77d47e20","Solid Tissue Normal",NA,"TCGA-E9-A1NG","TCGA-E9-A1NG-11A"
"524bd66c-bf9b-4faa-8aab-5f75ccc11b62","TXT","TCGA-AR-A24P-01A-11D-A16A-05","open","dfee36eb-4b5e-4b8f-8ece-476f64cbd93d.methylation_array.sesame.level3betas.txt","cb8ad9a5-544e-449e-a52c-427d0da81cf2","DNA Methylation","methylation_beta_value","Illumina Human Methylation 450",13176371,"2023-07-14T13:24:26.473887-05:00","cc2b7234f7f58160f87a18aa3279f22c","2023-07-18T10:25:20.007226-05:00","524bd66c-bf9b-4faa-8aab-5f75ccc11b62","Methylation Beta Value","released","Methylation Array","2","38.0 - 45.0","TCGA-BRCA","c253627b-5c9d-4e95-a36a-e02a082d475c","released","dfee36eb-4b5e-4b8f-8ece-476f64cbd93d","quay.io/ncigdc","SeSAMe Methylation Beta Estimation","9e258094ac9d4febe3721ceba25c1b8dbd1a27f8","Primary Tumor",NA,"TCGA-AR-A24P","TCGA-AR-A24P-01A"
"b72bbe11-f017-4b4f-bf0e-31af030bb92c","TXT","TCGA-AC-A7VB-01A-11D-A357-05","open","4f054a92-e3b6-4f9b-8c6f-9a470a4417c3.methylation_array.sesame.level3betas.txt","1cf3e05d-7bbc-4713-bc4a-298e6e1a9a6a","DNA Methylation","methylation_beta_value","Illumina Human Methylation 450",13024173,"2023-07-14T13:12:13.992568-05:00","54f403e6b928a07293d0ef09b96237da","2023-07-18T10:24:41.804896-05:00","b72bbe11-f017-4b4f-bf0e-31af030bb92c","Methylation Beta Value","released","Methylation Array","2","38.0 - 45.0","TCGA-BRCA","11e5ed77-2e88-4870-b3e2-fcd54f3517b0","released","4f054a92-e3b6-4f9b-8c6f-9a470a4417c3","quay.io/ncigdc","SeSAMe Methylation Beta Estimation","9e258094ac9d4febe3721ceba25c1b8dbd1a27f8","Primary Tumor",NA,"TCGA-AC-A7VB","TCGA-AC-A7VB-01A"
"3914016c-895f-4a8a-9021-1dd964e78b9a","TXT","TCGA-AR-A256-01A-11D-A16A-05","open","dfe9e8d0-9c1c-4b95-a709-cbf982c98615.methylation_array.sesame.level3betas.txt","c3d565f2-916c-49b0-8562-f0b2f2a19acd","DNA Methylation","methylation_beta_value","Illumina Human Methylation 450",13140281,"2023-07-14T13:19:30.373387-05:00","82211aeea3339e4af43f19847f64bff7","2023-07-18T10:27:05.644262-05:00","3914016c-895f-4a8a-9021-1dd964e78b9a","Methylation Beta Value","released","Methylation Array","2","38.0 - 45.0","TCGA-BRCA","61690e58-0c21-4423-a771-482a57fd47de","released","dfe9e8d0-9c1c-4b95-a709-cbf982c98615","quay.io/ncigdc","SeSAMe Methylation Beta Estimation","dc9467b78cf538a0430cd4027dc5092f77d47e20","Primary Tumor",NA,"TCGA-AR-A256","TCGA-AR-A256-01A"
"29ec9f01-234f-450f-9919-d0feab4b2574","TXT","TCGA-EW-A2FS-01A-11D-A17F-05","open","bc78266e-2f48-42a0-9246-0ccdb1033d6f.methylation_array.sesame.level3betas.txt","d08ad8fc-ba03-4fd5-9b8d-789dec7b2808","DNA Methylation","methylation_beta_value","Illumina Human Methylation 450",13166462,"2023-07-14T13:10:16.783027-05:00","68ed8894d7c394b5c80f77191b5c098a","2023-07-18T10:27:02.104304-05:00","29ec9f01-234f-450f-9919-d0feab4b2574","Methylation Beta Value","released","Methylation Array","2","38.0 - 45.0","TCGA-BRCA","7a66cc6f-f0bf-4e97-86f8-750c6dc5a5b4","released","bc78266e-2f48-42a0-9246-0ccdb1033d6f","quay.io/ncigdc","SeSAMe Methylation Beta Estimation","dc9467b78cf538a0430cd4027dc5092f77d47e20","Primary Tumor",NA,"TCGA-EW-A2FS","TCGA-EW-A2FS-01A"
"efb0a7d3-8a65-46eb-aa0a-ef508ad791b2","TXT","TCGA-BH-A0B8-01A-21D-A10P-05","open","27ace671-d4f9-49ee-adaf-9be7b9f9c70a.methylation_array.sesame.level3betas.txt","050bee49-05ab-4142-bdc1-04927c14218a","DNA Methylation","methylation_beta_value","Illumina Human Methylation 450",12811828,"2023-07-14T13:15:07.063917-05:00","f423559fe74a9746252b3fbadeda1662","2023-07-18T10:27:19.211451-05:00","efb0a7d3-8a65-46eb-aa0a-ef508ad791b2","Methylation Beta Value","released","Methylation Array","2","38.0 - 45.0","TCGA-BRCA","40f681fc-17ff-480d-bb10-58449f93c68e","released","27ace671-d4f9-49ee-adaf-9be7b9f9c70a","quay.io/ncigdc","SeSAMe Methylation Beta Estimation","dc9467b78cf538a0430cd4027dc5092f77d47e20","Primary Tumor",NA,"TCGA-BH-A0B8","TCGA-BH-A0B8-01A"
"ff67d2a8-aabc-4895-b095-46ac5121a766","TXT","TCGA-D8-A27N-01A-11D-A16G-05","open","db5229b2-f607-4d9f-95aa-3380a5a965ff.methylation_array.sesame.level3betas.txt","238d6158-1079-45bd-9ea8-9a416aeeff45","DNA Methylation","methylation_beta_value","Illumina Human Methylation 450",13151298,"2023-07-14T13:44:52.313352-05:00","f3e39a5e5d24227065191cc352c8fc61","2023-07-18T10:26:23.993140-05:00","ff67d2a8-aabc-4895-b095-46ac5121a766","Methylation Beta Value","released","Methylation Array","2","38.0 - 45.0","TCGA-BRCA","2ce55206-b419-4dce-92f2-2c11c7a2cd4f","released","db5229b2-f607-4d9f-95aa-3380a5a965ff","quay.io/ncigdc","SeSAMe Methylation Beta Estimation","dc9467b78cf538a0430cd4027dc5092f77d47e20","Primary Tumor",NA,"TCGA-D8-A27N","TCGA-D8-A27N-01A"
"d1e292b4-c786-4a3e-bd81-1abf68d203ae","TXT","TCGA-LL-A7T0-01A-31D-A357-05","open","0db21c7b-be7d-45d2-8f63-8421876ac3fc.methylation_array.sesame.level3betas.txt","ae748644-df70-46b0-b697-6a12df923ce6","DNA Methylation","methylation_beta_value","Illumina Human Methylation 450",13165427,"2023-07-14T13:28:43.768217-05:00","c147b6722edaf9adec68ba4bfd4ed5a3","2023-07-18T10:26:56.405557-05:00","d1e292b4-c786-4a3e-bd81-1abf68d203ae","Methylation Beta Value","released","Methylation Array","2","38.0 - 45.0","TCGA-BRCA","695ebef3-2959-4a82-9e38-b9bc42b335a3","released","0db21c7b-be7d-45d2-8f63-8421876ac3fc","quay.io/ncigdc","SeSAMe Methylation Beta Estimation","dc9467b78cf538a0430cd4027dc5092f77d47e20","Primary Tumor",NA,"TCGA-LL-A7T0","TCGA-LL-A7T0-01A"
"4532b645-4510-4cbe-bfd1-ef6bfa032125","TXT","TCGA-LL-A440-01A-11D-A244-05","open","37659589-9724-4724-aec8-e9537d5b9de8.methylation_array.sesame.level3betas.txt","920b185f-b3c3-48b0-9da0-efc508264842","DNA Methylation","methylation_beta_value","Illumina Human Methylation 450",13172310,"2023-07-14T13:27:16.852453-05:00","a1636eb1e52a6dcdf04d52e171628c50","2023-07-18T10:27:09.440359-05:00","4532b645-4510-4cbe-bfd1-ef6bfa032125","Methylation Beta Value","released","Methylation Array","2","38.0 - 45.0","TCGA-BRCA","946ce7ea-3176-486f-8689-de200b5253f8","released","37659589-9724-4724-aec8-e9537d5b9de8","quay.io/ncigdc","SeSAMe Methylation Beta Estimation","f8ef9dc6375573fc05fee47b70278d89f79a4cd7","Primary Tumor",NA,"TCGA-LL-A440","TCGA-LL-A440-01A"
"2b23d762-97db-46d4-8eee-fe62ad1e15a7","TXT","TCGA-E2-A1BC-01A-11D-A12R-05","open","ccf36e15-f9d7-4aac-8c42-dee43ca13b59.methylation_array.sesame.level3betas.txt","048a8484-028a-4d1c-8be6-444ebd4428ef","DNA Methylation","methylation_beta_value","Illumina Human Methylation 450",13029830,"2023-07-14T13:28:20.350498-05:00","41acc2a3818e84dea9a4ff738dcb2430","2023-07-18T10:26:51.768959-05:00","2b23d762-97db-46d4-8eee-fe62ad1e15a7","Methylation Beta Value","released","Methylation Array","2","38.0 - 45.0","TCGA-BRCA","0f079a6a-baea-48c9-ad9d-41ad99aa798a","released","ccf36e15-f9d7-4aac-8c42-dee43ca13b59","quay.io/ncigdc","SeSAMe Methylation Beta Estimation","9e258094ac9d4febe3721ceba25c1b8dbd1a27f8","Primary Tumor",NA,"TCGA-E2-A1BC","TCGA-E2-A1BC-01A"
"126279ea-860b-426f-8ea4-748e538e72fe","TXT","TCGA-EW-A3U0-01A-11D-A22B-05","open","4119c20f-0888-4ee1-92f5-07be0ee94f35.methylation_array.sesame.level3betas.txt","55511697-e57f-4bd2-8c04-2da716e0eaaf","DNA Methylation","methylation_beta_value","Illumina Human Methylation 450",13178280,"2023-07-14T13:21:34.661223-05:00","bc38f5f9f4f016dad80728cb121961d4","2023-07-18T10:25:56.921201-05:00","126279ea-860b-426f-8ea4-748e538e72fe","Methylation Beta Value","released","Methylation Array","2","38.0 - 45.0","TCGA-BRCA","d077dfc8-9df7-4885-8b35-f4bbe43235be","released","4119c20f-0888-4ee1-92f5-07be0ee94f35","quay.io/ncigdc","SeSAMe Methylation Beta Estimation","9e258094ac9d4febe3721ceba25c1b8dbd1a27f8","Primary Tumor",NA,"TCGA-EW-A3U0","TCGA-EW-A3U0-01A"
"9adca46f-83f2-437f-b6e5-14d53abf3d77","TXT","TCGA-AC-A2QJ-01A-12D-A19Z-05","open","bf18a2d9-df24-40ab-8573-85642477f1ac.methylation_array.sesame.level3betas.txt","fcdbb916-6d44-413f-874f-0dc61dc6513c","DNA Methylation","methylation_beta_value","Illumina Human Methylation 450",13176282,"2023-07-14T13:08:42.685752-05:00","db80cfba8074af303c69af03061bc402","2023-07-18T10:26:10.040159-05:00","9adca46f-83f2-437f-b6e5-14d53abf3d77","Methylation Beta Value","released","Methylation Array","2","38.0 - 45.0","TCGA-BRCA","e607bef7-7067-41ff-a92e-199f030abe18","released","bf18a2d9-df24-40ab-8573-85642477f1ac","quay.io/ncigdc","SeSAMe Methylation Beta Estimation","f8ef9dc6375573fc05fee47b70278d89f79a4cd7","Primary Tumor",NA,"TCGA-AC-A2QJ","TCGA-AC-A2QJ-01A"
"c22c36f3-6706-4c8c-a109-00452ad19b70","TXT","TCGA-C8-A26Z-01A-11D-A16G-05","open","8ef45add-de70-40b3-8642-c8c65d9ff65e.methylation_array.sesame.level3betas.txt","aae34141-935b-4031-bcd4-429309f3c8ae","DNA Methylation","methylation_beta_value","Illumina Human Methylation 450",13142815,"2023-07-14T13:44:01.547676-05:00","2a8c3ca2022c9988b4398e8f5342dfe5","2023-07-18T10:25:29.603784-05:00","c22c36f3-6706-4c8c-a109-00452ad19b70","Methylation Beta Value","released","Methylation Array","2","38.0 - 45.0","TCGA-BRCA","5e78565b-5901-4fa2-9c87-5185fde93f09","released","8ef45add-de70-40b3-8642-c8c65d9ff65e","quay.io/ncigdc","SeSAMe Methylation Beta Estimation","f8ef9dc6375573fc05fee47b70278d89f79a4cd7","Primary Tumor",NA,"TCGA-C8-A26Z","TCGA-C8-A26Z-01A"
"70a71333-4dbb-47b2-b8d9-b3f699713514","TXT","TCGA-EW-A1PG-01A-11D-A145-05","open","58bffb76-f582-47b3-a4bc-11dbc36692c4.methylation_array.sesame.level3betas.txt","580ae32f-a5a1-4a7e-89f1-fc7e65449d29","DNA Methylation","methylation_beta_value","Illumina Human Methylation 450",13192378,"2023-07-14T13:21:09.926411-05:00","cc575cbcbd4a08ff4e93b865b2474272","2023-07-18T10:26:45.851155-05:00","70a71333-4dbb-47b2-b8d9-b3f699713514","Methylation Beta Value","released","Methylation Array","2","38.0 - 45.0","TCGA-BRCA","f3647686-cd6f-4d5f-955a-b0a7285ba92d","released","58bffb76-f582-47b3-a4bc-11dbc36692c4","quay.io/ncigdc","SeSAMe Methylation Beta Estimation","f8ef9dc6375573fc05fee47b70278d89f79a4cd7","Primary Tumor",NA,"TCGA-EW-A1PG","TCGA-EW-A1PG-01A"
"4dc1099e-aed7-457b-a2c7-0bd92523aea8","TXT","TCGA-C8-A8HR-01A-11D-A36K-05","open","e63a241f-e9a3-4161-adf1-3b171d7eb63f.methylation_array.sesame.level3betas.txt","ada29537-c436-490e-bd70-22a842149717","DNA Methylation","methylation_beta_value","Illumina Human Methylation 450",13066208,"2023-07-14T13:25:01.766888-05:00","c8addb9921eee0b1cfcfd05fd9188133","2023-07-18T10:27:14.083521-05:00","4dc1099e-aed7-457b-a2c7-0bd92523aea8","Methylation Beta Value","released","Methylation Array","2","38.0 - 45.0","TCGA-BRCA","98fc6cd1-ac55-4916-89ad-b080769604ac","released","e63a241f-e9a3-4161-adf1-3b171d7eb63f","quay.io/ncigdc","SeSAMe Methylation Beta Estimation","dc9467b78cf538a0430cd4027dc5092f77d47e20","Primary Tumor",NA,"TCGA-C8-A8HR","TCGA-C8-A8HR-01A"
"79671f96-73f7-4bff-a82c-8fbc561b818e","TXT","TCGA-D8-A27H-01A-11D-A16G-05","open","724225ae-a13f-480f-ba07-fa4e63ba4562.methylation_array.sesame.level3betas.txt","dd16b3d8-c2de-4e4f-9797-14fada7973b1","DNA Methylation","methylation_beta_value","Illumina Human Methylation 450",13151389,"2023-07-14T13:16:05.550726-05:00","243b9bdf3e878da4681818638ffb8145","2023-07-18T10:26:55.299384-05:00","79671f96-73f7-4bff-a82c-8fbc561b818e","Methylation Beta Value","released","Methylation Array","2","38.0 - 45.0","TCGA-BRCA","dd05fde9-832f-4a9a-a6f5-b3525ad0ced8","released","724225ae-a13f-480f-ba07-fa4e63ba4562","quay.io/ncigdc","SeSAMe Methylation Beta Estimation","f8ef9dc6375573fc05fee47b70278d89f79a4cd7","Primary Tumor",NA,"TCGA-D8-A27H","TCGA-D8-A27H-01A"
"93286a9c-b0b5-4068-824b-b6a4e35d8055","TXT","TCGA-AR-A24R-01A-11D-A16A-05","open","f93d94be-1fc9-4258-88c5-7b5740798520.methylation_array.sesame.level3betas.txt","c69aa08b-5710-474f-aa94-4fbc96d31083","DNA Methylation","methylation_beta_value","Illumina Human Methylation 450",13112271,"2023-07-14T13:33:45.753072-05:00","999b62eab017889bf3cf0c2190f40c2a","2023-07-18T10:26:23.578176-05:00","93286a9c-b0b5-4068-824b-b6a4e35d8055","Methylation Beta Value","released","Methylation Array","2","38.0 - 45.0","TCGA-BRCA","924b5759-65e9-4515-83e5-f9db047fc191","released","f93d94be-1fc9-4258-88c5-7b5740798520","quay.io/ncigdc","SeSAMe Methylation Beta Estimation","9e258094ac9d4febe3721ceba25c1b8dbd1a27f8","Primary Tumor",NA,"TCGA-AR-A24R","TCGA-AR-A24R-01A"
"ce977f9f-fec7-42fe-8edb-6c821638a454","TXT","TCGA-A7-A5ZV-01A-11D-A28C-05","open","135521a3-a8cd-4d7c-b3f5-83b8f53d88b9.methylation_array.sesame.level3betas.txt","c55eec50-c2a5-46c3-9706-231d3d382255","DNA Methylation","methylation_beta_value","Illumina Human Methylation 450",13074842,"2023-07-14T13:24:37.159311-05:00","19e28379da52fa753d68a3bcd4ce4ffd","2023-07-18T10:25:34.839576-05:00","ce977f9f-fec7-42fe-8edb-6c821638a454","Methylation Beta Value","released","Methylation Array","2","38.0 - 45.0","TCGA-BRCA","3a17ceba-f1a8-49ee-96ba-f4a7e4448a8b","released","135521a3-a8cd-4d7c-b3f5-83b8f53d88b9","quay.io/ncigdc","SeSAMe Methylation Beta Estimation","f8ef9dc6375573fc05fee47b70278d89f79a4cd7","Primary Tumor",NA,"TCGA-A7-A5ZV","TCGA-A7-A5ZV-01A"
"7966c82e-fb6c-4a48-b18d-0388178c66c7","TXT","TCGA-E9-A1R7-01A-11D-A14N-05","open","709c929b-c416-4097-a59d-a98e655b7f9b.methylation_array.sesame.level3betas.txt","5cc8f3b8-9655-41db-a099-ff696a03b6f1","DNA Methylation","methylation_beta_value","Illumina Human Methylation 450",13145934,"2023-07-14T13:45:23.937331-05:00","871ff2f35af7b1cc9a235459dee6605a","2023-07-18T10:24:46.733824-05:00","7966c82e-fb6c-4a48-b18d-0388178c66c7","Methylation Beta Value","released","Methylation Array","2","38.0 - 45.0","TCGA-BRCA","e051a365-561f-4a9e-8534-861ed51091b5","released","709c929b-c416-4097-a59d-a98e655b7f9b","quay.io/ncigdc","SeSAMe Methylation Beta Estimation","f8ef9dc6375573fc05fee47b70278d89f79a4cd7","Primary Tumor",NA,"TCGA-E9-A1R7","TCGA-E9-A1R7-01A"
"2afe08d8-5d2a-4495-b887-cd6b9844778d","TXT","TCGA-E9-A1R7-11A-42D-A14N-05","open","c9dcd9f6-e4f0-4e71-8195-a76f30b1f3a0.methylation_array.sesame.level3betas.txt","90ab7422-cdf2-4700-a51c-b637f34f263d","DNA Methylation","methylation_beta_value","Illumina Human Methylation 450",13182844,"2023-07-14T13:24:24.505777-05:00","8bcee05140d0cc1969922310a95cd88a","2023-07-18T10:24:45.481119-05:00","2afe08d8-5d2a-4495-b887-cd6b9844778d","Methylation Beta Value","released","Methylation Array","2","38.0 - 45.0","TCGA-BRCA","c7f84967-87de-44f1-a80f-d0ec36a00410","released","c9dcd9f6-e4f0-4e71-8195-a76f30b1f3a0","quay.io/ncigdc","SeSAMe Methylation Beta Estimation","f8ef9dc6375573fc05fee47b70278d89f79a4cd7","Solid Tissue Normal",NA,"TCGA-E9-A1R7","TCGA-E9-A1R7-11A"
"15141cf5-b725-4827-99e1-c587775129a3","TXT","TCGA-B6-A1KN-01A-11D-A13K-05","open","bdc92c8e-3bb9-4903-bb8b-0edaa1753051.methylation_array.sesame.level3betas.txt","d01b438f-0658-40f8-b2b6-0f87a439b7aa","DNA Methylation","methylation_beta_value","Illumina Human Methylation 450",13087107,"2023-07-14T13:28:22.172573-05:00","9e83dda8b1cc80853b54588ec7bf1b68","2023-07-18T10:27:06.555090-05:00","15141cf5-b725-4827-99e1-c587775129a3","Methylation Beta Value","released","Methylation Array","2","38.0 - 45.0","TCGA-BRCA","7d40e571-e88c-4abd-b9cc-7449155165e4","released","bdc92c8e-3bb9-4903-bb8b-0edaa1753051","quay.io/ncigdc","SeSAMe Methylation Beta Estimation","f8ef9dc6375573fc05fee47b70278d89f79a4cd7","Primary Tumor",NA,"TCGA-B6-A1KN","TCGA-B6-A1KN-01A"
"b9626080-63e9-420e-b1de-33c83cd008cf","TXT","TCGA-A1-A0SQ-01A-21D-A145-05","open","53717670-c753-4fde-8aeb-409cab84e26b.methylation_array.sesame.level3betas.txt","4f50706a-eccd-47fd-800f-396279a78022","DNA Methylation","methylation_beta_value","Illumina Human Methylation 450",13177911,"2023-07-14T13:24:20.851684-05:00","8ad56a92b37c3f7c5f0fbd60b8a515c3","2023-07-18T10:26:31.893657-05:00","b9626080-63e9-420e-b1de-33c83cd008cf","Methylation Beta Value","released","Methylation Array","2","38.0 - 45.0","TCGA-BRCA","d7b56c47-a537-4c07-b113-2f4abd742b48","released","53717670-c753-4fde-8aeb-409cab84e26b","quay.io/ncigdc","SeSAMe Methylation Beta Estimation","dc9467b78cf538a0430cd4027dc5092f77d47e20","Primary Tumor",NA,"TCGA-A1-A0SQ","TCGA-A1-A0SQ-01A"
"af91dccf-a678-4b52-837c-d4ea9289e5e1","TXT","TCGA-AO-A0JC-01A-11D-A10P-05","open","f0c8a155-b48b-4091-b4e2-7d4d478db7bf.methylation_array.sesame.level3betas.txt","c0e915c5-f498-460e-91a9-204a031978fd","DNA Methylation","methylation_beta_value","Illumina Human Methylation 450",13012319,"2023-07-14T13:18:21.734184-05:00","e92f33ea4bf7b067ff1c67b40ed2a593","2023-07-18T10:25:52.810095-05:00","af91dccf-a678-4b52-837c-d4ea9289e5e1","Methylation Beta Value","released","Methylation Array","2","38.0 - 45.0","TCGA-BRCA","ed8d630f-65bb-46a5-b843-474ee66dd080","released","f0c8a155-b48b-4091-b4e2-7d4d478db7bf","quay.io/ncigdc","SeSAMe Methylation Beta Estimation","9e258094ac9d4febe3721ceba25c1b8dbd1a27f8","Primary Tumor",NA,"TCGA-AO-A0JC","TCGA-AO-A0JC-01A"
"dea38cdf-ad2e-4b94-9e3e-22d97d8f849e","TXT","TCGA-E2-A1LL-01A-11D-A145-05","open","68cea477-0acd-4b1f-81e0-5810476eb6e3.methylation_array.sesame.level3betas.txt","e10d43f0-cdc0-4a9e-8c21-e99bdfaffe13","DNA Methylation","methylation_beta_value","Illumina Human Methylation 450",13186491,"2023-07-14T13:13:49.613146-05:00","f3f9043f7a4537dc0ea73a5068c482a7","2023-07-18T10:26:35.854068-05:00","dea38cdf-ad2e-4b94-9e3e-22d97d8f849e","Methylation Beta Value","released","Methylation Array","2","38.0 - 45.0","TCGA-BRCA","245d98b6-4606-435d-aec2-87a75c7f15b0","released","68cea477-0acd-4b1f-81e0-5810476eb6e3","quay.io/ncigdc","SeSAMe Methylation Beta Estimation","dc9467b78cf538a0430cd4027dc5092f77d47e20","Primary Tumor",NA,"TCGA-E2-A1LL","TCGA-E2-A1LL-01A"
"faf881ea-0428-42bc-89bb-98a4de87da20","TXT","TCGA-S3-AA12-01A-11D-A41Q-05","open","afff721f-bf1b-4011-83a2-057407945b5d.methylation_array.sesame.level3betas.txt","80122c1c-8ad5-46d1-b2ab-18261e802130","DNA Methylation","methylation_beta_value","Illumina Human Methylation 450",13128843,"2023-07-14T13:13:59.024818-05:00","27d5631a5306f4cff21f7926d8b624a4","2023-07-18T10:25:44.246253-05:00","faf881ea-0428-42bc-89bb-98a4de87da20","Methylation Beta Value","released","Methylation Array","2","38.0 - 45.0","TCGA-BRCA","2eb59e3f-6289-4ee8-bbc6-e63b4c90289c","released","afff721f-bf1b-4011-83a2-057407945b5d","quay.io/ncigdc","SeSAMe Methylation Beta Estimation","f8ef9dc6375573fc05fee47b70278d89f79a4cd7","Primary Tumor",NA,"TCGA-S3-AA12","TCGA-S3-AA12-01A"
"37b33742-2cdd-4cb0-8d21-fb432699ec52","TXT","TCGA-A2-A0YD-01A-11D-A10A-05","open","a8e7f002-4cc4-4534-9345-70a61a72bdea.methylation_array.sesame.level3betas.txt","42009d05-e9b1-4975-9569-ac2b1801180b","DNA Methylation","methylation_beta_value","Illumina Human Methylation 450",12951217,"2023-07-14T13:26:21.660361-05:00","af9f48d25772fd90cb7e24fbfaa73350","2023-07-18T10:27:27.243777-05:00","37b33742-2cdd-4cb0-8d21-fb432699ec52","Methylation Beta Value","released","Methylation Array","2","38.0 - 45.0","TCGA-BRCA","3886555d-eed8-4291-afb6-315488ebdc8e","released","a8e7f002-4cc4-4534-9345-70a61a72bdea","quay.io/ncigdc","SeSAMe Methylation Beta Estimation","dc9467b78cf538a0430cd4027dc5092f77d47e20","Primary Tumor",NA,"TCGA-A2-A0YD","TCGA-A2-A0YD-01A"
"efc3068f-4369-4eb2-a1b5-084152a59815","TXT","TCGA-AO-A12E-01A-11D-A10N-05","open","55cde216-dd0d-4b01-ae48-683076f96cc4.methylation_array.sesame.level3betas.txt","a3b2038f-313b-4901-b146-6ada357a1d9f","DNA Methylation","methylation_beta_value","Illumina Human Methylation 450",12902480,"2023-07-14T13:41:16.132240-05:00","de1c162885238c708a0b5c5d42f91d9d","2023-07-18T10:25:25.008866-05:00","efc3068f-4369-4eb2-a1b5-084152a59815","Methylation Beta Value","released","Methylation Array","2","38.0 - 45.0","TCGA-BRCA","73caaae9-7e36-4dba-b007-c15272ebe139","released","55cde216-dd0d-4b01-ae48-683076f96cc4","quay.io/ncigdc","SeSAMe Methylation Beta Estimation","f8ef9dc6375573fc05fee47b70278d89f79a4cd7","Primary Tumor",NA,"TCGA-AO-A12E","TCGA-AO-A12E-01A"
"d3110f8a-4e5b-44d8-9ddd-d12c39227eef","TXT","TCGA-A7-A13F-01A-11D-A12R-05","open","43a1041c-9ac5-4faa-8e24-a21de7552819.methylation_array.sesame.level3betas.txt","de288173-f27c-44c0-a33c-736c4a48ec28","DNA Methylation","methylation_beta_value","Illumina Human Methylation 450",13006393,"2023-07-14T13:44:43.390372-05:00","3020679dafb7a386de2ef6180f64e155","2023-07-18T10:24:49.937933-05:00","d3110f8a-4e5b-44d8-9ddd-d12c39227eef","Methylation Beta Value","released","Methylation Array","2","38.0 - 45.0","TCGA-BRCA","da3716e7-dffe-48c9-9360-37f1ebd17c3d","released","43a1041c-9ac5-4faa-8e24-a21de7552819","quay.io/ncigdc","SeSAMe Methylation Beta Estimation","9e258094ac9d4febe3721ceba25c1b8dbd1a27f8","Primary Tumor",NA,"TCGA-A7-A13F","TCGA-A7-A13F-01A"
"59ac5887-fb08-4759-83fb-7c36eba43646","TXT","TCGA-EW-A1P3-01A-11D-A145-05","open","24568d96-f54a-4909-a787-52524c040e75.methylation_array.sesame.level3betas.txt","3b25da87-a1b1-476e-91b2-818b788a695d","DNA Methylation","methylation_beta_value","Illumina Human Methylation 450",13190705,"2023-07-14T13:31:32.853163-05:00","34f89b86d3034eda5265003f5d2a7562","2023-07-18T10:25:48.438117-05:00","59ac5887-fb08-4759-83fb-7c36eba43646","Methylation Beta Value","released","Methylation Array","2","38.0 - 45.0","TCGA-BRCA","a2264849-e86f-4ab8-b5a9-e886feaa9db9","released","24568d96-f54a-4909-a787-52524c040e75","quay.io/ncigdc","SeSAMe Methylation Beta Estimation","f8ef9dc6375573fc05fee47b70278d89f79a4cd7","Primary Tumor",NA,"TCGA-EW-A1P3","TCGA-EW-A1P3-01A"
"085cf506-2eda-47cb-9c74-da32909b0730","TXT","TCGA-D8-A1XG-01A-11D-A14H-05","open","eed0a558-9ca2-442c-93f4-f4236d627591.methylation_array.sesame.level3betas.txt","6321a579-5e76-46e7-afa2-90ca1851fd8e","DNA Methylation","methylation_beta_value","Illumina Human Methylation 450",13170608,"2023-07-14T13:12:28.506266-05:00","a9a801bd4f732de8abf3fdb0c5ee4757","2023-07-18T10:26:59.724856-05:00","085cf506-2eda-47cb-9c74-da32909b0730","Methylation Beta Value","released","Methylation Array","2","38.0 - 45.0","TCGA-BRCA","697cb33d-4d6e-491c-ae96-4024bcd0fe78","released","eed0a558-9ca2-442c-93f4-f4236d627591","quay.io/ncigdc","SeSAMe Methylation Beta Estimation","9e258094ac9d4febe3721ceba25c1b8dbd1a27f8","Primary Tumor",NA,"TCGA-D8-A1XG","TCGA-D8-A1XG-01A"
"e72a0417-0c4a-44e7-8caa-bcadbac0ac1a","TXT","TCGA-BH-A0E0-01A-11D-A10P-05","open","d84e80b8-0a77-41c8-9244-9fc5ac1a26c3.methylation_array.sesame.level3betas.txt","61098c38-7e50-4620-9d6c-5d5a0ade73a2","DNA Methylation","methylation_beta_value","Illumina Human Methylation 450",12939976,"2023-07-14T13:15:49.876288-05:00","721a136d77a3d92525b577f0bd22d929","2023-07-18T10:26:55.727658-05:00","e72a0417-0c4a-44e7-8caa-bcadbac0ac1a","Methylation Beta Value","released","Methylation Array","2","38.0 - 45.0","TCGA-BRCA","e7323be7-f982-42fe-845e-9b9b67a3f87e","released","d84e80b8-0a77-41c8-9244-9fc5ac1a26c3","quay.io/ncigdc","SeSAMe Methylation Beta Estimation","f8ef9dc6375573fc05fee47b70278d89f79a4cd7","Primary Tumor",NA,"TCGA-BH-A0E0","TCGA-BH-A0E0-01A"
"c0e50988-a33b-4e56-96fb-244e39fda26d","TXT","TCGA-AR-A1AJ-01A-21D-A12R-05","open","5914861a-02ec-48f5-9920-75c1a4b4361d.methylation_array.sesame.level3betas.txt","b7d40b92-6434-4f47-ab13-dabf36f0af26","DNA Methylation","methylation_beta_value","Illumina Human Methylation 450",12930189,"2023-07-14T13:11:51.863770-05:00","46aa8f06aa00bd48a001916fae6553c2","2023-07-18T10:26:08.545940-05:00","c0e50988-a33b-4e56-96fb-244e39fda26d","Methylation Beta Value","released","Methylation Array","2","38.0 - 45.0","TCGA-BRCA","5688b906-c54a-4169-8341-50b6425addd2","released","5914861a-02ec-48f5-9920-75c1a4b4361d","quay.io/ncigdc","SeSAMe Methylation Beta Estimation","dc9467b78cf538a0430cd4027dc5092f77d47e20","Primary Tumor",NA,"TCGA-AR-A1AJ","TCGA-AR-A1AJ-01A"
"fbb2ebde-42ed-485a-ad2e-588b37d1b241","TXT","TCGA-BH-A8FZ-01A-11D-A357-05","open","6bcb5d0d-f271-494d-af1c-a0fdb1e02b00.methylation_array.sesame.level3betas.txt","2323d8b0-fd71-451d-8656-be7ee3d4af89","DNA Methylation","methylation_beta_value","Illumina Human Methylation 450",13156995,"2023-07-14T13:21:27.485802-05:00","26edf28521690e9f3b35792c84394f0b","2023-07-18T10:26:54.684028-05:00","fbb2ebde-42ed-485a-ad2e-588b37d1b241","Methylation Beta Value","released","Methylation Array","2","38.0 - 45.0","TCGA-BRCA","6b16f2c5-9898-444d-aa40-9cbbe442493b","released","6bcb5d0d-f271-494d-af1c-a0fdb1e02b00","quay.io/ncigdc","SeSAMe Methylation Beta Estimation","dc9467b78cf538a0430cd4027dc5092f77d47e20","Primary Tumor",NA,"TCGA-BH-A8FZ","TCGA-BH-A8FZ-01A"
"532a7c09-2f6e-4886-8f5c-f3688322920c","TXT","TCGA-S3-AA10-01A-21D-A41Q-05","open","a8315d73-9371-4fac-9079-3ec37ae074bc.methylation_array.sesame.level3betas.txt","95119de6-41e8-4911-a5bf-5a2df52af665","DNA Methylation","methylation_beta_value","Illumina Human Methylation 450",13046918,"2023-07-14T13:15:35.242024-05:00","649b3d2d213c8474feddcb4aa4830060","2023-07-18T10:26:33.638746-05:00","532a7c09-2f6e-4886-8f5c-f3688322920c","Methylation Beta Value","released","Methylation Array","2","38.0 - 45.0","TCGA-BRCA","75dad8b7-650e-48de-bf18-bb35b0c4e8a0","released","a8315d73-9371-4fac-9079-3ec37ae074bc","quay.io/ncigdc","SeSAMe Methylation Beta Estimation","f8ef9dc6375573fc05fee47b70278d89f79a4cd7","Primary Tumor",NA,"TCGA-S3-AA10","TCGA-S3-AA10-01A"
"58941d0a-55d2-4b05-b530-19ef53396d72","TXT","TCGA-E2-A1LK-01A-21D-A14H-05","open","ee2108c2-466e-4557-8d27-32507fec8008.methylation_array.sesame.level3betas.txt","c34cbe73-ac9d-48a1-8694-bc1e7582ecb0","DNA Methylation","methylation_beta_value","Illumina Human Methylation 450",13141580,"2023-07-14T13:29:46.147354-05:00","86abb10b24c7f75ec65e3cf72f12b329","2023-07-18T10:26:41.967757-05:00","58941d0a-55d2-4b05-b530-19ef53396d72","Methylation Beta Value","released","Methylation Array","2","38.0 - 45.0","TCGA-BRCA","1027b234-5fe0-4161-b913-ffe30eb925a1","released","ee2108c2-466e-4557-8d27-32507fec8008","quay.io/ncigdc","SeSAMe Methylation Beta Estimation","f8ef9dc6375573fc05fee47b70278d89f79a4cd7","Primary Tumor",NA,"TCGA-E2-A1LK","TCGA-E2-A1LK-01A"
"93a9ecdc-9119-4617-97a3-ed04e07a147a","TXT","TCGA-A7-A4SA-01A-11D-A268-05","open","cc3d8b88-274a-44c4-9f96-83ab6957aebf.methylation_array.sesame.level3betas.txt","29744ce0-4f45-4b71-83f2-aeb93706bc4a","DNA Methylation","methylation_beta_value","Illumina Human Methylation 450",12776315,"2023-07-14T13:13:04.380704-05:00","c77284782f851c5a8b2aeb70649cc3c5","2023-07-18T10:26:00.715143-05:00","93a9ecdc-9119-4617-97a3-ed04e07a147a","Methylation Beta Value","released","Methylation Array","2","38.0 - 45.0","TCGA-BRCA","f1134895-c36e-4bcf-b4b8-61812ca6430d","released","cc3d8b88-274a-44c4-9f96-83ab6957aebf","quay.io/ncigdc","SeSAMe Methylation Beta Estimation","9e258094ac9d4febe3721ceba25c1b8dbd1a27f8","Primary Tumor",NA,"TCGA-A7-A4SA","TCGA-A7-A4SA-01A"
"c4d7d33f-64d5-4e56-a308-d32b486a1026","TXT","TCGA-LL-A5YL-01A-12D-A29O-05","open","539b2abb-9044-4111-a9f9-8fd29d27046c.methylation_array.sesame.level3betas.txt","d1bbdef1-e8ca-4a1a-b362-ffb0a95a434c","DNA Methylation","methylation_beta_value","Illumina Human Methylation 450",12939547,"2023-07-14T13:31:03.932436-05:00","b6f1cc4ee2415d68f119c2b38ce57275","2023-07-18T10:24:37.642725-05:00","c4d7d33f-64d5-4e56-a308-d32b486a1026","Methylation Beta Value","released","Methylation Array","2","38.0 - 45.0","TCGA-BRCA","ebb70946-f882-4370-aa2b-4c99546c3c75","released","539b2abb-9044-4111-a9f9-8fd29d27046c","quay.io/ncigdc","SeSAMe Methylation Beta Estimation","f8ef9dc6375573fc05fee47b70278d89f79a4cd7","Primary Tumor",NA,"TCGA-LL-A5YL","TCGA-LL-A5YL-01A"
"932a3ebd-6434-45a0-8d87-9c14c28fa5fd","TXT","TCGA-AC-A3YI-01A-21D-A23D-05","open","1aa020ea-8847-4b21-8dca-f81b475f2ddb.methylation_array.sesame.level3betas.txt","c83ed426-6bb3-49a3-8a53-dcb192d66fab","DNA Methylation","methylation_beta_value","Illumina Human Methylation 450",13083919,"2023-07-14T13:43:56.095437-05:00","916d4a8303002f6004e55cbb66376e10","2023-07-18T10:26:14.534257-05:00","932a3ebd-6434-45a0-8d87-9c14c28fa5fd","Methylation Beta Value","released","Methylation Array","2","38.0 - 45.0","TCGA-BRCA","60d6c184-fdbd-44cc-a724-ff082b21789b","released","1aa020ea-8847-4b21-8dca-f81b475f2ddb","quay.io/ncigdc","SeSAMe Methylation Beta Estimation","f8ef9dc6375573fc05fee47b70278d89f79a4cd7","Primary Tumor",NA,"TCGA-AC-A3YI","TCGA-AC-A3YI-01A"
"df843305-1173-4ac7-b032-6cec9cff47b4","TXT","TCGA-E9-A248-01A-11D-A16A-05","open","4801dd26-278c-4c73-90e4-af06243e4272.methylation_array.sesame.level3betas.txt","28fefdb0-c825-4169-8408-d5be769f6a84","DNA Methylation","methylation_beta_value","Illumina Human Methylation 450",13189765,"2023-07-14T13:32:58.128990-05:00","f4e3091ea339344faafd68b1d69420c6","2023-07-18T10:26:46.688712-05:00","df843305-1173-4ac7-b032-6cec9cff47b4","Methylation Beta Value","released","Methylation Array","2","38.0 - 45.0","TCGA-BRCA","8014db9a-a6ab-4767-ad09-ab7eae34b597","released","4801dd26-278c-4c73-90e4-af06243e4272","quay.io/ncigdc","SeSAMe Methylation Beta Estimation","dc9467b78cf538a0430cd4027dc5092f77d47e20","Primary Tumor",NA,"TCGA-E9-A248","TCGA-E9-A248-01A"
"4aa72110-5fc8-4f47-ba18-020052e5afef","TXT","TCGA-EW-A1P4-01A-21D-A145-05","open","a96115b9-8078-4bf8-a70a-7bc92082195d.methylation_array.sesame.level3betas.txt","ced69833-2618-49b0-9a4f-d0bb70665cd9","DNA Methylation","methylation_beta_value","Illumina Human Methylation 450",13200760,"2023-07-14T13:37:39.934555-05:00","e5c60b1b607e506ae4bc33a9ff8572a0","2023-07-18T10:26:30.670455-05:00","4aa72110-5fc8-4f47-ba18-020052e5afef","Methylation Beta Value","released","Methylation Array","2","38.0 - 45.0","TCGA-BRCA","9f7f5e1b-f795-43ac-9bd7-3aa08635a5fc","released","a96115b9-8078-4bf8-a70a-7bc92082195d","quay.io/ncigdc","SeSAMe Methylation Beta Estimation","dc9467b78cf538a0430cd4027dc5092f77d47e20","Primary Tumor",NA,"TCGA-EW-A1P4","TCGA-EW-A1P4-01A"
"32c08ca4-3338-493b-8f72-8cddaaf51113","TXT","TCGA-A7-A5ZW-01A-12D-A29O-05","open","65aca038-836f-43e8-9cba-925c54125a2c.methylation_array.sesame.level3betas.txt","ba576416-9925-49b1-8c4a-7dbc90491028","DNA Methylation","methylation_beta_value","Illumina Human Methylation 450",13031243,"2023-07-14T13:36:10.055518-05:00","83c269b1fc2715d89d64b3438ac80f6a","2023-07-18T10:26:39.032814-05:00","32c08ca4-3338-493b-8f72-8cddaaf51113","Methylation Beta Value","released","Methylation Array","2","38.0 - 45.0","TCGA-BRCA","ff466cde-bbb9-4e8f-b5cb-404743399210","released","65aca038-836f-43e8-9cba-925c54125a2c","quay.io/ncigdc","SeSAMe Methylation Beta Estimation","dc9467b78cf538a0430cd4027dc5092f77d47e20","Primary Tumor",NA,"TCGA-A7-A5ZW","TCGA-A7-A5ZW-01A"
"1f08ba41-c6aa-4a70-8b11-a3382c1312c7","TXT","TCGA-LL-A6FR-01A-12D-A31V-05","open","86b0621a-f197-48be-89ab-25c145656b1b.methylation_array.sesame.level3betas.txt","02e4e749-9683-41b5-9fa2-bcb71172e62f","DNA Methylation","methylation_beta_value","Illumina Human Methylation 450",12947639,"2023-07-14T13:32:05.059460-05:00","c2420ff1eba59ef9749c08d4b93e66e6","2023-07-18T10:26:45.023088-05:00","1f08ba41-c6aa-4a70-8b11-a3382c1312c7","Methylation Beta Value","released","Methylation Array","2","38.0 - 45.0","TCGA-BRCA","1f05fabc-e273-4dca-a6de-76aceda90f19","released","86b0621a-f197-48be-89ab-25c145656b1b","quay.io/ncigdc","SeSAMe Methylation Beta Estimation","f8ef9dc6375573fc05fee47b70278d89f79a4cd7","Primary Tumor",NA,"TCGA-LL-A6FR","TCGA-LL-A6FR-01A"
"a8cd58f7-35d3-401b-8593-36fa44a5824d","TXT","TCGA-A7-A3IZ-01A-11D-A212-05","open","7a50fb24-e9f3-4297-a1bf-6bc2e5507a55.methylation_array.sesame.level3betas.txt","e4af689d-1c41-4b80-a4cf-0dcfc813cf09","DNA Methylation","methylation_beta_value","Illumina Human Methylation 450",13028519,"2023-07-14T13:33:30.402514-05:00","f2554364cee3539b87c55831a93ccb4e","2023-07-18T10:25:17.872429-05:00","a8cd58f7-35d3-401b-8593-36fa44a5824d","Methylation Beta Value","released","Methylation Array","2","38.0 - 45.0","TCGA-BRCA","37f7b724-7eda-4d7e-bd80-d82ca2ed64ad","released","7a50fb24-e9f3-4297-a1bf-6bc2e5507a55","quay.io/ncigdc","SeSAMe Methylation Beta Estimation","9e258094ac9d4febe3721ceba25c1b8dbd1a27f8","Primary Tumor",NA,"TCGA-A7-A3IZ","TCGA-A7-A3IZ-01A"
"77f83985-e7b8-443c-8504-66637b8f1820","TXT","TCGA-AR-A0TT-01A-31D-A10P-05","open","e0743561-3aae-466c-9719-5c8bb17c08e7.methylation_array.sesame.level3betas.txt","46762ff6-2f4a-406d-b70e-f999a47bfaaa","DNA Methylation","methylation_beta_value","Illumina Human Methylation 450",12797982,"2023-07-14T13:42:54.303973-05:00","0855aabd1d90caf4bc787d59f08dcfd9","2023-07-18T10:27:28.303691-05:00","77f83985-e7b8-443c-8504-66637b8f1820","Methylation Beta Value","released","Methylation Array","2","38.0 - 45.0","TCGA-BRCA","325685c8-03b2-475a-852c-832c10469017","released","e0743561-3aae-466c-9719-5c8bb17c08e7","quay.io/ncigdc","SeSAMe Methylation Beta Estimation","dc9467b78cf538a0430cd4027dc5092f77d47e20","Primary Tumor",NA,"TCGA-AR-A0TT","TCGA-AR-A0TT-01A"
"348cbf8b-88a9-417c-9dbe-fc150880c2d9","TXT","TCGA-E9-A22H-01A-11D-A161-05","open","382848c8-ceef-4ad2-b4ad-4f12605068f4.methylation_array.sesame.level3betas.txt","b6abe1af-4f67-4c59-a56d-81dfdbea0974","DNA Methylation","methylation_beta_value","Illumina Human Methylation 450",13139973,"2023-07-14T13:10:14.996035-05:00","e2bf5161c4fc275d8fffb19cf2895a4f","2023-07-18T10:26:54.139936-05:00","348cbf8b-88a9-417c-9dbe-fc150880c2d9","Methylation Beta Value","released","Methylation Array","2","38.0 - 45.0","TCGA-BRCA","889d507b-5f38-42a7-9f1f-06656d9b8338","released","382848c8-ceef-4ad2-b4ad-4f12605068f4","quay.io/ncigdc","SeSAMe Methylation Beta Estimation","f8ef9dc6375573fc05fee47b70278d89f79a4cd7","Primary Tumor",NA,"TCGA-E9-A22H","TCGA-E9-A22H-01A"
"33478823-d805-4c69-bb54-3e2828d933a7","TXT","TCGA-A1-A0SI-01A-11D-A145-05","open","27cf186f-a4f6-4f64-8882-c293989ad002.methylation_array.sesame.level3betas.txt","6e39493d-54ac-46ef-8f26-12875e3affab","DNA Methylation","methylation_beta_value","Illumina Human Methylation 450",13180166,"2023-07-14T13:26:34.746326-05:00","d95380f67e7791cac52c0027e5e72747","2023-07-18T10:24:53.338888-05:00","33478823-d805-4c69-bb54-3e2828d933a7","Methylation Beta Value","released","Methylation Array","2","38.0 - 45.0","TCGA-BRCA","792f33c7-4b51-40ed-9875-0dddad26ed20","released","27cf186f-a4f6-4f64-8882-c293989ad002","quay.io/ncigdc","SeSAMe Methylation Beta Estimation","f8ef9dc6375573fc05fee47b70278d89f79a4cd7","Primary Tumor",NA,"TCGA-A1-A0SI","TCGA-A1-A0SI-01A"
"051da21f-0658-48ec-a7cb-b8ecbca50e8a","TXT","TCGA-D8-A27F-01A-11D-A16G-05","open","f040c00e-21be-4606-a380-0c9daae5c624.methylation_array.sesame.level3betas.txt","2e6194b2-36ea-47e4-81e2-a8359db83f1e","DNA Methylation","methylation_beta_value","Illumina Human Methylation 450",13140766,"2023-07-14T13:11:26.345851-05:00","fafe09cb88389fa03fc13fcfda222bef","2023-07-18T10:27:22.832448-05:00","051da21f-0658-48ec-a7cb-b8ecbca50e8a","Methylation Beta Value","released","Methylation Array","2","38.0 - 45.0","TCGA-BRCA","a2431317-635d-45a4-a940-6895b62b18c5","released","f040c00e-21be-4606-a380-0c9daae5c624","quay.io/ncigdc","SeSAMe Methylation Beta Estimation","dc9467b78cf538a0430cd4027dc5092f77d47e20","Primary Tumor",NA,"TCGA-D8-A27F","TCGA-D8-A27F-01A"
"d9da072b-b6df-4126-a91e-ac14670b9e97","TXT","TCGA-A2-A0SX-01A-12D-A10P-05","open","a00d4b9d-8cb2-4d73-bcea-a2a1bb0ecef8.methylation_array.sesame.level3betas.txt","f6e4dfde-e397-4bf9-8adb-fefd174fed81","DNA Methylation","methylation_beta_value","Illumina Human Methylation 450",13053665,"2023-07-14T13:26:05.737238-05:00","1d24a9abece95afe547fc1a4dd59b1a4","2023-07-18T10:27:14.464715-05:00","d9da072b-b6df-4126-a91e-ac14670b9e97","Methylation Beta Value","released","Methylation Array","2","38.0 - 45.0","TCGA-BRCA","ed630521-5d14-4677-9d4c-4f9afc638f32","released","a00d4b9d-8cb2-4d73-bcea-a2a1bb0ecef8","quay.io/ncigdc","SeSAMe Methylation Beta Estimation","9e258094ac9d4febe3721ceba25c1b8dbd1a27f8","Primary Tumor",NA,"TCGA-A2-A0SX","TCGA-A2-A0SX-01A"
"4b2a08fb-6ecd-4f84-a40b-6c58a0dadbab","TXT","TCGA-BH-A0B3-11B-21D-A10Q-05","open","45fedb75-bf65-4bcc-ac75-bce2b882e8d7.methylation_array.sesame.level3betas.txt","e30bfff9-2071-42bb-b3df-f2d4399b7b8b","DNA Methylation","methylation_beta_value","Illumina Human Methylation 450",12834786,"2023-07-14T13:23:30.634970-05:00","9dce565345552ee6bc3e3d9144b2edc4","2023-07-18T10:26:05.841364-05:00","4b2a08fb-6ecd-4f84-a40b-6c58a0dadbab","Methylation Beta Value","released","Methylation Array","2","38.0 - 45.0","TCGA-BRCA","da414329-7ed4-445b-8126-feb490036b90","released","45fedb75-bf65-4bcc-ac75-bce2b882e8d7","quay.io/ncigdc","SeSAMe Methylation Beta Estimation","9e258094ac9d4febe3721ceba25c1b8dbd1a27f8","Solid Tissue Normal",NA,"TCGA-BH-A0B3","TCGA-BH-A0B3-11B"
"370fae3b-b3f5-4c1d-a3a4-c0ef5d2603b2","TXT","TCGA-BH-A0B3-01A-11D-A10P-05","open","5efc8fdc-3e6e-4f7d-8356-6210aa14353e.methylation_array.sesame.level3betas.txt","521160e7-1309-48c3-b7a8-58a2b65f9e09","DNA Methylation","methylation_beta_value","Illumina Human Methylation 450",13011095,"2023-07-14T13:41:55.911326-05:00","e6014e1dbc2f59812c8389d325e2504d","2023-07-18T10:26:41.383263-05:00","370fae3b-b3f5-4c1d-a3a4-c0ef5d2603b2","Methylation Beta Value","released","Methylation Array","2","38.0 - 45.0","TCGA-BRCA","bd19284a-e6d1-492a-b944-cf0566238d58","released","5efc8fdc-3e6e-4f7d-8356-6210aa14353e","quay.io/ncigdc","SeSAMe Methylation Beta Estimation","f8ef9dc6375573fc05fee47b70278d89f79a4cd7","Primary Tumor",NA,"TCGA-BH-A0B3","TCGA-BH-A0B3-01A"
"334c79a0-6876-455a-a777-6b092b248e57","TXT","TCGA-AN-A0XO-01A-11D-A10A-05","open","6daed65e-7eb7-45a2-b190-3e4236efdda1.methylation_array.sesame.level3betas.txt","66a21a1c-4bca-4a03-826b-c406fcb0ff0d","DNA Methylation","methylation_beta_value","Illumina Human Methylation 450",12970573,"2023-07-14T13:10:42.587788-05:00","0bb3f51b82790d5dc1cb992ef54bbca5","2023-07-18T10:27:08.785764-05:00","334c79a0-6876-455a-a777-6b092b248e57","Methylation Beta Value","released","Methylation Array","2","38.0 - 45.0","TCGA-BRCA","d8114b5d-8ced-49ef-b889-907e1c0e9841","released","6daed65e-7eb7-45a2-b190-3e4236efdda1","quay.io/ncigdc","SeSAMe Methylation Beta Estimation","dc9467b78cf538a0430cd4027dc5092f77d47e20","Primary Tumor",NA,"TCGA-AN-A0XO","TCGA-AN-A0XO-01A"
"2fa490f5-1f72-431d-b486-185d53f97df9","TXT","TCGA-A2-A3XV-01A-21D-A23D-05","open","9dac37f2-d539-4c8e-af42-25534c845596.methylation_array.sesame.level3betas.txt","c2f4cba7-f76f-4297-ba8e-64f0921c3049","DNA Methylation","methylation_beta_value","Illumina Human Methylation 450",13031264,"2023-07-14T13:37:17.623060-05:00","545b1eccab763421fdb2edd4e5bf8ce7","2023-07-18T10:27:11.990683-05:00","2fa490f5-1f72-431d-b486-185d53f97df9","Methylation Beta Value","released","Methylation Array","2","38.0 - 45.0","TCGA-BRCA","a38c271a-0bff-4671-afcb-db42cc0ddfdc","released","9dac37f2-d539-4c8e-af42-25534c845596","quay.io/ncigdc","SeSAMe Methylation Beta Estimation","f8ef9dc6375573fc05fee47b70278d89f79a4cd7","Primary Tumor",NA,"TCGA-A2-A3XV","TCGA-A2-A3XV-01A"
"644d8b58-07c8-4415-b3e2-64ae36ee44c0","TXT","TCGA-D8-A1XT-01A-11D-A14N-05","open","8f2e89c3-c5d4-4c45-8787-490a31b83f52.methylation_array.sesame.level3betas.txt","1a787863-7abf-4f72-b10b-b87bc5afbfa7","DNA Methylation","methylation_beta_value","Illumina Human Methylation 450",13186887,"2023-07-14T13:31:14.622921-05:00","ce1f46b6c4a5813de21e3b870aabf68c","2023-07-18T10:25:17.182526-05:00","644d8b58-07c8-4415-b3e2-64ae36ee44c0","Methylation Beta Value","released","Methylation Array","2","38.0 - 45.0","TCGA-BRCA","2861e02f-7a0e-416e-a04a-cf264c5b33e9","released","8f2e89c3-c5d4-4c45-8787-490a31b83f52","quay.io/ncigdc","SeSAMe Methylation Beta Estimation","9e258094ac9d4febe3721ceba25c1b8dbd1a27f8","Primary Tumor",NA,"TCGA-D8-A1XT","TCGA-D8-A1XT-01A"
"7b4e979b-0478-4aa9-bc01-acd37ba437c6","TXT","TCGA-E9-A22E-01A-11D-A161-05","open","29fabf7f-0547-4b98-90c9-06393df60977.methylation_array.sesame.level3betas.txt","e92b88da-5ebe-45c8-8a9c-16f877751a12","DNA Methylation","methylation_beta_value","Illumina Human Methylation 450",12770520,"2023-07-14T13:27:13.233236-05:00","f0126f5a5d6280e6861be2757dcdb363","2023-07-18T10:26:25.422748-05:00","7b4e979b-0478-4aa9-bc01-acd37ba437c6","Methylation Beta Value","released","Methylation Array","2","38.0 - 45.0","TCGA-BRCA","4047eead-f698-42ce-a3ed-561019f74a1e","released","29fabf7f-0547-4b98-90c9-06393df60977","quay.io/ncigdc","SeSAMe Methylation Beta Estimation","f8ef9dc6375573fc05fee47b70278d89f79a4cd7","Primary Tumor",NA,"TCGA-E9-A22E","TCGA-E9-A22E-01A"
"ef8c9297-45e9-4d2f-999b-59098410f6b6","TXT","TCGA-AR-A1AW-01A-21D-A12R-05","open","7833a5a8-13de-4b9b-832b-f068ba332f98.methylation_array.sesame.level3betas.txt","65c28307-935a-4299-b254-c887f8d41ec0","DNA Methylation","methylation_beta_value","Illumina Human Methylation 450",13060507,"2023-07-14T13:08:25.888924-05:00","eed262eeb055ed7a6bc0152d3640181b","2023-07-18T10:26:49.837940-05:00","ef8c9297-45e9-4d2f-999b-59098410f6b6","Methylation Beta Value","released","Methylation Array","2","38.0 - 45.0","TCGA-BRCA","9cc393b0-6d69-4303-8a2b-a6be0fbf09d9","released","7833a5a8-13de-4b9b-832b-f068ba332f98","quay.io/ncigdc","SeSAMe Methylation Beta Estimation","dc9467b78cf538a0430cd4027dc5092f77d47e20","Primary Tumor",NA,"TCGA-AR-A1AW","TCGA-AR-A1AW-01A"
"794c0f03-bf7f-449d-85bf-a26f3c7c3762","TXT","TCGA-EW-A1P5-01A-11D-A145-05","open","dc26b0c8-580b-4fff-8a1a-dc55be0e4286.methylation_array.sesame.level3betas.txt","5fc81a2a-da5d-4651-a64f-1f5ace82eaed","DNA Methylation","methylation_beta_value","Illumina Human Methylation 450",13186240,"2023-07-14T13:28:45.548721-05:00","73812a509d7f0a4087f0177654882daf","2023-07-18T10:27:30.507090-05:00","794c0f03-bf7f-449d-85bf-a26f3c7c3762","Methylation Beta Value","released","Methylation Array","2","38.0 - 45.0","TCGA-BRCA","519dd919-5f07-4c86-be04-6d41487c289f","released","dc26b0c8-580b-4fff-8a1a-dc55be0e4286","quay.io/ncigdc","SeSAMe Methylation Beta Estimation","dc9467b78cf538a0430cd4027dc5092f77d47e20","Primary Tumor",NA,"TCGA-EW-A1P5","TCGA-EW-A1P5-01A"
"c5dbcf8b-e059-4718-8ff1-a5121d733475","TXT","TCGA-EW-A1OY-01A-11D-A145-05","open","de7077fd-ff57-419d-ae90-3d302582430b.methylation_array.sesame.level3betas.txt","b8a49b01-716e-4de4-bdbb-b557b140c73f","DNA Methylation","methylation_beta_value","Illumina Human Methylation 450",13159292,"2023-07-14T13:19:06.462026-05:00","89b1fcd9000e766bbc1092d58be7483f","2023-07-18T10:27:09.173940-05:00","c5dbcf8b-e059-4718-8ff1-a5121d733475","Methylation Beta Value","released","Methylation Array","2","38.0 - 45.0","TCGA-BRCA","0a1e68ce-29c2-4814-97b0-1c37f3a43320","released","de7077fd-ff57-419d-ae90-3d302582430b","quay.io/ncigdc","SeSAMe Methylation Beta Estimation","dc9467b78cf538a0430cd4027dc5092f77d47e20","Primary Tumor",NA,"TCGA-EW-A1OY","TCGA-EW-A1OY-01A"
"993235e7-b5cc-4338-ba1c-968662b38b4e","TXT","TCGA-AC-A6NO-01A-12D-A33F-05","open","98ea532f-083a-4326-bb55-4de2641fe187.methylation_array.sesame.level3betas.txt","cfd096ab-4e3f-437d-84ef-1c21950222b0","DNA Methylation","methylation_beta_value","Illumina Human Methylation 450",13089119,"2023-07-14T13:31:36.518369-05:00","0bbedd772fff3d846100316d36ccb672","2023-07-18T10:26:28.110204-05:00","993235e7-b5cc-4338-ba1c-968662b38b4e","Methylation Beta Value","released","Methylation Array","2","38.0 - 45.0","TCGA-BRCA","9dedbaf1-84df-4714-827c-0dd04f497353","released","98ea532f-083a-4326-bb55-4de2641fe187","quay.io/ncigdc","SeSAMe Methylation Beta Estimation","dc9467b78cf538a0430cd4027dc5092f77d47e20","Primary Tumor",NA,"TCGA-AC-A6NO","TCGA-AC-A6NO-01A"
"e8e28a42-7327-40fa-a276-a232e0d5303a","TXT","TCGA-D8-A1JK-01A-11D-A13K-05","open","99d5645a-7ae6-4a37-b9c6-a2b3bf78d5c2.methylation_array.sesame.level3betas.txt","7c832635-8b9a-4912-8c58-d59e6ffbe816","DNA Methylation","methylation_beta_value","Illumina Human Methylation 450",13148736,"2023-07-14T13:22:29.555405-05:00","34aad9a2ec291069f3b36a8796d0a0cf","2023-07-18T10:25:30.722402-05:00","e8e28a42-7327-40fa-a276-a232e0d5303a","Methylation Beta Value","released","Methylation Array","2","38.0 - 45.0","TCGA-BRCA","030ee298-d7ed-453d-ba31-fd09caae05a9","released","99d5645a-7ae6-4a37-b9c6-a2b3bf78d5c2","quay.io/ncigdc","SeSAMe Methylation Beta Estimation","f8ef9dc6375573fc05fee47b70278d89f79a4cd7","Primary Tumor",NA,"TCGA-D8-A1JK","TCGA-D8-A1JK-01A"
"cd392595-9845-4697-89af-759091db3359","TXT","TCGA-A7-A426-01A-22D-A244-05","open","808d6ff1-ae7a-4521-8d5e-4f92ed92bf8d.methylation_array.sesame.level3betas.txt","9286e7e8-be40-4e12-a207-f7139d860edc","DNA Methylation","methylation_beta_value","Illumina Human Methylation 450",13154433,"2023-07-14T13:27:31.331251-05:00","b4f9fce2ca271f25814667a2e3a4fcfd","2023-07-18T10:26:33.776769-05:00","cd392595-9845-4697-89af-759091db3359","Methylation Beta Value","released","Methylation Array","2","38.0 - 45.0","TCGA-BRCA","721a543b-6ccd-481f-b37d-fe283bc0139a","released","808d6ff1-ae7a-4521-8d5e-4f92ed92bf8d","quay.io/ncigdc","SeSAMe Methylation Beta Estimation","9e258094ac9d4febe3721ceba25c1b8dbd1a27f8","Primary Tumor",NA,"TCGA-A7-A426","TCGA-A7-A426-01A"
"8d60f42d-9a81-469f-a3c7-6e5ee0e53d33","TXT","TCGA-BH-A0B8-11A-41D-A093-05","open","9102ccb5-f20c-4f5b-9fc0-6973c3f0381f.methylation_array.sesame.level3betas.txt","1ac69a21-25a4-430b-a6ce-e514781612bb","DNA Methylation","methylation_beta_value","Illumina Human Methylation 450",13018165,"2023-07-14T13:09:18.655495-05:00","f2cb84fef343ce3d86975a63a6c8eb7e","2023-07-18T10:26:03.422425-05:00","8d60f42d-9a81-469f-a3c7-6e5ee0e53d33","Methylation Beta Value","released","Methylation Array","2","38.0 - 45.0","TCGA-BRCA","827525fc-02dc-4609-aab6-f1d8f6fffe46","released","9102ccb5-f20c-4f5b-9fc0-6973c3f0381f","quay.io/ncigdc","SeSAMe Methylation Beta Estimation","dc9467b78cf538a0430cd4027dc5092f77d47e20","Solid Tissue Normal",NA,"TCGA-BH-A0B8","TCGA-BH-A0B8-11A"
"810948e3-8e9c-4690-a85a-5a980ac03860","TXT","TCGA-BH-A1FG-01A-11D-A13K-05","open","33bedc85-acdd-4f9c-903b-30f0037875de.methylation_array.sesame.level3betas.txt","1e8f55c1-45ea-4482-a329-e66d91ccc446","DNA Methylation","methylation_beta_value","Illumina Human Methylation 450",13172542,"2023-07-14T13:44:45.053644-05:00","ad7efa0cc4a65e487e16f363b092759c","2023-07-18T10:26:14.145619-05:00","810948e3-8e9c-4690-a85a-5a980ac03860","Methylation Beta Value","released","Methylation Array","2","38.0 - 45.0","TCGA-BRCA","aacdeadc-67d4-407e-96ab-6bc8119595ba","released","33bedc85-acdd-4f9c-903b-30f0037875de","quay.io/ncigdc","SeSAMe Methylation Beta Estimation","f8ef9dc6375573fc05fee47b70278d89f79a4cd7","Primary Tumor",NA,"TCGA-BH-A1FG","TCGA-BH-A1FG-01A"
"1dbc2b0d-0268-46b4-9b79-3c70520fe8b8","TXT","TCGA-BH-A1FG-11B-12D-A13T-05","open","d2957950-f018-4b81-b072-320e1e790fbd.methylation_array.sesame.level3betas.txt","5a0704c9-28a7-4b40-8e82-e008254c1a98","DNA Methylation","methylation_beta_value","Illumina Human Methylation 450",13208241,"2023-07-14T13:15:27.631244-05:00","82038dc3313340c3bf2d2226d8a4f68a","2023-07-18T10:25:31.765245-05:00","1dbc2b0d-0268-46b4-9b79-3c70520fe8b8","Methylation Beta Value","released","Methylation Array","2","38.0 - 45.0","TCGA-BRCA","ebf8e066-8969-43e1-bd6a-a6fbc20bc873","released","d2957950-f018-4b81-b072-320e1e790fbd","quay.io/ncigdc","SeSAMe Methylation Beta Estimation","f8ef9dc6375573fc05fee47b70278d89f79a4cd7","Solid Tissue Normal",NA,"TCGA-BH-A1FG","TCGA-BH-A1FG-11B"
"63a54854-7db7-48bc-a56b-5d43800be36d","TXT","TCGA-E2-A1LH-01A-11D-A14H-05","open","5d69fe01-5daa-4d80-b97e-814eca1abeb8.methylation_array.sesame.level3betas.txt","1996d708-f031-4956-bbaf-1e6173f6b3b3","DNA Methylation","methylation_beta_value","Illumina Human Methylation 450",13149485,"2023-07-14T13:15:33.293394-05:00","5421cd766241629800d80d7fdca74ad7","2023-07-18T10:26:25.279415-05:00","63a54854-7db7-48bc-a56b-5d43800be36d","Methylation Beta Value","released","Methylation Array","2","38.0 - 45.0","TCGA-BRCA","c401c92a-1c76-48a7-b518-dc88fbf4c20b","released","5d69fe01-5daa-4d80-b97e-814eca1abeb8","quay.io/ncigdc","SeSAMe Methylation Beta Estimation","dc9467b78cf538a0430cd4027dc5092f77d47e20","Primary Tumor",NA,"TCGA-E2-A1LH","TCGA-E2-A1LH-01A"
"8451c744-9e29-4518-884e-9d9343c7cdeb","TXT","TCGA-AC-A5XS-01A-11D-A29O-05","open","7b945c4b-8c5d-468a-a730-43ae2785fccf.methylation_array.sesame.level3betas.txt","59277166-ffc0-4c02-a1ca-14f82ca73d66","DNA Methylation","methylation_beta_value","Illumina Human Methylation 450",13131538,"2023-07-14T13:20:02.809512-05:00","d48f53c576c490adcae27d9539f1cc20","2023-07-18T10:27:19.066267-05:00","8451c744-9e29-4518-884e-9d9343c7cdeb","Methylation Beta Value","released","Methylation Array","2","38.0 - 45.0","TCGA-BRCA","7fed2414-44d0-43df-ad5c-255ae9301140","released","7b945c4b-8c5d-468a-a730-43ae2785fccf","quay.io/ncigdc","SeSAMe Methylation Beta Estimation","dc9467b78cf538a0430cd4027dc5092f77d47e20","Primary Tumor",NA,"TCGA-AC-A5XS","TCGA-AC-A5XS-01A"
"5199288a-7cbb-4aaa-8f49-a246ec2fd4d7","TXT","TCGA-AC-A8OS-01A-12D-A41Q-05","open","9ffb94b1-eb84-42df-bfda-e3f2b07c3d05.methylation_array.sesame.level3betas.txt","791ff63b-1493-4780-8857-98df97686f62","DNA Methylation","methylation_beta_value","Illumina Human Methylation 450",13142105,"2023-07-14T13:32:25.239401-05:00","ab54d2129fd997192df828a07a61a0ae","2023-07-18T10:27:09.707918-05:00","5199288a-7cbb-4aaa-8f49-a246ec2fd4d7","Methylation Beta Value","released","Methylation Array","2","38.0 - 45.0","TCGA-BRCA","5b61450d-e49b-40cf-b383-4fc832e73343","released","9ffb94b1-eb84-42df-bfda-e3f2b07c3d05","quay.io/ncigdc","SeSAMe Methylation Beta Estimation","f8ef9dc6375573fc05fee47b70278d89f79a4cd7","Primary Tumor",NA,"TCGA-AC-A8OS","TCGA-AC-A8OS-01A"
"d1dbac2a-9201-4e1d-8cba-c5f929c6ee81","TXT","TCGA-A7-A26E-01A-11D-A27B-05","open","9667c3f9-3686-4404-a588-1909113c0c3c.methylation_array.sesame.level3betas.txt","9da05854-083a-44c2-a864-83d2c3546eb8","DNA Methylation","methylation_beta_value","Illumina Human Methylation 450",13160381,"2023-07-14T13:09:40.918008-05:00","cada5274e5eca226ac934bed5116433d","2023-07-18T10:26:20.264139-05:00","d1dbac2a-9201-4e1d-8cba-c5f929c6ee81","Methylation Beta Value","released","Methylation Array","2","38.0 - 45.0","TCGA-BRCA","54784d36-e665-4290-b5ae-3c1ad6516d8c","released","9667c3f9-3686-4404-a588-1909113c0c3c","quay.io/ncigdc","SeSAMe Methylation Beta Estimation","9e258094ac9d4febe3721ceba25c1b8dbd1a27f8","Primary Tumor",NA,"TCGA-A7-A26E","TCGA-A7-A26E-01A"
"1937a0e4-fd0e-45aa-8a88-93e7924c36ee","TXT","TCGA-A7-A26E-01B-06D-A27B-05","open","309f399b-06ca-4e3f-a3d6-a6e625040ec9.methylation_array.sesame.level3betas.txt","622b322b-543d-4173-a767-a37baa57b947","DNA Methylation","methylation_beta_value","Illumina Human Methylation 450",13036208,"2023-07-14T13:38:15.050456-05:00","8de37e5c457cf225172868254ba9a3e7","2023-07-18T10:26:53.305243-05:00","1937a0e4-fd0e-45aa-8a88-93e7924c36ee","Methylation Beta Value","released","Methylation Array","2","38.0 - 45.0","TCGA-BRCA","804db2bc-275c-4017-9732-9729b34c8329","released","309f399b-06ca-4e3f-a3d6-a6e625040ec9","quay.io/ncigdc","SeSAMe Methylation Beta Estimation","f8ef9dc6375573fc05fee47b70278d89f79a4cd7","Primary Tumor",NA,"TCGA-A7-A26E","TCGA-A7-A26E-01B"
"c8e5eee7-40c2-46d9-b83d-0153756c5d0f","TXT","TCGA-B6-A400-01A-11D-A23D-05","open","cc811843-b50e-4151-b176-29e58a2e2d35.methylation_array.sesame.level3betas.txt","9183e268-7ced-4703-b34b-f1351594115d","DNA Methylation","methylation_beta_value","Illumina Human Methylation 450",13132388,"2023-07-14T13:40:42.158938-05:00","fc6b6699e8211b4d63ee00fdf2a54474","2023-07-18T10:27:14.599952-05:00","c8e5eee7-40c2-46d9-b83d-0153756c5d0f","Methylation Beta Value","released","Methylation Array","2","38.0 - 45.0","TCGA-BRCA","52984153-b863-445a-bb1f-3e089c5e1b40","released","cc811843-b50e-4151-b176-29e58a2e2d35","quay.io/ncigdc","SeSAMe Methylation Beta Estimation","dc9467b78cf538a0430cd4027dc5092f77d47e20","Primary Tumor",NA,"TCGA-B6-A400","TCGA-B6-A400-01A"
"8c6bf741-7841-49f7-89cc-69c1944c6401","TXT","TCGA-E2-A1B4-01A-11D-A12R-05","open","4c6e2315-1f3d-4835-ad17-2eca2969b326.methylation_array.sesame.level3betas.txt","c88282b3-d3fe-4262-bf26-ff6c0358b713","DNA Methylation","methylation_beta_value","Illumina Human Methylation 450",13050779,"2023-07-14T13:30:02.606403-05:00","d70158e914a21bb272d0e4bf0d58c809","2023-07-18T10:25:54.631902-05:00","8c6bf741-7841-49f7-89cc-69c1944c6401","Methylation Beta Value","released","Methylation Array","2","38.0 - 45.0","TCGA-BRCA","1c942860-daad-4520-9674-9fa4969ff3be","released","4c6e2315-1f3d-4835-ad17-2eca2969b326","quay.io/ncigdc","SeSAMe Methylation Beta Estimation","f8ef9dc6375573fc05fee47b70278d89f79a4cd7","Primary Tumor",NA,"TCGA-E2-A1B4","TCGA-E2-A1B4-01A"
"cd672c52-dab7-4f45-b7b9-d58236b6eedd","TXT","TCGA-GM-A2DC-01A-11D-A18O-05","open","43ebfd98-dc67-40a5-869f-3a9ec5112d6d.methylation_array.sesame.level3betas.txt","10d0c3a4-edcd-45a6-b695-5dcb0282a46a","DNA Methylation","methylation_beta_value","Illumina Human Methylation 450",13187626,"2023-07-14T13:31:45.419400-05:00","9fadb148241caa9fc7174f191f8a9c36","2023-07-18T10:25:58.028501-05:00","cd672c52-dab7-4f45-b7b9-d58236b6eedd","Methylation Beta Value","released","Methylation Array","2","38.0 - 45.0","TCGA-BRCA","9cd0120f-c277-451d-ba78-e5b908005cee","released","43ebfd98-dc67-40a5-869f-3a9ec5112d6d","quay.io/ncigdc","SeSAMe Methylation Beta Estimation","f8ef9dc6375573fc05fee47b70278d89f79a4cd7","Primary Tumor",NA,"TCGA-GM-A2DC","TCGA-GM-A2DC-01A"
"feca4ef1-a91b-4d3a-a07f-24f4399008ad","TXT","TCGA-E2-A10E-01A-21D-A10N-05","open","55c9e38d-e2b4-46e3-a013-dc4a32d24cfa.methylation_array.sesame.level3betas.txt","5dde6652-997a-41c2-91d7-54edc348883b","DNA Methylation","methylation_beta_value","Illumina Human Methylation 450",12945594,"2023-07-14T13:21:54.990561-05:00","6f6fe92280a00332213a122b2ca7f625","2023-07-18T10:26:44.876980-05:00","feca4ef1-a91b-4d3a-a07f-24f4399008ad","Methylation Beta Value","released","Methylation Array","2","38.0 - 45.0","TCGA-BRCA","db8ac556-f0b9-4a85-ae51-a11546f6b2ee","released","55c9e38d-e2b4-46e3-a013-dc4a32d24cfa","quay.io/ncigdc","SeSAMe Methylation Beta Estimation","dc9467b78cf538a0430cd4027dc5092f77d47e20","Primary Tumor",NA,"TCGA-E2-A10E","TCGA-E2-A10E-01A"
"6b8e4926-0dda-4273-8556-87f737e1480c","TXT","TCGA-D8-A1JS-01A-11D-A13K-05","open","647d0295-a3aa-4df2-8c0a-4461e5b006be.methylation_array.sesame.level3betas.txt","a9ba542e-5fc8-45a1-9d26-5b4eab6e77b4","DNA Methylation","methylation_beta_value","Illumina Human Methylation 450",13187179,"2023-07-14T13:28:47.387351-05:00","2727ae4b7467db2d549c6e67e8eee4c6","2023-07-18T10:26:32.748209-05:00","6b8e4926-0dda-4273-8556-87f737e1480c","Methylation Beta Value","released","Methylation Array","2","38.0 - 45.0","TCGA-BRCA","94959e09-8b84-49d6-895d-3e0bd095b01a","released","647d0295-a3aa-4df2-8c0a-4461e5b006be","quay.io/ncigdc","SeSAMe Methylation Beta Estimation","dc9467b78cf538a0430cd4027dc5092f77d47e20","Primary Tumor",NA,"TCGA-D8-A1JS","TCGA-D8-A1JS-01A"
"667f7f25-6dec-40d7-b4b6-06684223a7b1","TXT","TCGA-D8-A1JF-01A-11D-A13K-05","open","6210b5a3-534b-43d4-96aa-28542ee7cbe7.methylation_array.sesame.level3betas.txt","80f04c59-3d33-4e5d-8837-27e278874076","DNA Methylation","methylation_beta_value","Illumina Human Methylation 450",13154224,"2023-07-14T13:18:57.355305-05:00","0c26f619e83f0f302420e52291b1fb15","2023-07-18T10:27:16.661560-05:00","667f7f25-6dec-40d7-b4b6-06684223a7b1","Methylation Beta Value","released","Methylation Array","2","38.0 - 45.0","TCGA-BRCA","e2d520b9-e44d-4488-8c48-be466f09bf1d","released","6210b5a3-534b-43d4-96aa-28542ee7cbe7","quay.io/ncigdc","SeSAMe Methylation Beta Estimation","dc9467b78cf538a0430cd4027dc5092f77d47e20","Primary Tumor",NA,"TCGA-D8-A1JF","TCGA-D8-A1JF-01A"
"1ddfbde6-c044-4d3b-9bde-335705307a19","TXT","TCGA-E2-A1BD-01A-11D-A12R-05","open","d43ed399-49e1-461d-a38c-42e02f2545ce.methylation_array.sesame.level3betas.txt","c0eebd15-c57e-43d9-a381-65e251d2ea3e","DNA Methylation","methylation_beta_value","Illumina Human Methylation 450",13043260,"2023-07-14T13:10:13.187282-05:00","684d667debfe862044e82836e90d96e0","2023-07-18T10:25:24.018837-05:00","1ddfbde6-c044-4d3b-9bde-335705307a19","Methylation Beta Value","released","Methylation Array","2","38.0 - 45.0","TCGA-BRCA","f4f84e41-7537-40f1-8096-5e78e8581a7e","released","d43ed399-49e1-461d-a38c-42e02f2545ce","quay.io/ncigdc","SeSAMe Methylation Beta Estimation","f8ef9dc6375573fc05fee47b70278d89f79a4cd7","Primary Tumor",NA,"TCGA-E2-A1BD","TCGA-E2-A1BD-01A"
"6de69b48-1c4d-4032-942a-ae4862e29336","TXT","TCGA-BH-A1FN-01A-11D-A13K-05","open","16b3a935-84da-4df3-b38e-e9ab56c3a0ff.methylation_array.sesame.level3betas.txt","a8ce80e3-f6b3-4285-a287-58c2ed8cdc9f","DNA Methylation","methylation_beta_value","Illumina Human Methylation 450",13143041,"2023-07-14T13:45:57.103856-05:00","b8364df5b2837a082933be7b6a03db3b","2023-07-18T10:25:41.885354-05:00","6de69b48-1c4d-4032-942a-ae4862e29336","Methylation Beta Value","released","Methylation Array","2","38.0 - 45.0","TCGA-BRCA","a642731d-9378-4342-8227-272fccd52516","released","16b3a935-84da-4df3-b38e-e9ab56c3a0ff","quay.io/ncigdc","SeSAMe Methylation Beta Estimation","f8ef9dc6375573fc05fee47b70278d89f79a4cd7","Primary Tumor",NA,"TCGA-BH-A1FN","TCGA-BH-A1FN-01A"
"6d2c4199-c2e2-4299-abfc-0de2d0d23e9c","TXT","TCGA-A2-A1G6-01A-11D-A13K-05","open","7cca8bf2-2951-4763-9344-fc8fb3630944.methylation_array.sesame.level3betas.txt","07f528d6-d55d-4a80-bfb7-a359445970a4","DNA Methylation","methylation_beta_value","Illumina Human Methylation 450",13200732,"2023-07-14T13:31:11.113430-05:00","89f111b9eb53306e9335875017c0a5e3","2023-07-18T10:26:26.823547-05:00","6d2c4199-c2e2-4299-abfc-0de2d0d23e9c","Methylation Beta Value","released","Methylation Array","2","38.0 - 45.0","TCGA-BRCA","a53323b1-6b91-4c27-8941-43d140ddccd7","released","7cca8bf2-2951-4763-9344-fc8fb3630944","quay.io/ncigdc","SeSAMe Methylation Beta Estimation","dc9467b78cf538a0430cd4027dc5092f77d47e20","Primary Tumor",NA,"TCGA-A2-A1G6","TCGA-A2-A1G6-01A"
"6e37de2e-dab5-4182-9bf1-23ae4230bc3d","TXT","TCGA-A2-A0YH-01A-11D-A10A-05","open","8880f364-0ecf-4b89-91c1-d585e942b60e.methylation_array.sesame.level3betas.txt","0dd349dc-1893-4fe5-b11b-23ce398d6f36","DNA Methylation","methylation_beta_value","Illumina Human Methylation 450",12728939,"2023-07-14T13:08:15.255663-05:00","8fe01247377635c4f31b62e0aa252a3f","2023-07-18T10:26:49.049088-05:00","6e37de2e-dab5-4182-9bf1-23ae4230bc3d","Methylation Beta Value","released","Methylation Array","2","38.0 - 45.0","TCGA-BRCA","40970b30-3740-488e-8bea-008451244854","released","8880f364-0ecf-4b89-91c1-d585e942b60e","quay.io/ncigdc","SeSAMe Methylation Beta Estimation","dc9467b78cf538a0430cd4027dc5092f77d47e20","Primary Tumor",NA,"TCGA-A2-A0YH","TCGA-A2-A0YH-01A"
"b3d20136-2dd8-412c-abb4-e2ea713e0b10","TXT","TCGA-A2-A0T1-01A-21D-A10P-05","open","e5fb246d-bc52-4300-ab3e-417a4a616538.methylation_array.sesame.level3betas.txt","da70f158-1281-40a0-9b70-e901bdab2f2c","DNA Methylation","methylation_beta_value","Illumina Human Methylation 450",12926295,"2023-07-14T13:21:31.121698-05:00","46329e525973d8bb57560cb9d646648f","2023-07-18T10:26:14.666969-05:00","b3d20136-2dd8-412c-abb4-e2ea713e0b10","Methylation Beta Value","released","Methylation Array","2","38.0 - 45.0","TCGA-BRCA","7b4357f4-0cb2-46f6-8163-a1ba0a93d431","released","e5fb246d-bc52-4300-ab3e-417a4a616538","quay.io/ncigdc","SeSAMe Methylation Beta Estimation","f8ef9dc6375573fc05fee47b70278d89f79a4cd7","Primary Tumor",NA,"TCGA-A2-A0T1","TCGA-A2-A0T1-01A"
"bcc086c5-0d9c-4197-9b7a-b324120e6a98","TXT","TCGA-BH-A0DV-11A-22D-A12R-05","open","86ff19fe-bc20-4f75-b9f9-32f4f0041f89.methylation_array.sesame.level3betas.txt","3e55e11b-d590-423e-bba9-8ee85dbd3928","DNA Methylation","methylation_beta_value","Illumina Human Methylation 450",12874568,"2023-07-14T13:45:39.525185-05:00","298e430a8c40000b25796b6bcc293aee","2023-07-18T10:25:27.532944-05:00","bcc086c5-0d9c-4197-9b7a-b324120e6a98","Methylation Beta Value","released","Methylation Array","2","38.0 - 45.0","TCGA-BRCA","125d79a6-8304-4526-a7ed-28ba67081a55","released","86ff19fe-bc20-4f75-b9f9-32f4f0041f89","quay.io/ncigdc","SeSAMe Methylation Beta Estimation","f8ef9dc6375573fc05fee47b70278d89f79a4cd7","Solid Tissue Normal",NA,"TCGA-BH-A0DV","TCGA-BH-A0DV-11A"
"58f142ae-64ba-4598-90d9-7a2ec2acad1d","TXT","TCGA-D8-A1JC-01A-11D-A13K-05","open","d25c42dd-dda6-42d0-8756-6dbb96df2c61.methylation_array.sesame.level3betas.txt","35c1ae78-2bd8-4fce-864a-9dbbd68d4435","DNA Methylation","methylation_beta_value","Illumina Human Methylation 450",13106781,"2023-07-14T13:45:44.705574-05:00","b8087b98c5ef19640d6b605d41ac8fbf","2023-07-18T10:27:17.226085-05:00","58f142ae-64ba-4598-90d9-7a2ec2acad1d","Methylation Beta Value","released","Methylation Array","2","38.0 - 45.0","TCGA-BRCA","7fc23bbc-7c5f-4770-a8e1-87b7781c80f7","released","d25c42dd-dda6-42d0-8756-6dbb96df2c61","quay.io/ncigdc","SeSAMe Methylation Beta Estimation","dc9467b78cf538a0430cd4027dc5092f77d47e20","Primary Tumor",NA,"TCGA-D8-A1JC","TCGA-D8-A1JC-01A"
"4107b84b-f298-4c23-9573-553921fbe656","TXT","TCGA-D8-A73U-01A-11D-A33F-05","open","9f189237-a9bf-4c6c-bc0c-94a730bb1b30.methylation_array.sesame.level3betas.txt","784e9795-b324-4fcb-a0b9-785fd34af442","DNA Methylation","methylation_beta_value","Illumina Human Methylation 450",13055230,"2023-07-14T13:16:07.402400-05:00","ad5c92013b1c709d74a90e9d20e84e30","2023-07-18T10:26:42.244177-05:00","4107b84b-f298-4c23-9573-553921fbe656","Methylation Beta Value","released","Methylation Array","2","38.0 - 45.0","TCGA-BRCA","466af283-118f-4336-a98d-b76cc1e5a8ea","released","9f189237-a9bf-4c6c-bc0c-94a730bb1b30","quay.io/ncigdc","SeSAMe Methylation Beta Estimation","dc9467b78cf538a0430cd4027dc5092f77d47e20","Primary Tumor",NA,"TCGA-D8-A73U","TCGA-D8-A73U-01A"
"36cd530d-6829-4eaf-9cda-be562f3a2ce1","TXT","TCGA-OL-A5RW-01A-11D-A28C-05","open","cda7227a-e760-4949-9a99-2c108cd2e216.methylation_array.sesame.level3betas.txt","3383100a-14ef-4105-8826-822aeb1f6714","DNA Methylation","methylation_beta_value","Illumina Human Methylation 450",13106701,"2023-07-14T13:12:32.179115-05:00","7337600d021e35f77b30a0c3433ff6f1","2023-07-18T10:27:00.415513-05:00","36cd530d-6829-4eaf-9cda-be562f3a2ce1","Methylation Beta Value","released","Methylation Array","2","38.0 - 45.0","TCGA-BRCA","2bd56717-b810-4023-a8c7-aee9660a9f71","released","cda7227a-e760-4949-9a99-2c108cd2e216","quay.io/ncigdc","SeSAMe Methylation Beta Estimation","f8ef9dc6375573fc05fee47b70278d89f79a4cd7","Primary Tumor",NA,"TCGA-OL-A5RW","TCGA-OL-A5RW-01A"
"c118d56b-3ec2-40b5-b8be-2849bebbc138","TXT","TCGA-BH-A0DQ-01A-11D-A10P-05","open","f96b331e-7fd6-4be6-955f-840723801c47.methylation_array.sesame.level3betas.txt","fa38372d-d673-4988-b188-63643be14da5","DNA Methylation","methylation_beta_value","Illumina Human Methylation 450",12953026,"2023-07-14T13:38:41.931224-05:00","fb50b4f85461a87084899479669479d2","2023-07-18T10:27:32.288096-05:00","c118d56b-3ec2-40b5-b8be-2849bebbc138","Methylation Beta Value","released","Methylation Array","2","38.0 - 45.0","TCGA-BRCA","f966f9fc-c3e8-4b16-bb99-3a0f412035c9","released","f96b331e-7fd6-4be6-955f-840723801c47","quay.io/ncigdc","SeSAMe Methylation Beta Estimation","f8ef9dc6375573fc05fee47b70278d89f79a4cd7","Primary Tumor",NA,"TCGA-BH-A0DQ","TCGA-BH-A0DQ-01A"
"13d68a17-860b-40d6-a370-1a480885ba9a","TXT","TCGA-BH-A0DQ-11A-12D-A10Q-05","open","d4a85cc7-c7c1-4817-8844-30a6e1338517.methylation_array.sesame.level3betas.txt","03a952a8-d745-41f4-a54d-ccfe37c0c913","DNA Methylation","methylation_beta_value","Illumina Human Methylation 450",12838533,"2023-07-14T13:17:58.111228-05:00","8d4c97539b719d8d3faf7db3292bb042","2023-07-18T10:27:15.304585-05:00","13d68a17-860b-40d6-a370-1a480885ba9a","Methylation Beta Value","released","Methylation Array","2","38.0 - 45.0","TCGA-BRCA","708537ae-0818-4e48-a634-a5e5f2a75095","released","d4a85cc7-c7c1-4817-8844-30a6e1338517","quay.io/ncigdc","SeSAMe Methylation Beta Estimation","dc9467b78cf538a0430cd4027dc5092f77d47e20","Solid Tissue Normal",NA,"TCGA-BH-A0DQ","TCGA-BH-A0DQ-11A"
"26cb10d6-0cf5-4f3c-9daa-4329c55c3ec8","TXT","TCGA-C8-A1HJ-01A-11D-A13K-05","open","00e0b87d-1354-4b56-91d8-84f58dfa87fe.methylation_array.sesame.level3betas.txt","d9c682d4-dec1-4961-a284-6dced382472a","DNA Methylation","methylation_beta_value","Illumina Human Methylation 450",13173668,"2023-07-14T13:24:58.074512-05:00","f219de9648413dc9b2a926cbff3152b9","2023-07-18T10:27:21.743059-05:00","26cb10d6-0cf5-4f3c-9daa-4329c55c3ec8","Methylation Beta Value","released","Methylation Array","2","38.0 - 45.0","TCGA-BRCA","a1a63346-6373-4076-acfc-5cbe3f755a47","released","00e0b87d-1354-4b56-91d8-84f58dfa87fe","quay.io/ncigdc","SeSAMe Methylation Beta Estimation","dc9467b78cf538a0430cd4027dc5092f77d47e20","Primary Tumor",NA,"TCGA-C8-A1HJ","TCGA-C8-A1HJ-01A"
"6e1dc0f7-9cab-4797-a58b-7c9a712115c8","TXT","TCGA-A2-A0T5-01A-21D-A10P-05","open","d92a0208-4cf3-4136-9487-18981ca63c0e.methylation_array.sesame.level3betas.txt","a7fa48b7-65e5-436d-af57-015e862be995","DNA Methylation","methylation_beta_value","Illumina Human Methylation 450",13083121,"2023-07-14T13:09:33.409497-05:00","9dd93f2dddde2af6f4512583e7a4d303","2023-07-18T10:24:41.659112-05:00","6e1dc0f7-9cab-4797-a58b-7c9a712115c8","Methylation Beta Value","released","Methylation Array","2","38.0 - 45.0","TCGA-BRCA","700a0ed2-a502-429c-b0ae-e0dd8f293f28","released","d92a0208-4cf3-4136-9487-18981ca63c0e","quay.io/ncigdc","SeSAMe Methylation Beta Estimation","dc9467b78cf538a0430cd4027dc5092f77d47e20","Primary Tumor",NA,"TCGA-A2-A0T5","TCGA-A2-A0T5-01A"
"c7d6ed01-4d5a-434d-bae9-a67fbea5b7d0","TXT","TCGA-BH-A0AU-11A-11D-A12R-05","open","56b5e2d6-7e74-4eb6-87f6-02fddc6804bd.methylation_array.sesame.level3betas.txt","12d1be72-7896-4bfd-8f8e-c94f17cd0b29","DNA Methylation","methylation_beta_value","Illumina Human Methylation 450",13102588,"2023-07-14T13:27:20.333749-05:00","15ec383c233d0fcea723dcc881d5d320","2023-07-18T10:26:28.644597-05:00","c7d6ed01-4d5a-434d-bae9-a67fbea5b7d0","Methylation Beta Value","released","Methylation Array","2","38.0 - 45.0","TCGA-BRCA","44f82847-efe5-4b72-9aae-eaa7fdfde546","released","56b5e2d6-7e74-4eb6-87f6-02fddc6804bd","quay.io/ncigdc","SeSAMe Methylation Beta Estimation","dc9467b78cf538a0430cd4027dc5092f77d47e20","Solid Tissue Normal",NA,"TCGA-BH-A0AU","TCGA-BH-A0AU-11A"
"a0248c6f-6544-46af-82a7-0f6b43d66c81","TXT","TCGA-AR-A2LH-01A-31D-A18O-05","open","e5b31e96-ff7f-44ef-a600-92c0c79c61c5.methylation_array.sesame.level3betas.txt","282030e4-0b18-4c25-bc75-8a263e245d3c","DNA Methylation","methylation_beta_value","Illumina Human Methylation 450",13191243,"2023-07-14T13:34:30.932041-05:00","f79504ad8fcf724f40d314e490be6f28","2023-07-18T10:27:02.517733-05:00","a0248c6f-6544-46af-82a7-0f6b43d66c81","Methylation Beta Value","released","Methylation Array","2","38.0 - 45.0","TCGA-BRCA","a30da0c9-f3ba-4da0-9d84-e6f236a9f0b2","released","e5b31e96-ff7f-44ef-a600-92c0c79c61c5","quay.io/ncigdc","SeSAMe Methylation Beta Estimation","9e258094ac9d4febe3721ceba25c1b8dbd1a27f8","Primary Tumor",NA,"TCGA-AR-A2LH","TCGA-AR-A2LH-01A"
"4413af73-e358-41bb-a767-6a4300f18f4b","TXT","TCGA-D8-A1Y1-01A-21D-A14N-05","open","f37a3d16-dbe7-44ce-aca4-47e45d754050.methylation_array.sesame.level3betas.txt","4a84b7a3-5cb1-4bf6-b592-bfedc177c2c2","DNA Methylation","methylation_beta_value","Illumina Human Methylation 450",13092065,"2023-07-14T13:11:21.730711-05:00","5b5438f59ea42291d010c771e63cdb12","2023-07-18T10:26:22.887312-05:00","4413af73-e358-41bb-a767-6a4300f18f4b","Methylation Beta Value","released","Methylation Array","2","38.0 - 45.0","TCGA-BRCA","84ca6d08-975a-4109-99d9-ce3de37b7efb","released","f37a3d16-dbe7-44ce-aca4-47e45d754050","quay.io/ncigdc","SeSAMe Methylation Beta Estimation","dc9467b78cf538a0430cd4027dc5092f77d47e20","Primary Tumor",NA,"TCGA-D8-A1Y1","TCGA-D8-A1Y1-01A"
"d278de6b-517c-4103-a54d-11ea8ceab6a8","TXT","TCGA-A2-A0CT-01A-31D-A10P-05","open","3d815a36-3656-4586-84a2-9f201745f250.methylation_array.sesame.level3betas.txt","49c898e7-a803-44c3-9a57-f2f5c0036bdd","DNA Methylation","methylation_beta_value","Illumina Human Methylation 450",12896429,"2023-07-14T13:45:19.982425-05:00","f48e1b9ba1898f2d3544e8d7045b38a9","2023-07-18T10:27:18.083887-05:00","d278de6b-517c-4103-a54d-11ea8ceab6a8","Methylation Beta Value","released","Methylation Array","2","38.0 - 45.0","TCGA-BRCA","436b6e32-afe4-4f18-8cf9-8696705bccd2","released","3d815a36-3656-4586-84a2-9f201745f250","quay.io/ncigdc","SeSAMe Methylation Beta Estimation","dc9467b78cf538a0430cd4027dc5092f77d47e20","Primary Tumor",NA,"TCGA-A2-A0CT","TCGA-A2-A0CT-01A"
"f16a7fab-f231-49aa-a4b1-b9d407397eef","TXT","TCGA-D8-A1XQ-01A-11D-A14N-05","open","a12bf2fd-f2b9-4317-9cb8-4c2c302a1496.methylation_array.sesame.level3betas.txt","7c874cd7-5b33-44c4-bf0b-632f6e57dee1","DNA Methylation","methylation_beta_value","Illumina Human Methylation 450",13135587,"2023-07-14T13:16:03.754513-05:00","8683889a86266e5c481a3773be9da045","2023-07-18T10:25:49.575799-05:00","f16a7fab-f231-49aa-a4b1-b9d407397eef","Methylation Beta Value","released","Methylation Array","2","38.0 - 45.0","TCGA-BRCA","a0380e07-27f1-4a2e-bdfe-c151c0aa2630","released","a12bf2fd-f2b9-4317-9cb8-4c2c302a1496","quay.io/ncigdc","SeSAMe Methylation Beta Estimation","dc9467b78cf538a0430cd4027dc5092f77d47e20","Primary Tumor",NA,"TCGA-D8-A1XQ","TCGA-D8-A1XQ-01A"
"85cb9d18-a03c-47d2-a2ea-83cd93de7170","TXT","TCGA-AR-A1AY-01A-21D-A12R-05","open","3bcd2277-582d-48cb-a5cc-0bf1f25c4bc2.methylation_array.sesame.level3betas.txt","88acf036-4ab9-49ac-852d-6ca7e78c1668","DNA Methylation","methylation_beta_value","Illumina Human Methylation 450",13067272,"2023-07-14T13:16:31.741162-05:00","0bf1556e6f29d477b69f4faa8530a17f","2023-07-18T10:26:01.152467-05:00","85cb9d18-a03c-47d2-a2ea-83cd93de7170","Methylation Beta Value","released","Methylation Array","2","38.0 - 45.0","TCGA-BRCA","139eae65-7819-4ade-bbad-f1138998d942","released","3bcd2277-582d-48cb-a5cc-0bf1f25c4bc2","quay.io/ncigdc","SeSAMe Methylation Beta Estimation","dc9467b78cf538a0430cd4027dc5092f77d47e20","Primary Tumor",NA,"TCGA-AR-A1AY","TCGA-AR-A1AY-01A"
"c66fc614-0ce4-446e-80fe-900678002c51","TXT","TCGA-E9-A1RD-11A-33D-A161-05","open","6596a401-07bb-46c8-9b0b-a4bfae13bafc.methylation_array.sesame.level3betas.txt","a4be06de-ca11-49e5-8e9d-c17d102569ad","DNA Methylation","methylation_beta_value","Illumina Human Methylation 450",13164077,"2023-07-14T13:33:21.431786-05:00","8a1b8e97ba6e6a428e0bc64dd44b8e6b","2023-07-18T10:27:26.701629-05:00","c66fc614-0ce4-446e-80fe-900678002c51","Methylation Beta Value","released","Methylation Array","2","38.0 - 45.0","TCGA-BRCA","c97d93c4-0bb3-4070-b6e6-9a8d26d7c6d2","released","6596a401-07bb-46c8-9b0b-a4bfae13bafc","quay.io/ncigdc","SeSAMe Methylation Beta Estimation","dc9467b78cf538a0430cd4027dc5092f77d47e20","Solid Tissue Normal",NA,"TCGA-E9-A1RD","TCGA-E9-A1RD-11A"
"991e8024-e28f-4412-9bf3-99589a69eb62","TXT","TCGA-BH-A0E1-01A-11D-A10P-05","open","30dff985-dbda-4e2d-acf3-f91f7f9be56b.methylation_array.sesame.level3betas.txt","57b1cf99-5d0d-44a7-9d31-a48456181688","DNA Methylation","methylation_beta_value","Illumina Human Methylation 450",13028387,"2023-07-14T13:29:23.848509-05:00","b4032dbf650cf9623b8ede37cb989de9","2023-07-18T10:25:42.294141-05:00","991e8024-e28f-4412-9bf3-99589a69eb62","Methylation Beta Value","released","Methylation Array","2","38.0 - 45.0","TCGA-BRCA","fec7fb7f-09b7-4062-b006-53b472182f19","released","30dff985-dbda-4e2d-acf3-f91f7f9be56b","quay.io/ncigdc","SeSAMe Methylation Beta Estimation","f8ef9dc6375573fc05fee47b70278d89f79a4cd7","Primary Tumor",NA,"TCGA-BH-A0E1","TCGA-BH-A0E1-01A"
"31742597-492e-4ff9-9fb6-1f5ad13a78af","TXT","TCGA-D8-A1JI-01A-11D-A13K-05","open","41e5ab5a-9f50-4d66-9d86-5e19932130d4.methylation_array.sesame.level3betas.txt","76dbba56-cdeb-4c0f-b202-9ada0694c21a","DNA Methylation","methylation_beta_value","Illumina Human Methylation 450",13164816,"2023-07-14T13:09:06.576438-05:00","da46577a03b282645c770f37e7f846db","2023-07-18T10:25:17.731923-05:00","31742597-492e-4ff9-9fb6-1f5ad13a78af","Methylation Beta Value","released","Methylation Array","2","38.0 - 45.0","TCGA-BRCA","b818a3b6-e669-483e-a980-e099dc099b4b","released","41e5ab5a-9f50-4d66-9d86-5e19932130d4","quay.io/ncigdc","SeSAMe Methylation Beta Estimation","9e258094ac9d4febe3721ceba25c1b8dbd1a27f8","Primary Tumor",NA,"TCGA-D8-A1JI","TCGA-D8-A1JI-01A"
"9fe96f28-7101-49cf-804d-20326b614660","TXT","TCGA-BH-A1EV-01A-11D-A138-05","open","d8d73a55-91a6-4dcc-baac-adc323412680.methylation_array.sesame.level3betas.txt","e56b1e02-075c-4c28-a212-90582a61c43d","DNA Methylation","methylation_beta_value","Illumina Human Methylation 450",12812693,"2023-07-14T13:37:55.777847-05:00","30621d82e9a1b0557f572e2f8539148b","2023-07-18T10:25:57.729932-05:00","9fe96f28-7101-49cf-804d-20326b614660","Methylation Beta Value","released","Methylation Array","2","38.0 - 45.0","TCGA-BRCA","224c8909-2046-40d8-bad7-15e5508a83ca","released","d8d73a55-91a6-4dcc-baac-adc323412680","quay.io/ncigdc","SeSAMe Methylation Beta Estimation","dc9467b78cf538a0430cd4027dc5092f77d47e20","Primary Tumor",NA,"TCGA-BH-A1EV","TCGA-BH-A1EV-01A"
"178ba25f-e1c8-4ff2-b3ea-482e870a6978","TXT","TCGA-E9-A228-01A-31D-A161-05","open","f52efb68-3e5d-47b6-b52f-adea06c0f38b.methylation_array.sesame.level3betas.txt","517d36f5-5915-4ca9-a8ad-491c3062eadd","DNA Methylation","methylation_beta_value","Illumina Human Methylation 450",12927664,"2023-07-14T13:23:04.965804-05:00","279418d28ebb750edb237d1ee34a2e93","2023-07-18T10:26:11.574623-05:00","178ba25f-e1c8-4ff2-b3ea-482e870a6978","Methylation Beta Value","released","Methylation Array","2","38.0 - 45.0","TCGA-BRCA","bbf8e572-fea0-40c0-b583-f72ac06ef779","released","f52efb68-3e5d-47b6-b52f-adea06c0f38b","quay.io/ncigdc","SeSAMe Methylation Beta Estimation","f8ef9dc6375573fc05fee47b70278d89f79a4cd7","Primary Tumor",NA,"TCGA-E9-A228","TCGA-E9-A228-01A"
"a29db5bc-10ed-4f7f-8090-167adbeccd02","TXT","TCGA-BH-A1FC-11A-32D-A13T-05","open","cab186b3-2476-43a3-9b15-f822b8487d5b.methylation_array.sesame.level3betas.txt","12709da7-8168-4b02-b375-b4fe66c67025","DNA Methylation","methylation_beta_value","Illumina Human Methylation 450",13152232,"2023-07-14T13:44:41.708585-05:00","b42e9795e100a429f9041da02a488f4a","2023-07-18T10:25:46.734031-05:00","a29db5bc-10ed-4f7f-8090-167adbeccd02","Methylation Beta Value","released","Methylation Array","2","38.0 - 45.0","TCGA-BRCA","47ab595d-bf7b-43d3-9a08-151f3552ddfd","released","cab186b3-2476-43a3-9b15-f822b8487d5b","quay.io/ncigdc","SeSAMe Methylation Beta Estimation","f8ef9dc6375573fc05fee47b70278d89f79a4cd7","Solid Tissue Normal",NA,"TCGA-BH-A1FC","TCGA-BH-A1FC-11A"
"2bdbe481-2406-4892-8446-a34d64d0a44c","TXT","TCGA-E2-A573-01A-11D-A29O-05","open","1daa0996-c123-4067-a397-caa3e6e911d7.methylation_array.sesame.level3betas.txt","686c2097-55f3-4a4b-a1f7-675e051e5be2","DNA Methylation","methylation_beta_value","Illumina Human Methylation 450",13104541,"2023-07-14T13:23:17.634724-05:00","647a00f0c9f5392d8a48c15bad41b59d","2023-07-18T10:26:01.753507-05:00","2bdbe481-2406-4892-8446-a34d64d0a44c","Methylation Beta Value","released","Methylation Array","2","38.0 - 45.0","TCGA-BRCA","d7d57770-69d2-45cd-a2dd-67bad7988cbd","released","1daa0996-c123-4067-a397-caa3e6e911d7","quay.io/ncigdc","SeSAMe Methylation Beta Estimation","9e258094ac9d4febe3721ceba25c1b8dbd1a27f8","Primary Tumor",NA,"TCGA-E2-A573","TCGA-E2-A573-01A"
"849a663b-4c7a-470a-b4d5-b017ab3fec43","TXT","TCGA-A7-A6VW-01A-21D-A33F-05","open","bd755434-474b-4efc-a311-6688e56b0c69.methylation_array.sesame.level3betas.txt","acc526e1-9ef9-44ff-b1e0-f9ae0f8a887d","DNA Methylation","methylation_beta_value","Illumina Human Methylation 450",13102317,"2023-07-14T13:22:18.703442-05:00","c7b82071592946cce494db1aec99a7d4","2023-07-18T10:27:09.313927-05:00","849a663b-4c7a-470a-b4d5-b017ab3fec43","Methylation Beta Value","released","Methylation Array","2","38.0 - 45.0","TCGA-BRCA","f84ed311-c84a-41e9-8e8a-693279f05b73","released","bd755434-474b-4efc-a311-6688e56b0c69","quay.io/ncigdc","SeSAMe Methylation Beta Estimation","dc9467b78cf538a0430cd4027dc5092f77d47e20","Primary Tumor",NA,"TCGA-A7-A6VW","TCGA-A7-A6VW-01A"
"1d33d098-f154-4fc3-aa8d-24e58ef2b7d0","TXT","TCGA-AR-A0TV-01A-21D-A10P-05","open","86e20e42-8755-46df-907f-3f755e9b50fb.methylation_array.sesame.level3betas.txt","38e39d89-da8b-4d55-a302-50bab6ce7898","DNA Methylation","methylation_beta_value","Illumina Human Methylation 450",12839333,"2023-07-14T13:43:18.097879-05:00","c2be098c88f84c4355645eb2267e5172","2023-07-18T10:25:41.751786-05:00","1d33d098-f154-4fc3-aa8d-24e58ef2b7d0","Methylation Beta Value","released","Methylation Array","2","38.0 - 45.0","TCGA-BRCA","c1abdb78-2c8e-4071-bb41-63923f7a8532","released","86e20e42-8755-46df-907f-3f755e9b50fb","quay.io/ncigdc","SeSAMe Methylation Beta Estimation","f8ef9dc6375573fc05fee47b70278d89f79a4cd7","Primary Tumor",NA,"TCGA-AR-A0TV","TCGA-AR-A0TV-01A"
"8da7c90f-9679-4960-bf86-b81b6684cda8","TXT","TCGA-A2-A0SW-01A-11D-A10P-05","open","65d8ee40-1f06-414e-a971-6cfb692fefde.methylation_array.sesame.level3betas.txt","bcc0d44d-0d71-4b38-b7af-04336b093678","DNA Methylation","methylation_beta_value","Illumina Human Methylation 450",12864840,"2023-07-14T13:19:19.442658-05:00","31983523ae564af26cb05fac43527112","2023-07-18T10:26:28.522600-05:00","8da7c90f-9679-4960-bf86-b81b6684cda8","Methylation Beta Value","released","Methylation Array","2","38.0 - 45.0","TCGA-BRCA","cf9dadaf-b765-4f14-8f8d-805a51fd088c","released","65d8ee40-1f06-414e-a971-6cfb692fefde","quay.io/ncigdc","SeSAMe Methylation Beta Estimation","dc9467b78cf538a0430cd4027dc5092f77d47e20","Primary Tumor",NA,"TCGA-A2-A0SW","TCGA-A2-A0SW-01A"
"e706ef89-3fa9-47d8-b092-28b86af07c10","TXT","TCGA-AR-A1AQ-01A-11D-A12R-05","open","a33dc85d-7696-40ed-902d-97d1300c8f31.methylation_array.sesame.level3betas.txt","a8c88cf2-e144-4050-864a-3b74cc728e67","DNA Methylation","methylation_beta_value","Illumina Human Methylation 450",13079152,"2023-07-14T13:40:06.858602-05:00","194fcebe215bb014222ee94dfe24b505","2023-07-18T10:26:22.252899-05:00","e706ef89-3fa9-47d8-b092-28b86af07c10","Methylation Beta Value","released","Methylation Array","2","38.0 - 45.0","TCGA-BRCA","fe624e80-e804-4aed-b562-c5372b83d335","released","a33dc85d-7696-40ed-902d-97d1300c8f31","quay.io/ncigdc","SeSAMe Methylation Beta Estimation","9e258094ac9d4febe3721ceba25c1b8dbd1a27f8","Primary Tumor",NA,"TCGA-AR-A1AQ","TCGA-AR-A1AQ-01A"
"c52e50f3-a396-418f-9f75-33c02042ffe7","TXT","TCGA-OL-A66P-01A-11D-A31V-05","open","aafcd591-7756-4621-bc0f-d73a449d7bab.methylation_array.sesame.level3betas.txt","39277626-d53d-46be-a64d-283d1900e605","DNA Methylation","methylation_beta_value","Illumina Human Methylation 450",12939189,"2023-07-14T13:37:01.332042-05:00","ead6af18c9280e502750a022e671c022","2023-07-18T10:26:49.573610-05:00","c52e50f3-a396-418f-9f75-33c02042ffe7","Methylation Beta Value","released","Methylation Array","2","38.0 - 45.0","TCGA-BRCA","415dda73-6fe0-47d5-bd3b-2522d6b73eb0","released","aafcd591-7756-4621-bc0f-d73a449d7bab","quay.io/ncigdc","SeSAMe Methylation Beta Estimation","f8ef9dc6375573fc05fee47b70278d89f79a4cd7","Primary Tumor",NA,"TCGA-OL-A66P","TCGA-OL-A66P-01A"
"0079b380-6f22-46d4-b86f-e63772ee0b5a","TXT","TCGA-AC-A3TN-01A-11D-A22B-05","open","b7fcc8cf-f1f3-453d-a9ca-375924557d53.methylation_array.sesame.level3betas.txt","660896cf-5f20-4dd1-8942-7e32693d7b17","DNA Methylation","methylation_beta_value","Illumina Human Methylation 450",13146911,"2023-07-14T13:16:17.255477-05:00","d0ad3aa165f80078f5f762c6726c724b","2023-07-18T10:26:53.585088-05:00","0079b380-6f22-46d4-b86f-e63772ee0b5a","Methylation Beta Value","released","Methylation Array","2","38.0 - 45.0","TCGA-BRCA","b1469f66-d7b8-4143-9ed9-fdb95514d890","released","b7fcc8cf-f1f3-453d-a9ca-375924557d53","quay.io/ncigdc","SeSAMe Methylation Beta Estimation","f8ef9dc6375573fc05fee47b70278d89f79a4cd7","Primary Tumor",NA,"TCGA-AC-A3TN","TCGA-AC-A3TN-01A"
"42924886-3ac9-49e4-af8b-81fc42d1b11f","TXT","TCGA-E9-A249-01A-11D-A16A-05","open","54012443-c0c0-4358-a7b4-81a7a904eeaa.methylation_array.sesame.level3betas.txt","c39505ec-d29f-41a5-bd23-765c47093601","DNA Methylation","methylation_beta_value","Illumina Human Methylation 450",13174090,"2023-07-14T13:33:19.646548-05:00","e282f9275a3466385dc30cc0e84f4aba","2023-07-18T10:27:31.890169-05:00","42924886-3ac9-49e4-af8b-81fc42d1b11f","Methylation Beta Value","released","Methylation Array","2","38.0 - 45.0","TCGA-BRCA","2e2c86b6-9283-420b-bf06-db5d9fa120eb","released","54012443-c0c0-4358-a7b4-81a7a904eeaa","quay.io/ncigdc","SeSAMe Methylation Beta Estimation","f8ef9dc6375573fc05fee47b70278d89f79a4cd7","Primary Tumor",NA,"TCGA-E9-A249","TCGA-E9-A249-01A"
"cad3c8fc-2a75-4c88-9210-84b94ded84a5","TXT","TCGA-E9-A1N5-11A-41D-A14H-05","open","8e05fcfb-c01e-4496-8eaa-ed27c24c92b7.methylation_array.sesame.level3betas.txt","d1c7c07b-a091-4ca5-9c2e-4567015bb159","DNA Methylation","methylation_beta_value","Illumina Human Methylation 450",13187703,"2023-07-14T13:42:41.826020-05:00","1dcc65cdd24a4ef965d0d24e71b53016","2023-07-18T10:25:51.260200-05:00","cad3c8fc-2a75-4c88-9210-84b94ded84a5","Methylation Beta Value","released","Methylation Array","2","38.0 - 45.0","TCGA-BRCA","d9501efb-f773-475f-9b32-af2694478a84","released","8e05fcfb-c01e-4496-8eaa-ed27c24c92b7","quay.io/ncigdc","SeSAMe Methylation Beta Estimation","f8ef9dc6375573fc05fee47b70278d89f79a4cd7","Solid Tissue Normal",NA,"TCGA-E9-A1N5","TCGA-E9-A1N5-11A"
"103bc0ad-cd82-46f1-9918-225a4c17016c","TXT","TCGA-S3-A6ZF-01A-32D-A32T-05","open","e5574c31-7396-4b6e-8259-9cea900616bf.methylation_array.sesame.level3betas.txt","c5398737-a995-4527-8c2c-e112881e3cfb","DNA Methylation","methylation_beta_value","Illumina Human Methylation 450",12687158,"2023-07-14T13:45:43.044173-05:00","0559c8bf882a7256a443f9094b2201ab","2023-07-18T10:25:15.654328-05:00","103bc0ad-cd82-46f1-9918-225a4c17016c","Methylation Beta Value","released","Methylation Array","2","38.0 - 45.0","TCGA-BRCA","1026df3e-86d7-4254-952c-7324fb7b8aff","released","e5574c31-7396-4b6e-8259-9cea900616bf","quay.io/ncigdc","SeSAMe Methylation Beta Estimation","9e258094ac9d4febe3721ceba25c1b8dbd1a27f8","Primary Tumor",NA,"TCGA-S3-A6ZF","TCGA-S3-A6ZF-01A"
"2369a991-562b-4b04-b628-34df1012b55b","TXT","TCGA-A2-A3XZ-01A-42D-A23D-05","open","91fe5af4-d747-4c7c-bb39-66aff91758f3.methylation_array.sesame.level3betas.txt","713bd8d3-4de1-475f-b2c8-baec8df6fa08","DNA Methylation","methylation_beta_value","Illumina Human Methylation 450",13140715,"2023-07-14T13:12:24.692135-05:00","0d0cd2a8cd65f8e39ee3bebc13c637e8","2023-07-18T10:26:45.704818-05:00","2369a991-562b-4b04-b628-34df1012b55b","Methylation Beta Value","released","Methylation Array","2","38.0 - 45.0","TCGA-BRCA","3e15db69-54aa-4982-8be3-d9002dbbd524","released","91fe5af4-d747-4c7c-bb39-66aff91758f3","quay.io/ncigdc","SeSAMe Methylation Beta Estimation","dc9467b78cf538a0430cd4027dc5092f77d47e20","Primary Tumor",NA,"TCGA-A2-A3XZ","TCGA-A2-A3XZ-01A"
"13f62de9-eb5c-4108-8b38-fd1152d0517a","TXT","TCGA-E9-A295-01A-11D-A16G-05","open","c9682d5b-f914-43a1-96e9-58578bd92e84.methylation_array.sesame.level3betas.txt","50bcc477-4bc1-4104-9f4b-3eae14e2ff1c","DNA Methylation","methylation_beta_value","Illumina Human Methylation 450",13129894,"2023-07-14T13:42:24.003052-05:00","494dcf8e89a70f832ddd280605ca5363","2023-07-18T10:26:58.120349-05:00","13f62de9-eb5c-4108-8b38-fd1152d0517a","Methylation Beta Value","released","Methylation Array","2","38.0 - 45.0","TCGA-BRCA","d0efd4b1-9f84-4af5-9160-e648e9fb2eee","released","c9682d5b-f914-43a1-96e9-58578bd92e84","quay.io/ncigdc","SeSAMe Methylation Beta Estimation","dc9467b78cf538a0430cd4027dc5092f77d47e20","Primary Tumor",NA,"TCGA-E9-A295","TCGA-E9-A295-01A"
"ad249c13-bdcb-45e9-bc0c-0eb76e987741","TXT","TCGA-S3-AA15-01A-11D-A41Q-05","open","40ce7175-8838-4ac6-9cdb-2e6dd3408572.methylation_array.sesame.level3betas.txt","4bfb5285-ec0b-438d-b5b9-5cd4aed17fc4","DNA Methylation","methylation_beta_value","Illumina Human Methylation 450",13063775,"2023-07-14T13:10:52.960813-05:00","831d0fddb6b318e877444e0a388861b6","2023-07-18T10:27:30.370585-05:00","ad249c13-bdcb-45e9-bc0c-0eb76e987741","Methylation Beta Value","released","Methylation Array","2","38.0 - 45.0","TCGA-BRCA","f8f4060a-e894-4a25-99a7-4ad294654c04","released","40ce7175-8838-4ac6-9cdb-2e6dd3408572","quay.io/ncigdc","SeSAMe Methylation Beta Estimation","f8ef9dc6375573fc05fee47b70278d89f79a4cd7","Primary Tumor",NA,"TCGA-S3-AA15","TCGA-S3-AA15-01A"
"c297a402-e8a6-4d6d-bd3d-bb2d69250a36","TXT","TCGA-BH-A1FR-11B-42D-A13T-05","open","bdc0b2d2-d16c-4ecd-80c2-9636fe7a36db.methylation_array.sesame.level3betas.txt","23653ccd-bf10-436d-a68e-6c2dd474933d","DNA Methylation","methylation_beta_value","Illumina Human Methylation 450",13157495,"2023-07-14T13:26:44.125184-05:00","1cb6096951686f2b8af2c8bc8616f82c","2023-07-18T10:26:56.830076-05:00","c297a402-e8a6-4d6d-bd3d-bb2d69250a36","Methylation Beta Value","released","Methylation Array","2","38.0 - 45.0","TCGA-BRCA","b8cfa0b0-bc7c-441f-b180-ab03ea4b33c6","released","bdc0b2d2-d16c-4ecd-80c2-9636fe7a36db","quay.io/ncigdc","SeSAMe Methylation Beta Estimation","dc9467b78cf538a0430cd4027dc5092f77d47e20","Solid Tissue Normal",NA,"TCGA-BH-A1FR","TCGA-BH-A1FR-11B"
"5169f14b-69bb-4922-b7ad-942fb979ee21","TXT","TCGA-BH-A1FR-01A-11D-A13K-05","open","ba968f7c-fcb1-44fa-83ef-394067bf1a2f.methylation_array.sesame.level3betas.txt","f0f4129b-b740-4b92-b664-9523b3ec01f1","DNA Methylation","methylation_beta_value","Illumina Human Methylation 450",13151624,"2023-07-14T13:17:38.060102-05:00","2cf525c5c5ca5e3bcb1d9e8a23e5befb","2023-07-18T10:26:48.219824-05:00","5169f14b-69bb-4922-b7ad-942fb979ee21","Methylation Beta Value","released","Methylation Array","2","38.0 - 45.0","TCGA-BRCA","a4068899-00ba-4fd7-92bf-49094d6e9530","released","ba968f7c-fcb1-44fa-83ef-394067bf1a2f","quay.io/ncigdc","SeSAMe Methylation Beta Estimation","f8ef9dc6375573fc05fee47b70278d89f79a4cd7","Primary Tumor",NA,"TCGA-BH-A1FR","TCGA-BH-A1FR-01A"
"ef0699f3-9a3d-47bd-b098-8414eec5c280","TXT","TCGA-EW-A1PF-01A-11D-A145-05","open","0f1d979b-f4ac-4060-b208-3d85de8788d5.methylation_array.sesame.level3betas.txt","2299f901-dc5b-4bbd-baee-a8174a705414","DNA Methylation","methylation_beta_value","Illumina Human Methylation 450",13185712,"2023-07-14T13:30:58.412518-05:00","e7376d0de21ebe2e22d8a2d372084e1d","2023-07-18T10:25:10.874438-05:00","ef0699f3-9a3d-47bd-b098-8414eec5c280","Methylation Beta Value","released","Methylation Array","2","38.0 - 45.0","TCGA-BRCA","f5fcff7e-d7e7-47ac-ae65-c3a4d200bd3c","released","0f1d979b-f4ac-4060-b208-3d85de8788d5","quay.io/ncigdc","SeSAMe Methylation Beta Estimation","9e258094ac9d4febe3721ceba25c1b8dbd1a27f8","Primary Tumor",NA,"TCGA-EW-A1PF","TCGA-EW-A1PF-01A"
"799f12ca-7d71-4fb1-84d1-b26f43bbb181","TXT","TCGA-A2-A0YE-01A-11D-A10A-05","open","93846665-845f-47a2-9ec1-68d987754adc.methylation_array.sesame.level3betas.txt","ebbaad74-4214-4ea1-affc-177edef8d9f1","DNA Methylation","methylation_beta_value","Illumina Human Methylation 450",12747952,"2023-07-14T13:10:45.978280-05:00","c0fa1e3dad9bef5d1b68f1c2b49b52b1","2023-07-18T10:25:54.906421-05:00","799f12ca-7d71-4fb1-84d1-b26f43bbb181","Methylation Beta Value","released","Methylation Array","2","38.0 - 45.0","TCGA-BRCA","30d6f3c8-99e7-43cf-a7e2-f9534b6a94a7","released","93846665-845f-47a2-9ec1-68d987754adc","quay.io/ncigdc","SeSAMe Methylation Beta Estimation","f8ef9dc6375573fc05fee47b70278d89f79a4cd7","Primary Tumor",NA,"TCGA-A2-A0YE","TCGA-A2-A0YE-01A"
"67292a45-5fcf-45d3-b0eb-dfdb31743d07","TXT","TCGA-S3-AA17-01A-11D-A41Q-05","open","9659bfdb-6bcf-4a87-87d2-12192a54adcd.methylation_array.sesame.level3betas.txt","bf8831e0-f2b7-4547-87c2-21187484b3d2","DNA Methylation","methylation_beta_value","Illumina Human Methylation 450",13142165,"2023-07-14T13:44:17.492702-05:00","5aed6cf942e06f0a09af37049e3dc2c3","2023-07-18T10:25:29.470312-05:00","67292a45-5fcf-45d3-b0eb-dfdb31743d07","Methylation Beta Value","released","Methylation Array","2","38.0 - 45.0","TCGA-BRCA","8900322c-823c-45d8-bf6f-c4eeb359f944","released","9659bfdb-6bcf-4a87-87d2-12192a54adcd","quay.io/ncigdc","SeSAMe Methylation Beta Estimation","f8ef9dc6375573fc05fee47b70278d89f79a4cd7","Primary Tumor",NA,"TCGA-S3-AA17","TCGA-S3-AA17-01A"
"41ed49e1-5cfd-4509-9f53-48e567150e18","TXT","TCGA-AQ-A04H-01B-11D-A10N-05","open","94d34855-b781-44c3-b9b8-beb33683c615.methylation_array.sesame.level3betas.txt","137f6ba1-de57-4a7f-9322-66781be343c9","DNA Methylation","methylation_beta_value","Illumina Human Methylation 450",12884200,"2023-07-14T13:13:47.830497-05:00","e3aaecdb7da663f53b3ae8f0b2982229","2023-07-18T10:26:32.921138-05:00","41ed49e1-5cfd-4509-9f53-48e567150e18","Methylation Beta Value","released","Methylation Array","2","38.0 - 45.0","TCGA-BRCA","f7dc6252-e518-450d-acae-2c826a467885","released","94d34855-b781-44c3-b9b8-beb33683c615","quay.io/ncigdc","SeSAMe Methylation Beta Estimation","dc9467b78cf538a0430cd4027dc5092f77d47e20","Primary Tumor",NA,"TCGA-AQ-A04H","TCGA-AQ-A04H-01B"
"1a002c7e-3b49-46f0-9585-18d081f46ca6","TXT","TCGA-BH-A0BC-01A-22D-A10P-05","open","2dafe362-fb94-4512-b152-24498abffbc5.methylation_array.sesame.level3betas.txt","c4136e19-1931-41ed-8e57-667676862dc8","DNA Methylation","methylation_beta_value","Illumina Human Methylation 450",13027812,"2023-07-14T13:36:20.689740-05:00","997f105166895adeacbd39fe7487a9bc","2023-07-18T10:26:12.340800-05:00","1a002c7e-3b49-46f0-9585-18d081f46ca6","Methylation Beta Value","released","Methylation Array","2","38.0 - 45.0","TCGA-BRCA","f079a110-5a45-4641-8e30-8403d4897a43","released","2dafe362-fb94-4512-b152-24498abffbc5","quay.io/ncigdc","SeSAMe Methylation Beta Estimation","9e258094ac9d4febe3721ceba25c1b8dbd1a27f8","Primary Tumor",NA,"TCGA-BH-A0BC","TCGA-BH-A0BC-01A"
"85f282ad-f671-4efe-b240-ca2a91e55222","TXT","TCGA-BH-A0BC-11A-22D-A093-05","open","337141d0-7f0e-44ff-9fde-e511bd51947e.methylation_array.sesame.level3betas.txt","570c06b2-11d2-4316-bc08-fca1035bc792","DNA Methylation","methylation_beta_value","Illumina Human Methylation 450",13013501,"2023-07-14T13:19:50.024096-05:00","32aad2ce9232f7c00668e8eda93b73be","2023-07-18T10:26:50.929762-05:00","85f282ad-f671-4efe-b240-ca2a91e55222","Methylation Beta Value","released","Methylation Array","2","38.0 - 45.0","TCGA-BRCA","f8e99d45-14c9-4bc9-83e7-fa4f954b4afa","released","337141d0-7f0e-44ff-9fde-e511bd51947e","quay.io/ncigdc","SeSAMe Methylation Beta Estimation","dc9467b78cf538a0430cd4027dc5092f77d47e20","Solid Tissue Normal",NA,"TCGA-BH-A0BC","TCGA-BH-A0BC-11A"
"81edf652-6897-46a0-9e99-83bb15845ed3","TXT","TCGA-A2-A4S1-01A-21D-A268-05","open","3a36765f-71b2-40b5-ab43-16d3675b6f49.methylation_array.sesame.level3betas.txt","ceeb9850-815b-4c86-9af4-854c95dce7cc","DNA Methylation","methylation_beta_value","Illumina Human Methylation 450",13044703,"2023-07-14T13:34:04.324030-05:00","d46555cf80b27f7e12bd9a83b77e11a8","2023-07-18T10:26:00.569983-05:00","81edf652-6897-46a0-9e99-83bb15845ed3","Methylation Beta Value","released","Methylation Array","2","38.0 - 45.0","TCGA-BRCA","bf24d738-6651-4e49-b69e-c2b842200d76","released","3a36765f-71b2-40b5-ab43-16d3675b6f49","quay.io/ncigdc","SeSAMe Methylation Beta Estimation","dc9467b78cf538a0430cd4027dc5092f77d47e20","Primary Tumor",NA,"TCGA-A2-A4S1","TCGA-A2-A4S1-01A"
"d472af5b-1bfd-40f7-91de-59b3a96ea088","TXT","TCGA-A7-A425-01A-11D-A244-05","open","906a804e-b709-43f8-9b52-8800048546d4.methylation_array.sesame.level3betas.txt","654a0906-a78a-4932-844b-335b764f622c","DNA Methylation","methylation_beta_value","Illumina Human Methylation 450",13154132,"2023-07-14T13:14:30.152637-05:00","03d44c9ba0512d6e961de893f46aab58","2023-07-18T10:26:38.246086-05:00","d472af5b-1bfd-40f7-91de-59b3a96ea088","Methylation Beta Value","released","Methylation Array","2","38.0 - 45.0","TCGA-BRCA","861592dc-2102-4ba5-9829-5a766c2b184c","released","906a804e-b709-43f8-9b52-8800048546d4","quay.io/ncigdc","SeSAMe Methylation Beta Estimation","dc9467b78cf538a0430cd4027dc5092f77d47e20","Primary Tumor",NA,"TCGA-A7-A425","TCGA-A7-A425-01A"
"38cc752f-df6f-4f43-b977-615cdf2779f0","TXT","TCGA-AR-A24U-01A-11D-A16A-05","open","dfa40ebb-dc16-4da7-9515-aaa72d273dc2.methylation_array.sesame.level3betas.txt","a27631aa-6687-4d34-a999-c153ad99ac97","DNA Methylation","methylation_beta_value","Illumina Human Methylation 450",13146527,"2023-07-14T13:12:51.574825-05:00","2be21742bad6b79000b2f8ef10d915a4","2023-07-18T10:27:05.349869-05:00","38cc752f-df6f-4f43-b977-615cdf2779f0","Methylation Beta Value","released","Methylation Array","2","38.0 - 45.0","TCGA-BRCA","8c054e02-4e07-4e2f-b98e-c19da175a00d","released","dfa40ebb-dc16-4da7-9515-aaa72d273dc2","quay.io/ncigdc","SeSAMe Methylation Beta Estimation","f8ef9dc6375573fc05fee47b70278d89f79a4cd7","Primary Tumor",NA,"TCGA-AR-A24U","TCGA-AR-A24U-01A"
"b2c405d0-0bea-449e-80be-b6779c1540d3","TXT","TCGA-BH-A0HK-01A-11D-A10P-05","open","a4ca7942-322b-4a12-9040-d6076203e5ad.methylation_array.sesame.level3betas.txt","5e389cf2-d9d1-4718-b022-caaa6b051c50","DNA Methylation","methylation_beta_value","Illumina Human Methylation 450",12998175,"2023-07-14T13:25:05.951860-05:00","d37e75dc617b7ac1af85d65a18b66806","2023-07-18T10:25:38.776463-05:00","b2c405d0-0bea-449e-80be-b6779c1540d3","Methylation Beta Value","released","Methylation Array","2","38.0 - 45.0","TCGA-BRCA","7d814a0b-e112-4743-a654-ef3630682c92","released","a4ca7942-322b-4a12-9040-d6076203e5ad","quay.io/ncigdc","SeSAMe Methylation Beta Estimation","f8ef9dc6375573fc05fee47b70278d89f79a4cd7","Primary Tumor",NA,"TCGA-BH-A0HK","TCGA-BH-A0HK-01A"
"485b4a1a-a541-4044-a83a-c5876bb770b4","TXT","TCGA-BH-A0HK-11A-11D-A10Q-05","open","75254133-5452-417a-8788-042bd8208aae.methylation_array.sesame.level3betas.txt","15d6ed81-8005-4fe6-93ef-6be5a8530159","DNA Methylation","methylation_beta_value","Illumina Human Methylation 450",12937639,"2023-07-14T13:16:00.085321-05:00","c424d69082ac42c1e6c1995ff5c708ca","2023-07-18T10:27:24.091033-05:00","485b4a1a-a541-4044-a83a-c5876bb770b4","Methylation Beta Value","released","Methylation Array","2","38.0 - 45.0","TCGA-BRCA","1fa5ff89-a44f-4492-97b1-d50d3b330741","released","75254133-5452-417a-8788-042bd8208aae","quay.io/ncigdc","SeSAMe Methylation Beta Estimation","dc9467b78cf538a0430cd4027dc5092f77d47e20","Solid Tissue Normal",NA,"TCGA-BH-A0HK","TCGA-BH-A0HK-11A"
"708339f1-5ba6-4d47-97d9-37e6acba5f83","TXT","TCGA-AO-A0JA-01A-11D-A10P-05","open","bb667fa8-fbbb-48d4-b9bb-486385484218.methylation_array.sesame.level3betas.txt","1bbbb5b2-489e-4f67-b9aa-005f13af42ca","DNA Methylation","methylation_beta_value","Illumina Human Methylation 450",12858462,"2023-07-14T13:29:48.112720-05:00","9f7945eb1f77791adeb9e790c650dc34","2023-07-18T10:25:33.732036-05:00","708339f1-5ba6-4d47-97d9-37e6acba5f83","Methylation Beta Value","released","Methylation Array","2","38.0 - 45.0","TCGA-BRCA","f153f0f4-2c5f-4442-a21f-e703ab62fa9e","released","bb667fa8-fbbb-48d4-b9bb-486385484218","quay.io/ncigdc","SeSAMe Methylation Beta Estimation","f8ef9dc6375573fc05fee47b70278d89f79a4cd7","Primary Tumor",NA,"TCGA-AO-A0JA","TCGA-AO-A0JA-01A"
"a569e8f0-ef1e-440c-9474-16585e076b05","TXT","TCGA-5L-AAT0-01A-12D-A41Q-05","open","1d232d64-831c-40b8-a528-8a3e063a5645.methylation_array.sesame.level3betas.txt","837cffa7-0ba8-4b95-82df-0cddaedeb917","DNA Methylation","methylation_beta_value","Illumina Human Methylation 450",13004361,"2023-07-14T13:17:50.892158-05:00","7739784bbd05ed5c43295be4125d6fd6","2023-07-18T10:27:11.415881-05:00","a569e8f0-ef1e-440c-9474-16585e076b05","Methylation Beta Value","released","Methylation Array","2","38.0 - 45.0","TCGA-BRCA","c33fb5f0-b659-475e-8c74-beca98ce6922","released","1d232d64-831c-40b8-a528-8a3e063a5645","quay.io/ncigdc","SeSAMe Methylation Beta Estimation","f8ef9dc6375573fc05fee47b70278d89f79a4cd7","Primary Tumor",NA,"TCGA-5L-AAT0","TCGA-5L-AAT0-01A"
"0d78483c-b2c4-43bc-a284-358645b4adb7","TXT","TCGA-BH-A202-01A-11D-A14N-05","open","338983b4-9c72-4b2e-aad2-0d70dbab13c8.methylation_array.sesame.level3betas.txt","7c9a8579-55aa-425e-884f-07ca9a245528","DNA Methylation","methylation_beta_value","Illumina Human Methylation 450",13146784,"2023-07-14T13:13:31.438693-05:00","969a8731c3e126af163a7220397d8923","2023-07-18T10:25:25.276723-05:00","0d78483c-b2c4-43bc-a284-358645b4adb7","Methylation Beta Value","released","Methylation Array","2","38.0 - 45.0","TCGA-BRCA","307b8873-4c5f-4f9f-a042-299e8198c80f","released","338983b4-9c72-4b2e-aad2-0d70dbab13c8","quay.io/ncigdc","SeSAMe Methylation Beta Estimation","f8ef9dc6375573fc05fee47b70278d89f79a4cd7","Primary Tumor",NA,"TCGA-BH-A202","TCGA-BH-A202-01A"
"59c88428-681c-4ce0-8641-42c4667e16b9","TXT","TCGA-BH-A0RX-01A-21D-A10P-05","open","9ddd99c6-4543-4f27-85ec-df6d284852c2.methylation_array.sesame.level3betas.txt","f90be6d6-065e-4b4a-ae50-ed03e997b10d","DNA Methylation","methylation_beta_value","Illumina Human Methylation 450",12970635,"2023-07-14T13:31:40.269302-05:00","f72d35431b15e129acd01c1c921761e2","2023-07-18T10:25:24.589316-05:00","59c88428-681c-4ce0-8641-42c4667e16b9","Methylation Beta Value","released","Methylation Array","2","38.0 - 45.0","TCGA-BRCA","932b30ec-ceb6-4668-a8eb-f065ee13a15c","released","9ddd99c6-4543-4f27-85ec-df6d284852c2","quay.io/ncigdc","SeSAMe Methylation Beta Estimation","f8ef9dc6375573fc05fee47b70278d89f79a4cd7","Primary Tumor",NA,"TCGA-BH-A0RX","TCGA-BH-A0RX-01A"
"e0232883-8234-4509-b2e7-cfe827e49754","TXT","TCGA-A7-A4SC-01A-12D-A268-05","open","adc2ccd1-55f8-4bf5-b3e9-fb2e8bf633e9.methylation_array.sesame.level3betas.txt","106d0cdc-9f45-48eb-9673-d2ecda27ee59","DNA Methylation","methylation_beta_value","Illumina Human Methylation 450",13126701,"2023-07-14T13:40:21.183651-05:00","0b95e1593c3742119c6752cc05cb23f9","2023-07-18T10:26:07.399744-05:00","e0232883-8234-4509-b2e7-cfe827e49754","Methylation Beta Value","released","Methylation Array","2","38.0 - 45.0","TCGA-BRCA","a7f5ea6b-2983-4ee4-9623-288536fb516e","released","adc2ccd1-55f8-4bf5-b3e9-fb2e8bf633e9","quay.io/ncigdc","SeSAMe Methylation Beta Estimation","9e258094ac9d4febe3721ceba25c1b8dbd1a27f8","Primary Tumor",NA,"TCGA-A7-A4SC","TCGA-A7-A4SC-01A"
"410df2f3-f037-4e5b-a0f8-df9618234d5f","TXT","TCGA-S3-A6ZH-01A-22D-A32T-05","open","a8e798be-efc7-4655-9883-0807b9323d58.methylation_array.sesame.level3betas.txt","46e9d271-49a3-4068-ab66-64094a891536","DNA Methylation","methylation_beta_value","Illumina Human Methylation 450",12780381,"2023-07-14T13:19:02.923150-05:00","6783259db8ed059bee2c2a2c79b0946e","2023-07-18T10:26:30.517888-05:00","410df2f3-f037-4e5b-a0f8-df9618234d5f","Methylation Beta Value","released","Methylation Array","2","38.0 - 45.0","TCGA-BRCA","59a35487-7234-45d7-94b2-ac58afbc9ec9","released","a8e798be-efc7-4655-9883-0807b9323d58","quay.io/ncigdc","SeSAMe Methylation Beta Estimation","dc9467b78cf538a0430cd4027dc5092f77d47e20","Primary Tumor",NA,"TCGA-S3-A6ZH","TCGA-S3-A6ZH-01A"
"0f27d9dc-5d9e-49d9-a394-abe8d68d266f","TXT","TCGA-AR-A5QQ-01A-11D-A28C-05","open","1649fca6-87e6-4faf-b16a-81fa67c6eb76.methylation_array.sesame.level3betas.txt","5e3e27b8-6cd8-4f1e-9b84-0e9b87d44ddb","DNA Methylation","methylation_beta_value","Illumina Human Methylation 450",13107426,"2023-07-14T13:08:06.169417-05:00","951d3ab8da096881d0403bb051db8c66","2023-07-18T10:26:52.039552-05:00","0f27d9dc-5d9e-49d9-a394-abe8d68d266f","Methylation Beta Value","released","Methylation Array","2","38.0 - 45.0","TCGA-BRCA","24fad184-e7e4-49ea-a80f-c38e4e63aaa8","released","1649fca6-87e6-4faf-b16a-81fa67c6eb76","quay.io/ncigdc","SeSAMe Methylation Beta Estimation","f8ef9dc6375573fc05fee47b70278d89f79a4cd7","Primary Tumor",NA,"TCGA-AR-A5QQ","TCGA-AR-A5QQ-01A"
"0030cccf-0ac2-4f88-9d06-15e3f1569bbb","TXT","TCGA-E2-A1LG-01A-21D-A14N-05","open","76de947f-b1a3-464d-a097-c8298f5ac8e5.methylation_array.sesame.level3betas.txt","e48aec29-c103-4091-a9ba-898d605cd9fd","DNA Methylation","methylation_beta_value","Illumina Human Methylation 450",13180496,"2023-07-14T13:30:29.700236-05:00","7b822e117cb19d8f78afb044197ef535","2023-07-18T10:26:02.567609-05:00","0030cccf-0ac2-4f88-9d06-15e3f1569bbb","Methylation Beta Value","released","Methylation Array","2","38.0 - 45.0","TCGA-BRCA","8268608d-88f7-4ac0-96cd-6b2d5a7d51da","released","76de947f-b1a3-464d-a097-c8298f5ac8e5","quay.io/ncigdc","SeSAMe Methylation Beta Estimation","f8ef9dc6375573fc05fee47b70278d89f79a4cd7","Primary Tumor",NA,"TCGA-E2-A1LG","TCGA-E2-A1LG-01A"
"d1052c41-cda1-45f2-ba66-51bbf0c7fdcc","TXT","TCGA-C8-A27A-01A-11D-A16A-05","open","b7434746-57e5-4c90-87cc-fb384b12bcdf.methylation_array.sesame.level3betas.txt","fcf9e820-ed3b-4dd8-8df3-aa31ac7b517e","DNA Methylation","methylation_beta_value","Illumina Human Methylation 450",13002469,"2023-07-14T13:34:27.541554-05:00","b366b9ebdd8e894a3ee3b9ba40476184","2023-07-18T10:26:43.854919-05:00","d1052c41-cda1-45f2-ba66-51bbf0c7fdcc","Methylation Beta Value","released","Methylation Array","2","38.0 - 45.0","TCGA-BRCA","5e4d4ba4-bc51-4465-9d7f-871ae174f7ab","released","b7434746-57e5-4c90-87cc-fb384b12bcdf","quay.io/ncigdc","SeSAMe Methylation Beta Estimation","dc9467b78cf538a0430cd4027dc5092f77d47e20","Primary Tumor",NA,"TCGA-C8-A27A","TCGA-C8-A27A-01A"
"4af1d536-770c-455f-9bef-23f070f4e47f","TXT","TCGA-A2-A25D-01A-12D-A16G-05","open","f5158c06-d060-41ff-a705-2ce45f43c06f.methylation_array.sesame.level3betas.txt","6b2424dd-67c6-42c4-a0dc-453f14826deb","DNA Methylation","methylation_beta_value","Illumina Human Methylation 450",13171738,"2023-07-14T13:37:08.783714-05:00","8507e8b7026e370db2c4ea333089f36a","2023-07-18T10:26:23.154165-05:00","4af1d536-770c-455f-9bef-23f070f4e47f","Methylation Beta Value","released","Methylation Array","2","38.0 - 45.0","TCGA-BRCA","fa685957-ca4e-417f-9cd7-8f8c9a1732a7","released","f5158c06-d060-41ff-a705-2ce45f43c06f","quay.io/ncigdc","SeSAMe Methylation Beta Estimation","dc9467b78cf538a0430cd4027dc5092f77d47e20","Primary Tumor",NA,"TCGA-A2-A25D","TCGA-A2-A25D-01A"
"7952baf9-0cc7-4bfc-85e5-8121e3fd9f18","TXT","TCGA-B6-A0WW-01A-11D-A10A-05","open","9027af27-b462-435d-a745-e56c65eda593.methylation_array.sesame.level3betas.txt","59acd210-696f-46da-b833-834f7c85554e","DNA Methylation","methylation_beta_value","Illumina Human Methylation 450",12820016,"2023-07-14T13:44:08.752947-05:00","e9c54dccfe7531e9af58fc0b5291db85","2023-07-18T10:27:24.779441-05:00","7952baf9-0cc7-4bfc-85e5-8121e3fd9f18","Methylation Beta Value","released","Methylation Array","2","38.0 - 45.0","TCGA-BRCA","46da5c4c-de1f-4c37-a18f-8ed64fe882a0","released","9027af27-b462-435d-a745-e56c65eda593","quay.io/ncigdc","SeSAMe Methylation Beta Estimation","dc9467b78cf538a0430cd4027dc5092f77d47e20","Primary Tumor",NA,"TCGA-B6-A0WW","TCGA-B6-A0WW-01A"
"126b9b54-0090-46c6-9353-d88e57ca98b7","TXT","TCGA-C8-A27B-01A-11D-A16A-05","open","7d09202c-5241-4eab-9694-f7198f2989b4.methylation_array.sesame.level3betas.txt","54be17a0-1370-4f08-bfff-306a1dc96100","DNA Methylation","methylation_beta_value","Illumina Human Methylation 450",13150670,"2023-07-14T13:42:50.894489-05:00","1431f67b78f44fba719fd27017e000af","2023-07-18T10:25:11.478461-05:00","126b9b54-0090-46c6-9353-d88e57ca98b7","Methylation Beta Value","released","Methylation Array","2","38.0 - 45.0","TCGA-BRCA","8242716d-950a-43eb-b1b1-3bf34a3c2b40","released","7d09202c-5241-4eab-9694-f7198f2989b4","quay.io/ncigdc","SeSAMe Methylation Beta Estimation","9e258094ac9d4febe3721ceba25c1b8dbd1a27f8","Primary Tumor",NA,"TCGA-C8-A27B","TCGA-C8-A27B-01A"
"a604a310-1882-495a-8438-f27f39e9f2aa","TXT","TCGA-E9-A1ND-11A-43D-A145-05","open","d043a178-d52d-494f-88bb-1e8cc63cfa15.methylation_array.sesame.level3betas.txt","a87e9dc2-5488-4772-9462-e9b10fa282ed","DNA Methylation","methylation_beta_value","Illumina Human Methylation 450",13203228,"2023-07-14T13:45:14.406222-05:00","07574ba5d4c0cf8949138c2295d69037","2023-07-18T10:26:42.800021-05:00","a604a310-1882-495a-8438-f27f39e9f2aa","Methylation Beta Value","released","Methylation Array","2","38.0 - 45.0","TCGA-BRCA","80dd1734-e0f7-4628-b83f-e137e4351b5c","released","d043a178-d52d-494f-88bb-1e8cc63cfa15","quay.io/ncigdc","SeSAMe Methylation Beta Estimation","f8ef9dc6375573fc05fee47b70278d89f79a4cd7","Solid Tissue Normal",NA,"TCGA-E9-A1ND","TCGA-E9-A1ND-11A"
"4ccde74f-def0-409f-8185-1ab3306390c5","TXT","TCGA-E9-A1ND-01A-11D-A145-05","open","c67b8bc5-ae87-4144-9401-7c72821b6117.methylation_array.sesame.level3betas.txt","e83882db-3cba-49e0-a0df-2445a67d3518","DNA Methylation","methylation_beta_value","Illumina Human Methylation 450",13193491,"2023-07-14T13:10:54.826310-05:00","3f96ca92d5d13b045b398c5878427ac7","2023-07-18T10:25:34.394817-05:00","4ccde74f-def0-409f-8185-1ab3306390c5","Methylation Beta Value","released","Methylation Array","2","38.0 - 45.0","TCGA-BRCA","96ed7c8d-09bd-4fa6-b8a1-18e3ab50765e","released","c67b8bc5-ae87-4144-9401-7c72821b6117","quay.io/ncigdc","SeSAMe Methylation Beta Estimation","f8ef9dc6375573fc05fee47b70278d89f79a4cd7","Primary Tumor",NA,"TCGA-E9-A1ND","TCGA-E9-A1ND-01A"
"93cdd6a3-0496-47cf-a3f0-3ea5ac9a4b05","TXT","TCGA-BH-A0DK-11A-13D-A10Q-05","open","b11e1501-094c-403b-8f3c-83f91efe2578.methylation_array.sesame.level3betas.txt","03f989fc-1b84-4092-a10d-b32f9ddf3bcc","DNA Methylation","methylation_beta_value","Illumina Human Methylation 450",12909582,"2023-07-14T13:42:18.392640-05:00","6e0285a5f44a744554f9a2122be9d690","2023-07-18T10:25:13.892342-05:00","93cdd6a3-0496-47cf-a3f0-3ea5ac9a4b05","Methylation Beta Value","released","Methylation Array","2","38.0 - 45.0","TCGA-BRCA","0190bc5c-7183-4ba9-aa69-ce66e9458953","released","b11e1501-094c-403b-8f3c-83f91efe2578","quay.io/ncigdc","SeSAMe Methylation Beta Estimation","9e258094ac9d4febe3721ceba25c1b8dbd1a27f8","Solid Tissue Normal",NA,"TCGA-BH-A0DK","TCGA-BH-A0DK-11A"
"7e6286cc-9077-47a5-8ddb-aad893160640","TXT","TCGA-E9-A1R0-01A-22D-A16G-05","open","ffbac2a9-311e-4d40-a8fd-b97b7521379b.methylation_array.sesame.level3betas.txt","dcecce33-79f4-4b37-8f59-b108946c5cdc","DNA Methylation","methylation_beta_value","Illumina Human Methylation 450",13146189,"2023-07-14T13:16:58.931561-05:00","5a70ed980bfcb0cb13bb4a7117737306","2023-07-18T10:27:30.077680-05:00","7e6286cc-9077-47a5-8ddb-aad893160640","Methylation Beta Value","released","Methylation Array","2","38.0 - 45.0","TCGA-BRCA","6de5d796-445c-4e4a-9f39-9cfff1f7c504","released","ffbac2a9-311e-4d40-a8fd-b97b7521379b","quay.io/ncigdc","SeSAMe Methylation Beta Estimation","dc9467b78cf538a0430cd4027dc5092f77d47e20","Primary Tumor",NA,"TCGA-E9-A1R0","TCGA-E9-A1R0-01A"
"72ca6aab-2400-4e69-a924-def0f20203f9","TXT","TCGA-AN-A0XN-01A-21D-A10A-05","open","43da8d2b-7aea-462e-8be5-938b6682e205.methylation_array.sesame.level3betas.txt","74b46264-2de8-4659-b5a5-284b159524e1","DNA Methylation","methylation_beta_value","Illumina Human Methylation 450",12939448,"2023-07-14T13:34:14.937332-05:00","14fffeab377d99546d9d98a51f1a778c","2023-07-18T10:27:14.901806-05:00","72ca6aab-2400-4e69-a924-def0f20203f9","Methylation Beta Value","released","Methylation Array","2","38.0 - 45.0","TCGA-BRCA","45a53666-fcd8-40f4-8bee-73a91ca872f7","released","43da8d2b-7aea-462e-8be5-938b6682e205","quay.io/ncigdc","SeSAMe Methylation Beta Estimation","dc9467b78cf538a0430cd4027dc5092f77d47e20","Primary Tumor",NA,"TCGA-AN-A0XN","TCGA-AN-A0XN-01A"
"57ee15ce-47a5-44f8-a949-9ece0964ee29","TXT","TCGA-EW-A1P1-01A-31D-A14H-05","open","44feba87-951d-44d7-9820-871695831fdb.methylation_array.sesame.level3betas.txt","f228c07b-44fe-46f9-8450-b71155d24d5f","DNA Methylation","methylation_beta_value","Illumina Human Methylation 450",13158313,"2023-07-14T13:13:14.973928-05:00","f5e01c26a961522fabdd7a3a154ed3c4","2023-07-18T10:25:58.163629-05:00","57ee15ce-47a5-44f8-a949-9ece0964ee29","Methylation Beta Value","released","Methylation Array","2","38.0 - 45.0","TCGA-BRCA","96acb6dd-61b3-4147-98bf-2e2cd1315c8a","released","44feba87-951d-44d7-9820-871695831fdb","quay.io/ncigdc","SeSAMe Methylation Beta Estimation","dc9467b78cf538a0430cd4027dc5092f77d47e20","Primary Tumor",NA,"TCGA-EW-A1P1","TCGA-EW-A1P1-01A"
"7117da49-7d74-4f29-96f0-eca3f64062ae","TXT","TCGA-AQ-A1H2-01A-11D-A13K-05","open","cb088b4c-09af-47d8-9963-1a50d5c130b1.methylation_array.sesame.level3betas.txt","40557722-f7e3-4d21-8479-800ddd54dddf","DNA Methylation","methylation_beta_value","Illumina Human Methylation 450",13157925,"2023-07-14T13:09:46.288532-05:00","f3b76a98672074c515ea38c5d2022050","2023-07-18T10:27:08.655786-05:00","7117da49-7d74-4f29-96f0-eca3f64062ae","Methylation Beta Value","released","Methylation Array","2","38.0 - 45.0","TCGA-BRCA","1a8ddcda-525e-4627-9557-d97d2fd387e7","released","cb088b4c-09af-47d8-9963-1a50d5c130b1","quay.io/ncigdc","SeSAMe Methylation Beta Estimation","f8ef9dc6375573fc05fee47b70278d89f79a4cd7","Primary Tumor",NA,"TCGA-AQ-A1H2","TCGA-AQ-A1H2-01A"
"783c272b-2201-4dcc-8e9c-4213a66dee6c","TXT","TCGA-D8-A1JH-01A-11D-A13K-05","open","87c61011-761f-4cc4-8c74-80eddca39bbd.methylation_array.sesame.level3betas.txt","df418f1f-8f11-4962-9563-cdfc2681b52d","DNA Methylation","methylation_beta_value","Illumina Human Methylation 450",12803313,"2023-07-14T13:45:34.114411-05:00","5f6624e621af492aeb5ece1cd0e42a27","2023-07-18T10:26:42.661822-05:00","783c272b-2201-4dcc-8e9c-4213a66dee6c","Methylation Beta Value","released","Methylation Array","2","38.0 - 45.0","TCGA-BRCA","868d93b3-cb20-4a01-a426-6a6727f2dfc8","released","87c61011-761f-4cc4-8c74-80eddca39bbd","quay.io/ncigdc","SeSAMe Methylation Beta Estimation","dc9467b78cf538a0430cd4027dc5092f77d47e20","Primary Tumor",NA,"TCGA-D8-A1JH","TCGA-D8-A1JH-01A"
"0655923d-589c-4cac-9727-4654a4c64ee7","TXT","TCGA-E9-A3Q9-01A-11D-A21R-05","open","d4d6aeaf-f350-48e4-be43-b0567c3cbd86.methylation_array.sesame.level3betas.txt","5da2f9e1-ef43-4478-ace5-e2c4927ed957","DNA Methylation","methylation_beta_value","Illumina Human Methylation 450",13158529,"2023-07-14T13:35:15.327239-05:00","c94fe3c8f1dbb4b05c57d424332f917d","2023-07-18T10:25:15.515889-05:00","0655923d-589c-4cac-9727-4654a4c64ee7","Methylation Beta Value","released","Methylation Array","2","38.0 - 45.0","TCGA-BRCA","875d1a06-32f2-4f68-9a06-a161257f6177","released","d4d6aeaf-f350-48e4-be43-b0567c3cbd86","quay.io/ncigdc","SeSAMe Methylation Beta Estimation","9e258094ac9d4febe3721ceba25c1b8dbd1a27f8","Primary Tumor",NA,"TCGA-E9-A3Q9","TCGA-E9-A3Q9-01A"
"659cb5bc-0f37-4895-9b18-4fb9c21f93a4","TXT","TCGA-E2-A106-01A-11D-A10N-05","open","450f02e4-00b7-445a-adb7-145b6deacbb3.methylation_array.sesame.level3betas.txt","97eb9420-f6c6-4e37-acad-36cb544888d0","DNA Methylation","methylation_beta_value","Illumina Human Methylation 450",12854115,"2023-07-14T13:08:09.747092-05:00","d038b0684d2d243e14504b3886871391","2023-07-18T10:26:09.501049-05:00","659cb5bc-0f37-4895-9b18-4fb9c21f93a4","Methylation Beta Value","released","Methylation Array","2","38.0 - 45.0","TCGA-BRCA","a449908b-74fc-4d3e-9d92-9f8e51b7a825","released","450f02e4-00b7-445a-adb7-145b6deacbb3","quay.io/ncigdc","SeSAMe Methylation Beta Estimation","9e258094ac9d4febe3721ceba25c1b8dbd1a27f8","Primary Tumor",NA,"TCGA-E2-A106","TCGA-E2-A106-01A"
"be961303-ea26-4255-8bf6-cd66d49f6a59","TXT","TCGA-A2-A0YG-01A-21D-A10A-05","open","b817a469-3d3a-495b-92ad-c3ebf0696615.methylation_array.sesame.level3betas.txt","40cb2efc-9036-43b5-a236-a53604b9c15d","DNA Methylation","methylation_beta_value","Illumina Human Methylation 450",12757767,"2023-07-14T13:26:33.046817-05:00","0cef99c163b3ef74b92e0aa43d3a2311","2023-07-18T10:27:02.655844-05:00","be961303-ea26-4255-8bf6-cd66d49f6a59","Methylation Beta Value","released","Methylation Array","2","38.0 - 45.0","TCGA-BRCA","3af42078-09dd-4a46-806c-5825489b9469","released","b817a469-3d3a-495b-92ad-c3ebf0696615","quay.io/ncigdc","SeSAMe Methylation Beta Estimation","dc9467b78cf538a0430cd4027dc5092f77d47e20","Primary Tumor",NA,"TCGA-A2-A0YG","TCGA-A2-A0YG-01A"
"8b5e6071-e8d6-4818-9d2d-4a15644ae32b","TXT","TCGA-OL-A5D6-01A-21D-A27Y-05","open","283b2c52-61f3-41fb-a975-a7e3ff41d313.methylation_array.sesame.level3betas.txt","dba4406a-aa2d-499f-a93f-a8d24a3ea3a9","DNA Methylation","methylation_beta_value","Illumina Human Methylation 450",13197507,"2023-07-14T13:15:09.092720-05:00","6d394f36865365884ca384fd7ce22421","2023-07-18T10:25:52.521334-05:00","8b5e6071-e8d6-4818-9d2d-4a15644ae32b","Methylation Beta Value","released","Methylation Array","2","38.0 - 45.0","TCGA-BRCA","0655b9ba-467c-4c6c-b60e-b3b5990f743f","released","283b2c52-61f3-41fb-a975-a7e3ff41d313","quay.io/ncigdc","SeSAMe Methylation Beta Estimation","f8ef9dc6375573fc05fee47b70278d89f79a4cd7","Primary Tumor",NA,"TCGA-OL-A5D6","TCGA-OL-A5D6-01A"
"76388fd1-6718-4af8-ae32-17820f62b8e4","TXT","TCGA-A2-A0SU-01A-11D-A10P-05","open","49868e70-b28b-4dac-8328-1e0d6dc5af62.methylation_array.sesame.level3betas.txt","a08ba138-9b56-4d4c-9613-f54b5c8313f3","DNA Methylation","methylation_beta_value","Illumina Human Methylation 450",12963248,"2023-07-14T13:18:51.868254-05:00","73b05600596b910e2130283e54cdc596","2023-07-18T10:26:16.941286-05:00","76388fd1-6718-4af8-ae32-17820f62b8e4","Methylation Beta Value","released","Methylation Array","2","38.0 - 45.0","TCGA-BRCA","78d24c0f-2d2b-472c-85d3-dcc91b5323a5","released","49868e70-b28b-4dac-8328-1e0d6dc5af62","quay.io/ncigdc","SeSAMe Methylation Beta Estimation","9e258094ac9d4febe3721ceba25c1b8dbd1a27f8","Primary Tumor",NA,"TCGA-A2-A0SU","TCGA-A2-A0SU-01A"
"bd94f08e-2753-420d-8741-3aaa7f0f4c9e","TXT","TCGA-E9-A1NI-01A-11D-A14H-05","open","a6fe1512-f119-4cb7-bc7f-baf811edd6c4.methylation_array.sesame.level3betas.txt","1c2115d4-605a-48d4-af32-2f82b6eeb22c","DNA Methylation","methylation_beta_value","Illumina Human Methylation 450",13115842,"2023-07-14T13:25:58.472766-05:00","303a259935383e8adbfab2686edc4c2c","2023-07-18T10:26:42.121969-05:00","bd94f08e-2753-420d-8741-3aaa7f0f4c9e","Methylation Beta Value","released","Methylation Array","2","38.0 - 45.0","TCGA-BRCA","ee17ff16-cd86-45a7-9758-979c3e2c0b24","released","a6fe1512-f119-4cb7-bc7f-baf811edd6c4","quay.io/ncigdc","SeSAMe Methylation Beta Estimation","dc9467b78cf538a0430cd4027dc5092f77d47e20","Primary Tumor",NA,"TCGA-E9-A1NI","TCGA-E9-A1NI-01A"
"4686c609-7f6c-4c20-90ca-7e0d1e71eb54","TXT","TCGA-BH-A0AW-01A-11D-A10P-05","open","42a6bc09-3251-409d-9035-3577812ebe8f.methylation_array.sesame.level3betas.txt","c728aa04-10ee-419d-bf25-02450105fdbf","DNA Methylation","methylation_beta_value","Illumina Human Methylation 450",12944755,"2023-07-14T13:36:50.638348-05:00","66c162ba145ffae581ad307ad1ea2599","2023-07-18T10:26:03.861617-05:00","4686c609-7f6c-4c20-90ca-7e0d1e71eb54","Methylation Beta Value","released","Methylation Array","2","38.0 - 45.0","TCGA-BRCA","e05bdca1-9380-4521-a6c4-1c8d038e2868","released","42a6bc09-3251-409d-9035-3577812ebe8f","quay.io/ncigdc","SeSAMe Methylation Beta Estimation","dc9467b78cf538a0430cd4027dc5092f77d47e20","Primary Tumor",NA,"TCGA-BH-A0AW","TCGA-BH-A0AW-01A"
"3f0254e7-410c-4df9-b70b-29ae2c2fa9ac","TXT","TCGA-AO-A129-01A-21D-A10N-05","open","44d5f680-4d65-4f02-a632-21e4855bb512.methylation_array.sesame.level3betas.txt","d4624e33-f427-4091-ab11-5d79773df4d5","DNA Methylation","methylation_beta_value","Illumina Human Methylation 450",12958184,"2023-07-14T13:34:57.401821-05:00","b659f349fd7a60a27045bc5cd179b55b","2023-07-18T10:27:08.239763-05:00","3f0254e7-410c-4df9-b70b-29ae2c2fa9ac","Methylation Beta Value","released","Methylation Array","2","38.0 - 45.0","TCGA-BRCA","14c4a092-aea7-4dde-9c57-86f5788a6ed5","released","44d5f680-4d65-4f02-a632-21e4855bb512","quay.io/ncigdc","SeSAMe Methylation Beta Estimation","f8ef9dc6375573fc05fee47b70278d89f79a4cd7","Primary Tumor",NA,"TCGA-AO-A129","TCGA-AO-A129-01A"
"dcfe1340-4c0a-427c-9fb8-a3cecd8775f0","TXT","TCGA-BH-A1FU-01A-11D-A14H-05","open","2ab8eb6b-f68d-4a7a-b9ba-9073633b8d38.methylation_array.sesame.level3betas.txt","bc6f6048-5a7c-4d2a-b9dd-11cd978b9ad0","DNA Methylation","methylation_beta_value","Illumina Human Methylation 450",13185405,"2023-07-14T13:12:44.729356-05:00","9eb0018d0473e97946bccf6f0791aa84","2023-07-18T10:26:26.285715-05:00","dcfe1340-4c0a-427c-9fb8-a3cecd8775f0","Methylation Beta Value","released","Methylation Array","2","38.0 - 45.0","TCGA-BRCA","ee4f0281-0a06-4673-936e-2c4af6c7aa20","released","2ab8eb6b-f68d-4a7a-b9ba-9073633b8d38","quay.io/ncigdc","SeSAMe Methylation Beta Estimation","dc9467b78cf538a0430cd4027dc5092f77d47e20","Primary Tumor",NA,"TCGA-BH-A1FU","TCGA-BH-A1FU-01A"
"9fd49990-65c0-4ab4-8d0a-128cd81bf5ee","TXT","TCGA-AR-A0TZ-01A-12D-A10P-05","open","0d4a1b98-e908-46cd-8b93-b5565ecbc7f0.methylation_array.sesame.level3betas.txt","468d096b-e7eb-44f1-a405-ff07d7a2b599","DNA Methylation","methylation_beta_value","Illumina Human Methylation 450",13001704,"2023-07-14T13:21:56.946259-05:00","364b7246690cb5c98daf6684ca37c45a","2023-07-18T10:25:33.594075-05:00","9fd49990-65c0-4ab4-8d0a-128cd81bf5ee","Methylation Beta Value","released","Methylation Array","2","38.0 - 45.0","TCGA-BRCA","ace3e54a-fc69-4d8c-8e53-7d71dfbdf683","released","0d4a1b98-e908-46cd-8b93-b5565ecbc7f0","quay.io/ncigdc","SeSAMe Methylation Beta Estimation","f8ef9dc6375573fc05fee47b70278d89f79a4cd7","Primary Tumor",NA,"TCGA-AR-A0TZ","TCGA-AR-A0TZ-01A"
"891f5adf-0807-4ebb-8fc7-9262703f949f","TXT","TCGA-A2-A25F-01A-11D-A16A-05","open","c5e2bfc7-5be4-49be-969c-0bd6aaa406fc.methylation_array.sesame.level3betas.txt","50e6c8f0-07b2-42eb-894a-fdc5402ebb0f","DNA Methylation","methylation_beta_value","Illumina Human Methylation 450",13164224,"2023-07-14T13:37:28.632937-05:00","21e2002096159f88523cebf7be584394","2023-07-18T10:27:06.989244-05:00","891f5adf-0807-4ebb-8fc7-9262703f949f","Methylation Beta Value","released","Methylation Array","2","38.0 - 45.0","TCGA-BRCA","6d2d51d4-01e6-4097-ae76-7d36ca13d205","released","c5e2bfc7-5be4-49be-969c-0bd6aaa406fc","quay.io/ncigdc","SeSAMe Methylation Beta Estimation","dc9467b78cf538a0430cd4027dc5092f77d47e20","Primary Tumor",NA,"TCGA-A2-A25F","TCGA-A2-A25F-01A"
"7ec0333e-6880-445f-b42c-1d857f6ce779","TXT","TCGA-AC-A3YJ-01A-11D-A230-05","open","9d73dcd9-166f-4d68-8e5c-9637863723e0.methylation_array.sesame.level3betas.txt","81c7b33e-8545-43cf-809a-744d81b56361","DNA Methylation","methylation_beta_value","Illumina Human Methylation 450",13123210,"2023-07-14T13:26:49.849734-05:00","305be7624a7890536ba6a2eb9e692142","2023-07-18T10:27:07.966794-05:00","7ec0333e-6880-445f-b42c-1d857f6ce779","Methylation Beta Value","released","Methylation Array","2","38.0 - 45.0","TCGA-BRCA","5ccf3f2d-75e0-462e-af02-cf68a19e0cf5","released","9d73dcd9-166f-4d68-8e5c-9637863723e0","quay.io/ncigdc","SeSAMe Methylation Beta Estimation","f8ef9dc6375573fc05fee47b70278d89f79a4cd7","Primary Tumor",NA,"TCGA-AC-A3YJ","TCGA-AC-A3YJ-01A"
"5d56e68a-eab1-434b-af69-f887eace7502","TXT","TCGA-EW-A1J6-01A-11D-A13K-05","open","55b5717a-c0f5-495e-99d9-ac57ba7eb3d0.methylation_array.sesame.level3betas.txt","e929ef90-d900-4275-9cb6-3123920dedaf","DNA Methylation","methylation_beta_value","Illumina Human Methylation 450",13199627,"2023-07-14T13:19:04.615488-05:00","24ff701835733f9491257df72f3afd27","2023-07-18T10:27:00.703822-05:00","5d56e68a-eab1-434b-af69-f887eace7502","Methylation Beta Value","released","Methylation Array","2","38.0 - 45.0","TCGA-BRCA","ae917ea9-5918-42dc-98e4-fe45ab144af2","released","55b5717a-c0f5-495e-99d9-ac57ba7eb3d0","quay.io/ncigdc","SeSAMe Methylation Beta Estimation","f8ef9dc6375573fc05fee47b70278d89f79a4cd7","Primary Tumor",NA,"TCGA-EW-A1J6","TCGA-EW-A1J6-01A"
"b6048ab2-6ae9-452a-b7bf-75ae28b4cf09","TXT","TCGA-A7-A13D-01A-13D-A12R-05","open","c24465a0-efa4-45d4-8ea1-50bf4291c826.methylation_array.sesame.level3betas.txt","0a1d3453-0cf3-4405-bb1a-3f33506fdc9f","DNA Methylation","methylation_beta_value","Illumina Human Methylation 450",13004684,"2023-07-14T13:24:06.119796-05:00","776866d5a4a2b562dbd11b01c1c6165c","2023-07-18T10:26:57.969770-05:00","b6048ab2-6ae9-452a-b7bf-75ae28b4cf09","Methylation Beta Value","released","Methylation Array","2","38.0 - 45.0","TCGA-BRCA","5e92aa8a-3621-41ea-9b1e-31237d7d20c8","released","c24465a0-efa4-45d4-8ea1-50bf4291c826","quay.io/ncigdc","SeSAMe Methylation Beta Estimation","dc9467b78cf538a0430cd4027dc5092f77d47e20","Primary Tumor",NA,"TCGA-A7-A13D","TCGA-A7-A13D-01A"
"d5421181-aaf4-413c-8a26-eb2247cc2327","TXT","TCGA-D8-A1X8-01A-11D-A14N-05","open","c76d8a76-2c53-4b27-b61c-944938f11a86.methylation_array.sesame.level3betas.txt","1c2f0758-a3ed-4167-857d-b1cd2b583219","DNA Methylation","methylation_beta_value","Illumina Human Methylation 450",13168939,"2023-07-14T13:18:55.528757-05:00","21275cbc7e1509fae120a46743e02e51","2023-07-18T10:26:38.858167-05:00","d5421181-aaf4-413c-8a26-eb2247cc2327","Methylation Beta Value","released","Methylation Array","2","38.0 - 45.0","TCGA-BRCA","c3938344-93f1-4081-a8a8-d8b73cc0383f","released","c76d8a76-2c53-4b27-b61c-944938f11a86","quay.io/ncigdc","SeSAMe Methylation Beta Estimation","f8ef9dc6375573fc05fee47b70278d89f79a4cd7","Primary Tumor",NA,"TCGA-D8-A1X8","TCGA-D8-A1X8-01A"
"1f84d4c4-4396-4bd4-8664-5ef0989d131a","TXT","TCGA-BH-A0W3-01A-11D-A10A-05","open","aa15ce15-ddb8-4233-8baa-d4b4a37c94c6.methylation_array.sesame.level3betas.txt","3cbeda2b-253e-4483-b0e2-5bc56cf90224","DNA Methylation","methylation_beta_value","Illumina Human Methylation 450",12977464,"2023-07-14T13:45:32.129408-05:00","b4191ff638fa7edf3eee6ed7ba174655","2023-07-18T10:27:20.057077-05:00","1f84d4c4-4396-4bd4-8664-5ef0989d131a","Methylation Beta Value","released","Methylation Array","2","38.0 - 45.0","TCGA-BRCA","4d1108bc-2976-4b9a-be9d-a62941ef89c6","released","aa15ce15-ddb8-4233-8baa-d4b4a37c94c6","quay.io/ncigdc","SeSAMe Methylation Beta Estimation","dc9467b78cf538a0430cd4027dc5092f77d47e20","Primary Tumor",NA,"TCGA-BH-A0W3","TCGA-BH-A0W3-01A"
"46187a91-b780-4d4c-a889-a7d36db77158","TXT","TCGA-AC-A23C-01A-12D-A16A-05","open","80f9de65-9d53-42bd-98e4-b68dac6702f6.methylation_array.sesame.level3betas.txt","d01bc4bf-cd41-487b-9f99-b3cc93ddaa1d","DNA Methylation","methylation_beta_value","Illumina Human Methylation 450",13083585,"2023-07-14T13:14:08.361267-05:00","5c5da47e6b65fdf374f84578453c251a","2023-07-18T10:27:27.111336-05:00","46187a91-b780-4d4c-a889-a7d36db77158","Methylation Beta Value","released","Methylation Array","2","38.0 - 45.0","TCGA-BRCA","dfc3dcf4-7094-4c46-80e2-425473e65585","released","80f9de65-9d53-42bd-98e4-b68dac6702f6","quay.io/ncigdc","SeSAMe Methylation Beta Estimation","f8ef9dc6375573fc05fee47b70278d89f79a4cd7","Primary Tumor",NA,"TCGA-AC-A23C","TCGA-AC-A23C-01A"
"dfb6d4a9-5de9-4820-b78f-4d8532ab26a4","TXT","TCGA-E9-A1N8-11A-42D-A145-05","open","23499aed-6f81-419a-b2d5-dd17d5f96370.methylation_array.sesame.level3betas.txt","d4731270-f6e4-46a0-b758-b470a233b0ee","DNA Methylation","methylation_beta_value","Illumina Human Methylation 450",13201981,"2023-07-14T13:39:48.305453-05:00","2385d1be42b6484e1558b75ea1f8ee3e","2023-07-18T10:25:19.446130-05:00","dfb6d4a9-5de9-4820-b78f-4d8532ab26a4","Methylation Beta Value","released","Methylation Array","2","38.0 - 45.0","TCGA-BRCA","9287fcfb-0215-428b-85dd-ca9938b9cfb4","released","23499aed-6f81-419a-b2d5-dd17d5f96370","quay.io/ncigdc","SeSAMe Methylation Beta Estimation","9e258094ac9d4febe3721ceba25c1b8dbd1a27f8","Solid Tissue Normal",NA,"TCGA-E9-A1N8","TCGA-E9-A1N8-11A"
"d4e8729d-bcef-4858-a993-c74f5adfe942","TXT","TCGA-AN-A0XV-01A-11D-A10A-05","open","7a2635b6-159b-4b20-9313-c81e4792b19a.methylation_array.sesame.level3betas.txt","ee94ff47-fc81-4d6d-84a9-dd346dd777fc","DNA Methylation","methylation_beta_value","Illumina Human Methylation 450",12865675,"2023-07-14T13:40:47.590795-05:00","a4199a66a91b78b2fd90eb7fde959ae5","2023-07-18T10:27:12.407681-05:00","d4e8729d-bcef-4858-a993-c74f5adfe942","Methylation Beta Value","released","Methylation Array","2","38.0 - 45.0","TCGA-BRCA","54d8f229-ddf0-4cce-8753-cb6ee58f2e82","released","7a2635b6-159b-4b20-9313-c81e4792b19a","quay.io/ncigdc","SeSAMe Methylation Beta Estimation","dc9467b78cf538a0430cd4027dc5092f77d47e20","Primary Tumor",NA,"TCGA-AN-A0XV","TCGA-AN-A0XV-01A"
"159d3e6d-725c-4e80-a621-6ac394a93ce4","TXT","TCGA-EW-A1OV-01A-11D-A145-05","open","89a0cb3c-60e1-477e-8ec3-661307a32a27.methylation_array.sesame.level3betas.txt","124bcb6d-4f5c-4fd5-9066-83ae3200fd2f","DNA Methylation","methylation_beta_value","Illumina Human Methylation 450",13171136,"2023-07-14T13:42:33.331618-05:00","c80961231cb5b9312a7ca2ca9406cc36","2023-07-18T10:25:29.337737-05:00","159d3e6d-725c-4e80-a621-6ac394a93ce4","Methylation Beta Value","released","Methylation Array","2","38.0 - 45.0","TCGA-BRCA","4131760b-db34-4f1a-8a7f-1d9a23c06a43","released","89a0cb3c-60e1-477e-8ec3-661307a32a27","quay.io/ncigdc","SeSAMe Methylation Beta Estimation","f8ef9dc6375573fc05fee47b70278d89f79a4cd7","Primary Tumor",NA,"TCGA-EW-A1OV","TCGA-EW-A1OV-01A"
"1ca47585-6ffc-46ad-9a0e-d5e37fb5423f","TXT","TCGA-AR-A2LO-01A-31D-A18O-05","open","3c0bc662-c8b3-4f81-8249-4e4a75d0000b.methylation_array.sesame.level3betas.txt","a7c8770e-6ffb-49ac-a651-f6eb9bae2720","DNA Methylation","methylation_beta_value","Illumina Human Methylation 450",13187816,"2023-07-14T13:13:27.853538-05:00","fdad2fffca978d29404731f8d2429d95","2023-07-18T10:26:47.236563-05:00","1ca47585-6ffc-46ad-9a0e-d5e37fb5423f","Methylation Beta Value","released","Methylation Array","2","38.0 - 45.0","TCGA-BRCA","4c067a69-526c-4bd9-bbc8-e363cf6d750d","released","3c0bc662-c8b3-4f81-8249-4e4a75d0000b","quay.io/ncigdc","SeSAMe Methylation Beta Estimation","dc9467b78cf538a0430cd4027dc5092f77d47e20","Primary Tumor",NA,"TCGA-AR-A2LO","TCGA-AR-A2LO-01A"
"db7e6749-1bcd-4399-b635-d5548adfd9be","TXT","TCGA-D8-A27V-01A-12D-A17F-05","open","4bfa109d-02c6-4be6-8639-ee4f7f2fbe35.methylation_array.sesame.level3betas.txt","75352592-154e-4340-8ee1-dc600cb339b8","DNA Methylation","methylation_beta_value","Illumina Human Methylation 450",13147999,"2023-07-14T13:42:01.271666-05:00","259ec528ffb80ed5fef4e0b73efd679d","2023-07-18T10:27:23.955965-05:00","db7e6749-1bcd-4399-b635-d5548adfd9be","Methylation Beta Value","released","Methylation Array","2","38.0 - 45.0","TCGA-BRCA","12eaf169-8606-4446-82bd-4fdf6642db67","released","4bfa109d-02c6-4be6-8639-ee4f7f2fbe35","quay.io/ncigdc","SeSAMe Methylation Beta Estimation","dc9467b78cf538a0430cd4027dc5092f77d47e20","Primary Tumor",NA,"TCGA-D8-A27V","TCGA-D8-A27V-01A"
"499bab46-71e1-4686-98f8-18b18ef279cb","TXT","TCGA-EW-A2FR-01A-11D-A21R-05","open","fa28ad66-6149-4614-9412-7365a43f7166.methylation_array.sesame.level3betas.txt","3c5335b9-3412-42d3-a2a2-bee834181763","DNA Methylation","methylation_beta_value","Illumina Human Methylation 450",13162261,"2023-07-14T13:22:15.031802-05:00","79e6be7bf4342e27ecb9bca7b97e43b8","2023-07-18T10:26:10.500451-05:00","499bab46-71e1-4686-98f8-18b18ef279cb","Methylation Beta Value","released","Methylation Array","2","38.0 - 45.0","TCGA-BRCA","0d51db2c-1ae3-48d2-abb1-9a545f4ecd74","released","fa28ad66-6149-4614-9412-7365a43f7166","quay.io/ncigdc","SeSAMe Methylation Beta Estimation","f8ef9dc6375573fc05fee47b70278d89f79a4cd7","Primary Tumor",NA,"TCGA-EW-A2FR","TCGA-EW-A2FR-01A"
"86c5e3ec-5446-46e4-81d8-34be19af9126","TXT","TCGA-D8-A27M-01A-11D-A16G-05","open","23e5052c-a398-455c-bc43-784d89bee06b.methylation_array.sesame.level3betas.txt","30259ebc-9f68-42a8-bdc2-07017445bba2","DNA Methylation","methylation_beta_value","Illumina Human Methylation 450",13185573,"2023-07-14T13:21:43.614188-05:00","08da6b1d43650f9e0a442752c1b6d7fd","2023-07-18T10:26:05.158237-05:00","86c5e3ec-5446-46e4-81d8-34be19af9126","Methylation Beta Value","released","Methylation Array","2","38.0 - 45.0","TCGA-BRCA","4c2c4ea2-2a3a-407d-84b4-53322e97083a","released","23e5052c-a398-455c-bc43-784d89bee06b","quay.io/ncigdc","SeSAMe Methylation Beta Estimation","dc9467b78cf538a0430cd4027dc5092f77d47e20","Primary Tumor",NA,"TCGA-D8-A27M","TCGA-D8-A27M-01A"
"536912f7-5c85-4cfd-8828-ddcd65519992","TXT","TCGA-PE-A5DD-01A-12D-A27Y-05","open","4ae59bb4-f66f-4dac-9ae5-bbed4802ffb0.methylation_array.sesame.level3betas.txt","e41ae126-eb6a-4c50-8297-fd6eaba3fe47","DNA Methylation","methylation_beta_value","Illumina Human Methylation 450",13186470,"2023-07-14T13:12:26.584107-05:00","e1be9994d3a9cbe3a4de641a9357c0fc","2023-07-18T10:27:12.854416-05:00","536912f7-5c85-4cfd-8828-ddcd65519992","Methylation Beta Value","released","Methylation Array","2","38.0 - 45.0","TCGA-BRCA","6a598d84-228e-4b4e-8748-2bf4c8256409","released","4ae59bb4-f66f-4dac-9ae5-bbed4802ffb0","quay.io/ncigdc","SeSAMe Methylation Beta Estimation","dc9467b78cf538a0430cd4027dc5092f77d47e20","Primary Tumor",NA,"TCGA-PE-A5DD","TCGA-PE-A5DD-01A"
"b4d57107-2b1a-4947-a121-2fcbfac651dc","TXT","TCGA-Z7-A8R6-01A-11D-A41Q-05","open","d517333b-d3ec-4aed-bf55-7542fa9386eb.methylation_array.sesame.level3betas.txt","65a845d0-4d31-453a-935b-257bad313237","DNA Methylation","methylation_beta_value","Illumina Human Methylation 450",13118321,"2023-07-14T13:09:42.772039-05:00","b7158107f21297754bf8f280c25742fa","2023-07-18T10:26:14.939918-05:00","b4d57107-2b1a-4947-a121-2fcbfac651dc","Methylation Beta Value","released","Methylation Array","2","38.0 - 45.0","TCGA-BRCA","fab8f305-b131-44a6-8b8d-32d11c242394","released","d517333b-d3ec-4aed-bf55-7542fa9386eb","quay.io/ncigdc","SeSAMe Methylation Beta Estimation","f8ef9dc6375573fc05fee47b70278d89f79a4cd7","Primary Tumor",NA,"TCGA-Z7-A8R6","TCGA-Z7-A8R6-01A"
"a08cb4f3-a540-4cb5-9e33-91a1af9e3b4b","TXT","TCGA-BH-A203-11A-42D-A16A-05","open","013aeb1b-ac57-430e-a8b5-e9f886b10f1b.methylation_array.sesame.level3betas.txt","ea7ca61a-5e9b-4653-9bb5-79acb7db2436","DNA Methylation","methylation_beta_value","Illumina Human Methylation 450",13175783,"2023-07-14T13:13:38.514329-05:00","59917e465141e7547c56ce08d3c6d51f","2023-07-18T10:27:24.909779-05:00","a08cb4f3-a540-4cb5-9e33-91a1af9e3b4b","Methylation Beta Value","released","Methylation Array","2","38.0 - 45.0","TCGA-BRCA","f0dc202b-5dc8-4ce8-bb7e-bc68839eb2aa","released","013aeb1b-ac57-430e-a8b5-e9f886b10f1b","quay.io/ncigdc","SeSAMe Methylation Beta Estimation","dc9467b78cf538a0430cd4027dc5092f77d47e20","Solid Tissue Normal",NA,"TCGA-BH-A203","TCGA-BH-A203-11A"
"6ae0dd36-1916-4eb9-a391-2987b044d337","TXT","TCGA-E9-A1NH-01A-11D-A14H-05","open","7c132afe-1fb6-4108-94d5-81fcd3b20e95.methylation_array.sesame.level3betas.txt","b309cc0c-b7bc-49f1-8dd8-1314e341dfe7","DNA Methylation","methylation_beta_value","Illumina Human Methylation 450",13182901,"2023-07-14T13:25:17.686914-05:00","c46b53ca33233117c737d1115d36aa7a","2023-07-18T10:25:27.941346-05:00","6ae0dd36-1916-4eb9-a391-2987b044d337","Methylation Beta Value","released","Methylation Array","2","38.0 - 45.0","TCGA-BRCA","1be58610-7034-454f-94b1-b34542054a23","released","7c132afe-1fb6-4108-94d5-81fcd3b20e95","quay.io/ncigdc","SeSAMe Methylation Beta Estimation","f8ef9dc6375573fc05fee47b70278d89f79a4cd7","Primary Tumor",NA,"TCGA-E9-A1NH","TCGA-E9-A1NH-01A"
"66878be5-243d-4c91-ae87-f4172f7892fd","TXT","TCGA-BH-A203-01A-12D-A16A-05","open","36f52a27-d1f4-41dd-bea3-811dd2fa9f51.methylation_array.sesame.level3betas.txt","ee28c48c-fc5a-40ec-a5c4-914a034309a7","DNA Methylation","methylation_beta_value","Illumina Human Methylation 450",13158901,"2023-07-14T13:16:55.251671-05:00","e4c477f5250ea6231159d83cb72d384d","2023-07-18T10:25:36.767391-05:00","66878be5-243d-4c91-ae87-f4172f7892fd","Methylation Beta Value","released","Methylation Array","2","38.0 - 45.0","TCGA-BRCA","03592d77-51a2-42b6-bd1c-54e253f4c770","released","36f52a27-d1f4-41dd-bea3-811dd2fa9f51","quay.io/ncigdc","SeSAMe Methylation Beta Estimation","f8ef9dc6375573fc05fee47b70278d89f79a4cd7","Primary Tumor",NA,"TCGA-BH-A203","TCGA-BH-A203-01A"
"17bd9cfd-5685-4743-8030-88d5fc24858a","TXT","TCGA-GM-A2DD-01A-11D-A17Z-05","open","8108e43c-c7fb-4f69-91cc-ca553d05667b.methylation_array.sesame.level3betas.txt","fb49a059-d602-463a-af83-94e00bc1ff2c","DNA Methylation","methylation_beta_value","Illumina Human Methylation 450",13160919,"2023-07-14T13:42:31.463333-05:00","60aa9e42d20043077344b7c08a423ac0","2023-07-18T10:27:28.573595-05:00","17bd9cfd-5685-4743-8030-88d5fc24858a","Methylation Beta Value","released","Methylation Array","2","38.0 - 45.0","TCGA-BRCA","8f7bfbd2-751f-406c-940a-e1593068f82a","released","8108e43c-c7fb-4f69-91cc-ca553d05667b","quay.io/ncigdc","SeSAMe Methylation Beta Estimation","f8ef9dc6375573fc05fee47b70278d89f79a4cd7","Primary Tumor",NA,"TCGA-GM-A2DD","TCGA-GM-A2DD-01A"
"070fbb2f-beeb-4d07-8c7d-316db8122424","TXT","TCGA-A7-A26I-01A-11D-A16A-05","open","34474e5d-7b18-4fd1-97f8-88f3403c4dcf.methylation_array.sesame.level3betas.txt","c9200552-4af1-43a1-bc51-f8a3b737e894","DNA Methylation","methylation_beta_value","Illumina Human Methylation 450",13191320,"2023-07-14T13:45:37.579356-05:00","52b7689c9ea638bb0cefc2b2d6d4e487","2023-07-18T10:25:44.121389-05:00","070fbb2f-beeb-4d07-8c7d-316db8122424","Methylation Beta Value","released","Methylation Array","2","38.0 - 45.0","TCGA-BRCA","a4d0378c-e95a-442c-afa8-19f33621fea8","released","34474e5d-7b18-4fd1-97f8-88f3403c4dcf","quay.io/ncigdc","SeSAMe Methylation Beta Estimation","f8ef9dc6375573fc05fee47b70278d89f79a4cd7","Primary Tumor",NA,"TCGA-A7-A26I","TCGA-A7-A26I-01A"
"daeb0a93-44d2-47fe-9883-97c0bfd53ce7","TXT","TCGA-E9-A2JT-01A-22D-A18O-05","open","c6c2281a-88d7-44d2-ad46-4bd78d2414f9.methylation_array.sesame.level3betas.txt","84140cd2-8b81-409d-b59c-bace1fb860a1","DNA Methylation","methylation_beta_value","Illumina Human Methylation 450",13179186,"2023-07-14T13:42:16.417740-05:00","ff38f2b486f1c6ee382c464cb2f14ca1","2023-07-18T10:25:20.595001-05:00","daeb0a93-44d2-47fe-9883-97c0bfd53ce7","Methylation Beta Value","released","Methylation Array","2","38.0 - 45.0","TCGA-BRCA","67b67497-555f-4939-929e-d31a30b39851","released","c6c2281a-88d7-44d2-ad46-4bd78d2414f9","quay.io/ncigdc","SeSAMe Methylation Beta Estimation","9e258094ac9d4febe3721ceba25c1b8dbd1a27f8","Primary Tumor",NA,"TCGA-E9-A2JT","TCGA-E9-A2JT-01A"
"6420a88f-2352-44eb-89fe-829e5c2d0955","TXT","TCGA-AC-A2FM-11B-32D-A19Z-05","open","05effd3b-1633-4100-a062-268a5da0a33a.methylation_array.sesame.level3betas.txt","be11fc10-261c-49ff-b6b3-9984bd6943c5","DNA Methylation","methylation_beta_value","Illumina Human Methylation 450",13174000,"2023-07-14T13:30:44.264923-05:00","e8e10856d2f1153b9d4dcd03ce3dba13","2023-07-18T10:25:18.889575-05:00","6420a88f-2352-44eb-89fe-829e5c2d0955","Methylation Beta Value","released","Methylation Array","2","38.0 - 45.0","TCGA-BRCA","1400bede-7494-4248-a2bd-5b89a3f08799","released","05effd3b-1633-4100-a062-268a5da0a33a","quay.io/ncigdc","SeSAMe Methylation Beta Estimation","9e258094ac9d4febe3721ceba25c1b8dbd1a27f8","Solid Tissue Normal",NA,"TCGA-AC-A2FM","TCGA-AC-A2FM-11B"
"a1e2c130-93b3-4e42-a0d0-0d57b87d9a83","TXT","TCGA-A2-A04R-01A-41D-A10A-05","open","335d7410-3034-4c91-8acb-35b144cb8ced.methylation_array.sesame.level3betas.txt","a45f1e3b-8f62-4ece-bb00-aecf6abdb74b","DNA Methylation","methylation_beta_value","Illumina Human Methylation 450",12732882,"2023-07-14T13:36:22.531755-05:00","853ec4d6aa094f4ec897a48e1f23af1b","2023-07-18T10:27:30.771792-05:00","a1e2c130-93b3-4e42-a0d0-0d57b87d9a83","Methylation Beta Value","released","Methylation Array","2","38.0 - 45.0","TCGA-BRCA","66f53eac-8e22-4d9b-946c-8904166b8175","released","335d7410-3034-4c91-8acb-35b144cb8ced","quay.io/ncigdc","SeSAMe Methylation Beta Estimation","dc9467b78cf538a0430cd4027dc5092f77d47e20","Primary Tumor",NA,"TCGA-A2-A04R","TCGA-A2-A04R-01A"
"f953ae3c-9464-480b-ac40-eaf497dd6064","TXT","TCGA-EW-A1PE-01A-11D-A145-05","open","2dea1fae-d0d6-480e-89bf-250563d56e81.methylation_array.sesame.level3betas.txt","5056dc52-38e0-4b45-a01d-e848c916262b","DNA Methylation","methylation_beta_value","Illumina Human Methylation 450",13201124,"2023-07-14T13:22:51.621587-05:00","46b7316c8e0a39cfe6636b0489cd2b80","2023-07-18T10:26:39.293300-05:00","f953ae3c-9464-480b-ac40-eaf497dd6064","Methylation Beta Value","released","Methylation Array","2","38.0 - 45.0","TCGA-BRCA","7cbd6de9-588b-47b7-8c0e-3a7308ff1075","released","2dea1fae-d0d6-480e-89bf-250563d56e81","quay.io/ncigdc","SeSAMe Methylation Beta Estimation","dc9467b78cf538a0430cd4027dc5092f77d47e20","Primary Tumor",NA,"TCGA-EW-A1PE","TCGA-EW-A1PE-01A"
"7b214c64-6912-46e1-97f2-512b6a9f9dd9","TXT","TCGA-E2-A1IL-01A-11D-A14H-05","open","8d86cfc5-4bcc-4f26-a545-07c121d8703a.methylation_array.sesame.level3betas.txt","7f1d0c94-57cc-4bca-8a29-62a518eb83f3","DNA Methylation","methylation_beta_value","Illumina Human Methylation 450",13157792,"2023-07-14T13:38:00.857972-05:00","917b518aa0536048535595051e5e4cc8","2023-07-18T10:27:05.785315-05:00","7b214c64-6912-46e1-97f2-512b6a9f9dd9","Methylation Beta Value","released","Methylation Array","2","38.0 - 45.0","TCGA-BRCA","690638d6-e002-40c9-b30d-cc6322fb1e44","released","8d86cfc5-4bcc-4f26-a545-07c121d8703a","quay.io/ncigdc","SeSAMe Methylation Beta Estimation","f8ef9dc6375573fc05fee47b70278d89f79a4cd7","Primary Tumor",NA,"TCGA-E2-A1IL","TCGA-E2-A1IL-01A"
"6fe6a7d7-b551-4da2-bb8d-56c2cd8f7760","TXT","TCGA-D8-A1XW-01A-11D-A14N-05","open","a3a8c844-1caa-4a74-8638-c918556fd2fa.methylation_array.sesame.level3betas.txt","ab2a2e7f-e911-4ad8-921b-9d9a90227b41","DNA Methylation","methylation_beta_value","Illumina Human Methylation 450",13148000,"2023-07-14T13:14:10.248521-05:00","00066936400a37225184270c70d2d1bb","2023-07-18T10:24:39.629424-05:00","6fe6a7d7-b551-4da2-bb8d-56c2cd8f7760","Methylation Beta Value","released","Methylation Array","2","38.0 - 45.0","TCGA-BRCA","29d3781d-bdf9-4681-821b-c71583df58a7","released","a3a8c844-1caa-4a74-8638-c918556fd2fa","quay.io/ncigdc","SeSAMe Methylation Beta Estimation","f8ef9dc6375573fc05fee47b70278d89f79a4cd7","Primary Tumor",NA,"TCGA-D8-A1XW","TCGA-D8-A1XW-01A"
"4c31ebb3-c0a6-4ed7-a2bb-d427890e76b9","TXT","TCGA-EW-A1PB-01A-11D-A145-05","open","1a9f19b0-ef29-4004-8310-98bd4796c0e8.methylation_array.sesame.level3betas.txt","c6867e1c-62b4-41b5-a681-604c6026cab6","DNA Methylation","methylation_beta_value","Illumina Human Methylation 450",13192156,"2023-07-14T13:09:39.003435-05:00","f0b4a82705f76fcb6c6cf7ecccf943ab","2023-07-18T10:27:17.391299-05:00","4c31ebb3-c0a6-4ed7-a2bb-d427890e76b9","Methylation Beta Value","released","Methylation Array","2","38.0 - 45.0","TCGA-BRCA","6db40850-7908-4b60-b5fe-a326d51d1d92","released","1a9f19b0-ef29-4004-8310-98bd4796c0e8","quay.io/ncigdc","SeSAMe Methylation Beta Estimation","f8ef9dc6375573fc05fee47b70278d89f79a4cd7","Primary Tumor",NA,"TCGA-EW-A1PB","TCGA-EW-A1PB-01A"
"aa921596-05d6-474c-8163-58b752f18c18","TXT","TCGA-E2-A1AZ-01A-11D-A12R-05","open","3d105e5d-3281-4cbe-ad9c-78f5b6928f81.methylation_array.sesame.level3betas.txt","a56d39b8-2bf5-451a-b097-df2cee86033a","DNA Methylation","methylation_beta_value","Illumina Human Methylation 450",13142497,"2023-07-14T13:43:28.754333-05:00","042af6c25f430c4cf2ea449719cfac5b","2023-07-18T10:26:43.058867-05:00","aa921596-05d6-474c-8163-58b752f18c18","Methylation Beta Value","released","Methylation Array","2","38.0 - 45.0","TCGA-BRCA","f44abc92-d689-44b6-b302-406174b19880","released","3d105e5d-3281-4cbe-ad9c-78f5b6928f81","quay.io/ncigdc","SeSAMe Methylation Beta Estimation","f8ef9dc6375573fc05fee47b70278d89f79a4cd7","Primary Tumor",NA,"TCGA-E2-A1AZ","TCGA-E2-A1AZ-01A"
"b13a3157-dca8-4257-b107-96613567921a","TXT","TCGA-C8-A26V-01A-11D-A16G-05","open","8fce1d24-9bf0-4a43-be31-175e4c874078.methylation_array.sesame.level3betas.txt","52f81bb3-2b3d-4c2f-8673-1581e85f5463","DNA Methylation","methylation_beta_value","Illumina Human Methylation 450",13136233,"2023-07-14T13:12:19.390113-05:00","82c6f924d6aeafa0216b2374d9344fb5","2023-07-18T10:27:29.531496-05:00","b13a3157-dca8-4257-b107-96613567921a","Methylation Beta Value","released","Methylation Array","2","38.0 - 45.0","TCGA-BRCA","e9d9cdd4-09bc-4181-a50f-77d2ad97f73b","released","8fce1d24-9bf0-4a43-be31-175e4c874078","quay.io/ncigdc","SeSAMe Methylation Beta Estimation","dc9467b78cf538a0430cd4027dc5092f77d47e20","Primary Tumor",NA,"TCGA-C8-A26V","TCGA-C8-A26V-01A"
"b476235e-2789-4b58-a92a-da6efbf374fe","TXT","TCGA-AN-A0XR-01A-11D-A10A-05","open","7f4a8293-f4c0-4d90-9bd1-13d124b9f14b.methylation_array.sesame.level3betas.txt","4bbd7255-d685-48e1-88ca-06179187c624","DNA Methylation","methylation_beta_value","Illumina Human Methylation 450",12909844,"2023-07-14T13:14:48.288918-05:00","668d20744d21c2d7eb4d07a1327d9926","2023-07-18T10:24:41.377169-05:00","b476235e-2789-4b58-a92a-da6efbf374fe","Methylation Beta Value","released","Methylation Array","2","38.0 - 45.0","TCGA-BRCA","0f0006d8-2b70-4d3c-b12c-fcdbd27c3a48","released","7f4a8293-f4c0-4d90-9bd1-13d124b9f14b","quay.io/ncigdc","SeSAMe Methylation Beta Estimation","9e258094ac9d4febe3721ceba25c1b8dbd1a27f8","Primary Tumor",NA,"TCGA-AN-A0XR","TCGA-AN-A0XR-01A"
"d68d1a8f-b73b-4f12-a44d-78ee10051833","TXT","TCGA-A2-A25A-01A-12D-A16G-05","open","a64d383d-184f-4e9b-b052-1e289353a516.methylation_array.sesame.level3betas.txt","9ab9afee-06a3-430a-b933-7f50cbd36fac","DNA Methylation","methylation_beta_value","Illumina Human Methylation 450",13080404,"2023-07-14T13:23:02.986419-05:00","53ab6366f5fce5a676d1424be1bade74","2023-07-18T10:26:26.006197-05:00","d68d1a8f-b73b-4f12-a44d-78ee10051833","Methylation Beta Value","released","Methylation Array","2","38.0 - 45.0","TCGA-BRCA","e5f5817b-ca4e-40d4-9588-f64a18a2e724","released","a64d383d-184f-4e9b-b052-1e289353a516","quay.io/ncigdc","SeSAMe Methylation Beta Estimation","dc9467b78cf538a0430cd4027dc5092f77d47e20","Primary Tumor",NA,"TCGA-A2-A25A","TCGA-A2-A25A-01A"
"aa67cdc5-8ee9-4d63-8f00-d92234b3baf4","TXT","TCGA-AR-A0TP-01A-11D-A10P-05","open","6d64316d-ed88-49b6-b598-6b21c6abe0b0.methylation_array.sesame.level3betas.txt","1167737e-2407-492e-8112-bee6202fa614","DNA Methylation","methylation_beta_value","Illumina Human Methylation 450",12763590,"2023-07-14T13:10:20.540109-05:00","5826a42a4edf4d04b2e84c87036ee923","2023-07-18T10:25:54.764534-05:00","aa67cdc5-8ee9-4d63-8f00-d92234b3baf4","Methylation Beta Value","released","Methylation Array","2","38.0 - 45.0","TCGA-BRCA","0e36de75-e5ad-4e4a-bbcd-2635a603c0e9","released","6d64316d-ed88-49b6-b598-6b21c6abe0b0","quay.io/ncigdc","SeSAMe Methylation Beta Estimation","f8ef9dc6375573fc05fee47b70278d89f79a4cd7","Primary Tumor",NA,"TCGA-AR-A0TP","TCGA-AR-A0TP-01A"
"2d77fd33-18d9-472d-9dc8-f3b9096fbef4","TXT","TCGA-AC-A2FO-01A-11D-A17Z-05","open","c399024c-656f-4fb1-aa4d-89cc998f8d57.methylation_array.sesame.level3betas.txt","1ab8d572-a04c-484e-9fbd-3d3f735f2631","DNA Methylation","methylation_beta_value","Illumina Human Methylation 450",13184915,"2023-07-14T13:25:36.364940-05:00","48741a47617938590009b767b9e8c053","2023-07-18T10:25:10.429367-05:00","2d77fd33-18d9-472d-9dc8-f3b9096fbef4","Methylation Beta Value","released","Methylation Array","2","38.0 - 45.0","TCGA-BRCA","627961a7-f9cc-40af-8cba-9210369ff730","released","c399024c-656f-4fb1-aa4d-89cc998f8d57","quay.io/ncigdc","SeSAMe Methylation Beta Estimation","9e258094ac9d4febe3721ceba25c1b8dbd1a27f8","Primary Tumor",NA,"TCGA-AC-A2FO","TCGA-AC-A2FO-01A"
"c246eb93-511e-45a1-b9a9-0abb3b602e75","TXT","TCGA-EW-A6SA-01A-21D-A32T-05","open","5ced1fd5-299f-4f3a-b98b-91a6594d6c95.methylation_array.sesame.level3betas.txt","1652040a-b843-470a-8241-c36722d4bbe4","DNA Methylation","methylation_beta_value","Illumina Human Methylation 450",12617585,"2023-07-14T13:28:03.350454-05:00","2492ecce5ba60ca2c8e7762452154582","2023-07-18T10:26:26.696253-05:00","c246eb93-511e-45a1-b9a9-0abb3b602e75","Methylation Beta Value","released","Methylation Array","2","38.0 - 45.0","TCGA-BRCA","26cf29d0-2e99-4a15-bcc0-e8f5cc529722","released","5ced1fd5-299f-4f3a-b98b-91a6594d6c95","quay.io/ncigdc","SeSAMe Methylation Beta Estimation","dc9467b78cf538a0430cd4027dc5092f77d47e20","Primary Tumor",NA,"TCGA-EW-A6SA","TCGA-EW-A6SA-01A"
"17e07de7-6f7c-4224-8c8b-422f623cdc97","TXT","TCGA-BH-A1FJ-11B-42D-A13T-05","open","b59fc222-6929-4734-9d37-e962d861d3fc.methylation_array.sesame.level3betas.txt","aff4796a-7002-4530-b2aa-22cbe1a26d3b","DNA Methylation","methylation_beta_value","Illumina Human Methylation 450",13181979,"2023-07-14T13:38:56.323073-05:00","636a9c72a96a151ef680dceb35152a95","2023-07-18T10:25:51.125524-05:00","17e07de7-6f7c-4224-8c8b-422f623cdc97","Methylation Beta Value","released","Methylation Array","2","38.0 - 45.0","TCGA-BRCA","d8cf5316-3915-4a1a-a44d-730b72adb330","released","b59fc222-6929-4734-9d37-e962d861d3fc","quay.io/ncigdc","SeSAMe Methylation Beta Estimation","f8ef9dc6375573fc05fee47b70278d89f79a4cd7","Solid Tissue Normal",NA,"TCGA-BH-A1FJ","TCGA-BH-A1FJ-11B"
"db96e74a-50c7-4940-9305-69315570b78c","TXT","TCGA-D8-A73W-01A-22D-A357-05","open","c282e276-1382-4138-ada1-d98824f317ba.methylation_array.sesame.level3betas.txt","3e406377-1a81-46c1-8d07-45e9c9f7cfdd","DNA Methylation","methylation_beta_value","Illumina Human Methylation 450",13166494,"2023-07-14T13:11:33.330423-05:00","804fb45973a91f330880a922fad40216","2023-07-18T10:26:27.974834-05:00","db96e74a-50c7-4940-9305-69315570b78c","Methylation Beta Value","released","Methylation Array","2","38.0 - 45.0","TCGA-BRCA","b8a541d7-0cc6-4190-8889-0f70b35b0301","released","c282e276-1382-4138-ada1-d98824f317ba","quay.io/ncigdc","SeSAMe Methylation Beta Estimation","f8ef9dc6375573fc05fee47b70278d89f79a4cd7","Primary Tumor",NA,"TCGA-D8-A73W","TCGA-D8-A73W-01A"
"593351bb-a5dc-4f46-89f9-9d3c98c73be4","TXT","TCGA-AC-A2FE-01A-11D-A19Z-05","open","553fcdd9-1c7a-4851-bfc3-b1186fc2ab7b.methylation_array.sesame.level3betas.txt","75bdfa54-f969-440a-937f-475e642a7069","DNA Methylation","methylation_beta_value","Illumina Human Methylation 450",13148797,"2023-07-14T13:46:11.546346-05:00","2953ae34a47769cfefe234891e033cac","2023-07-18T10:26:53.451223-05:00","593351bb-a5dc-4f46-89f9-9d3c98c73be4","Methylation Beta Value","released","Methylation Array","2","38.0 - 45.0","TCGA-BRCA","8dad5605-c720-4b0a-8172-29469c67062d","released","553fcdd9-1c7a-4851-bfc3-b1186fc2ab7b","quay.io/ncigdc","SeSAMe Methylation Beta Estimation","f8ef9dc6375573fc05fee47b70278d89f79a4cd7","Primary Tumor",NA,"TCGA-AC-A2FE","TCGA-AC-A2FE-01A"
"1cdcdfa3-25a3-4aae-a11e-fcba71b7bc74","TXT","TCGA-GM-A5PX-01A-12D-A28C-05","open","ceb441aa-8522-4b1a-bb29-2782d566d7eb.methylation_array.sesame.level3betas.txt","ffe5ecae-610d-4d07-b1a6-348b7e9786d6","DNA Methylation","methylation_beta_value","Illumina Human Methylation 450",13112696,"2023-07-14T13:37:37.829720-05:00","479b6b9168a38beb26b8dc167538268e","2023-07-18T10:27:23.247305-05:00","1cdcdfa3-25a3-4aae-a11e-fcba71b7bc74","Methylation Beta Value","released","Methylation Array","2","38.0 - 45.0","TCGA-BRCA","294697da-5531-4f5f-9654-3a48400f4ca8","released","ceb441aa-8522-4b1a-bb29-2782d566d7eb","quay.io/ncigdc","SeSAMe Methylation Beta Estimation","dc9467b78cf538a0430cd4027dc5092f77d47e20","Primary Tumor",NA,"TCGA-GM-A5PX","TCGA-GM-A5PX-01A"
"0e8d0ce2-e7f6-4ee7-b502-400e8c2366d5","TXT","TCGA-WT-AB41-01A-11D-A41Q-05","open","752d15d6-2863-459b-94a4-37fa99016270.methylation_array.sesame.level3betas.txt","b329f4a8-8901-4641-95b3-275d8a841e6d","DNA Methylation","methylation_beta_value","Illumina Human Methylation 450",13002911,"2023-07-14T13:17:10.091132-05:00","968da7bb6cf21c6bf6883c8383a17565","2023-07-18T10:27:19.485941-05:00","0e8d0ce2-e7f6-4ee7-b502-400e8c2366d5","Methylation Beta Value","released","Methylation Array","2","38.0 - 45.0","TCGA-BRCA","4e44dce8-8f4d-4252-bb1b-5040ceaedda0","released","752d15d6-2863-459b-94a4-37fa99016270","quay.io/ncigdc","SeSAMe Methylation Beta Estimation","f8ef9dc6375573fc05fee47b70278d89f79a4cd7","Primary Tumor",NA,"TCGA-WT-AB41","TCGA-WT-AB41-01A"
"5bafa282-43c7-4eb0-9674-1fdfedf59a93","TXT","TCGA-D8-A1X5-01A-11D-A14H-05","open","9b9338ba-d77e-4de4-b85b-36d78aabe914.methylation_array.sesame.level3betas.txt","3a1daa02-9cad-4e24-aa1e-33aafd3b2995","DNA Methylation","methylation_beta_value","Illumina Human Methylation 450",13123047,"2023-07-14T13:44:54.050183-05:00","613ae4dd2ce97dfcdd1fb33e398cfca1","2023-07-18T10:26:25.011030-05:00","5bafa282-43c7-4eb0-9674-1fdfedf59a93","Methylation Beta Value","released","Methylation Array","2","38.0 - 45.0","TCGA-BRCA","581bab73-7760-4a55-ab1a-1b81151e64ef","released","9b9338ba-d77e-4de4-b85b-36d78aabe914","quay.io/ncigdc","SeSAMe Methylation Beta Estimation","dc9467b78cf538a0430cd4027dc5092f77d47e20","Primary Tumor",NA,"TCGA-D8-A1X5","TCGA-D8-A1X5-01A"
"1bc3c759-cf3a-48a6-874c-db55f52ed5a5","TXT","TCGA-LL-A5YN-01A-11D-A28C-05","open","dd573fd2-6267-4c56-a589-f2653327f9f7.methylation_array.sesame.level3betas.txt","a4b83284-8dd0-4a1b-a321-e46f81431b68","DNA Methylation","methylation_beta_value","Illumina Human Methylation 450",13095842,"2023-07-14T13:21:06.141211-05:00","65de5a2925be964ae69c87d931907264","2023-07-18T10:26:18.740181-05:00","1bc3c759-cf3a-48a6-874c-db55f52ed5a5","Methylation Beta Value","released","Methylation Array","2","38.0 - 45.0","TCGA-BRCA","69227b31-8ee6-4d9a-8e48-a5480d6c5234","released","dd573fd2-6267-4c56-a589-f2653327f9f7","quay.io/ncigdc","SeSAMe Methylation Beta Estimation","9e258094ac9d4febe3721ceba25c1b8dbd1a27f8","Primary Tumor",NA,"TCGA-LL-A5YN","TCGA-LL-A5YN-01A"
"7b0253a2-4f5e-4e5e-907a-3ed8742fdf66","TXT","TCGA-E2-A107-01A-11D-A10N-05","open","3a83455c-c63b-413e-9b0c-6fee19fd72e4.methylation_array.sesame.level3betas.txt","26a081cf-c52f-483e-a655-4e5bdb561028","DNA Methylation","methylation_beta_value","Illumina Human Methylation 450",13008122,"2023-07-14T13:41:26.659135-05:00","7ba9c664e817b29979508c5efb4ac73b","2023-07-18T10:26:20.683902-05:00","7b0253a2-4f5e-4e5e-907a-3ed8742fdf66","Methylation Beta Value","released","Methylation Array","2","38.0 - 45.0","TCGA-BRCA","98dfd388-228a-474b-93f7-7dc0ee1ad03b","released","3a83455c-c63b-413e-9b0c-6fee19fd72e4","quay.io/ncigdc","SeSAMe Methylation Beta Estimation","f8ef9dc6375573fc05fee47b70278d89f79a4cd7","Primary Tumor",NA,"TCGA-E2-A107","TCGA-E2-A107-01A"
"884399c9-f8a3-44ef-b012-7cd0a53759e8","TXT","TCGA-E2-A109-01A-11D-A10N-05","open","184163a2-c59a-4e4c-92a5-32eab74205d7.methylation_array.sesame.level3betas.txt","d9a0d361-7ded-4a45-881f-57cc6d12183d","DNA Methylation","methylation_beta_value","Illumina Human Methylation 450",12923840,"2023-07-14T13:21:25.747759-05:00","81e068aba3b45ecbcc5f02a959b2efa2","2023-07-18T10:24:43.345182-05:00","884399c9-f8a3-44ef-b012-7cd0a53759e8","Methylation Beta Value","released","Methylation Array","2","38.0 - 45.0","TCGA-BRCA","cf4c99a0-2097-427d-a032-6e6d51201339","released","184163a2-c59a-4e4c-92a5-32eab74205d7","quay.io/ncigdc","SeSAMe Methylation Beta Estimation","f8ef9dc6375573fc05fee47b70278d89f79a4cd7","Primary Tumor",NA,"TCGA-E2-A109","TCGA-E2-A109-01A"
"08ce1a48-8fac-4554-86b3-e8b54afd7980","TXT","TCGA-E2-A2P5-01A-11D-A19Z-05","open","3e7218ce-dbc0-41e9-81eb-56af860e2737.methylation_array.sesame.level3betas.txt","9af6ea1d-eef7-4917-91d8-71bc43097780","DNA Methylation","methylation_beta_value","Illumina Human Methylation 450",13132491,"2023-07-14T13:18:01.678956-05:00","23fbb3b373d189c6e74e1fdb16bd41dd","2023-07-18T10:26:46.537859-05:00","08ce1a48-8fac-4554-86b3-e8b54afd7980","Methylation Beta Value","released","Methylation Array","2","38.0 - 45.0","TCGA-BRCA","0f8992c0-9cf5-4955-ab2d-c3e89ef6ae94","released","3e7218ce-dbc0-41e9-81eb-56af860e2737","quay.io/ncigdc","SeSAMe Methylation Beta Estimation","dc9467b78cf538a0430cd4027dc5092f77d47e20","Primary Tumor",NA,"TCGA-E2-A2P5","TCGA-E2-A2P5-01A"
"1ce30cf5-e1b1-43a8-9db9-d8cc2ab0efd0","TXT","TCGA-EW-A1P6-01A-11D-A145-05","open","c27e109e-25ad-458d-b673-08fe3d29cf0a.methylation_array.sesame.level3betas.txt","7b7693a3-3335-48cc-94ac-1612418a2034","DNA Methylation","methylation_beta_value","Illumina Human Methylation 450",13184507,"2023-07-14T13:24:00.804898-05:00","bc0f8854aa698b9ace6924cd591da3f6","2023-07-18T10:26:58.531970-05:00","1ce30cf5-e1b1-43a8-9db9-d8cc2ab0efd0","Methylation Beta Value","released","Methylation Array","2","38.0 - 45.0","TCGA-BRCA","8fb1ef58-234d-489f-9e25-447600663f17","released","c27e109e-25ad-458d-b673-08fe3d29cf0a","quay.io/ncigdc","SeSAMe Methylation Beta Estimation","9e258094ac9d4febe3721ceba25c1b8dbd1a27f8","Primary Tumor",NA,"TCGA-EW-A1P6","TCGA-EW-A1P6-01A"
"3b60264b-bbba-4ed6-9957-feb56c12fb9b","TXT","TCGA-E2-A1L8-01A-11D-A13K-05","open","02800692-f1ff-425b-9774-96f74ce9a1a1.methylation_array.sesame.level3betas.txt","3cdddd30-31bc-4610-8bc3-11c9e75e5f9e","DNA Methylation","methylation_beta_value","Illumina Human Methylation 450",13084133,"2023-07-14T13:10:31.021085-05:00","583d3f8ea3af4d462231ef9a3901fae9","2023-07-18T10:27:26.186614-05:00","3b60264b-bbba-4ed6-9957-feb56c12fb9b","Methylation Beta Value","released","Methylation Array","2","38.0 - 45.0","TCGA-BRCA","ae029965-42b4-481b-b1d2-ca889da7d382","released","02800692-f1ff-425b-9774-96f74ce9a1a1","quay.io/ncigdc","SeSAMe Methylation Beta Estimation","dc9467b78cf538a0430cd4027dc5092f77d47e20","Primary Tumor",NA,"TCGA-E2-A1L8","TCGA-E2-A1L8-01A"
"9090c0b7-b361-48e6-9608-ae92c0435673","TXT","TCGA-EW-A1PD-01A-11D-A145-05","open","5939bd66-c8f4-4d2b-a3c6-880dd578db90.methylation_array.sesame.level3betas.txt","d189f35b-521a-4d39-ad87-cc466994b85b","DNA Methylation","methylation_beta_value","Illumina Human Methylation 450",13168714,"2023-07-14T13:33:10.803423-05:00","8a80d5f84b92bdeb614576c79be393bc","2023-07-18T10:26:12.501762-05:00","9090c0b7-b361-48e6-9608-ae92c0435673","Methylation Beta Value","released","Methylation Array","2","38.0 - 45.0","TCGA-BRCA","85b401a8-2b1b-4ebf-8a75-2e4665cf1aed","released","5939bd66-c8f4-4d2b-a3c6-880dd578db90","quay.io/ncigdc","SeSAMe Methylation Beta Estimation","f8ef9dc6375573fc05fee47b70278d89f79a4cd7","Primary Tumor",NA,"TCGA-EW-A1PD","TCGA-EW-A1PD-01A"
"5c4b83eb-f7d3-4b48-b008-fb4b4d28c6ba","TXT","TCGA-A7-A0DB-11A-33D-A093-05","open","7c2b5cc5-f43c-4351-b496-16e9fb82b238.methylation_array.sesame.level3betas.txt","3fc55d2a-6874-467e-9829-40b10c175a81","DNA Methylation","methylation_beta_value","Illumina Human Methylation 450",12940488,"2023-07-14T13:12:53.235305-05:00","00136342cc19b6444169d302b59f9cf1","2023-07-18T10:26:23.714104-05:00","5c4b83eb-f7d3-4b48-b008-fb4b4d28c6ba","Methylation Beta Value","released","Methylation Array","2","38.0 - 45.0","TCGA-BRCA","fb48ec44-2556-4cb3-9c45-5f02a9d219e2","released","7c2b5cc5-f43c-4351-b496-16e9fb82b238","quay.io/ncigdc","SeSAMe Methylation Beta Estimation","f8ef9dc6375573fc05fee47b70278d89f79a4cd7","Solid Tissue Normal",NA,"TCGA-A7-A0DB","TCGA-A7-A0DB-11A"
"a974f52f-8d48-45f9-b2a9-570385c44317","TXT","TCGA-AC-A3OD-01A-11D-A21R-05","open","662ca41b-ad7a-485a-8315-8bec7c06a2ef.methylation_array.sesame.level3betas.txt","be16a647-bb53-4f5c-b0b4-7e27b40cd31c","DNA Methylation","methylation_beta_value","Illumina Human Methylation 450",13033880,"2023-07-14T13:32:46.584303-05:00","e0a5b39d3b43c960ba1a85e0300a9e67","2023-07-18T10:25:21.514579-05:00","a974f52f-8d48-45f9-b2a9-570385c44317","Methylation Beta Value","released","Methylation Array","2","38.0 - 45.0","TCGA-BRCA","cea44384-6457-40f8-8947-ec6782b4387a","released","662ca41b-ad7a-485a-8315-8bec7c06a2ef","quay.io/ncigdc","SeSAMe Methylation Beta Estimation","9e258094ac9d4febe3721ceba25c1b8dbd1a27f8","Primary Tumor",NA,"TCGA-AC-A3OD","TCGA-AC-A3OD-01A"
"81771ea7-db7d-4a0b-8f6e-d3b2bd262a24","TXT","TCGA-GM-A2DL-01A-11D-A18O-05","open","2370112c-dfc7-4f2d-9110-f13f7f06f357.methylation_array.sesame.level3betas.txt","640a8995-ea81-44db-a26d-18bbc6658365","DNA Methylation","methylation_beta_value","Illumina Human Methylation 450",13164459,"2023-07-14T13:45:12.514022-05:00","ab876522ca65fb8a59687c2369a40474","2023-07-18T10:24:45.968069-05:00","81771ea7-db7d-4a0b-8f6e-d3b2bd262a24","Methylation Beta Value","released","Methylation Array","2","38.0 - 45.0","TCGA-BRCA","8120da45-3001-49a2-baca-b7660f89000a","released","2370112c-dfc7-4f2d-9110-f13f7f06f357","quay.io/ncigdc","SeSAMe Methylation Beta Estimation","f8ef9dc6375573fc05fee47b70278d89f79a4cd7","Primary Tumor",NA,"TCGA-GM-A2DL","TCGA-GM-A2DL-01A"
"e1c482cc-06e7-4515-b615-8f8ae1590ac6","TXT","TCGA-A2-A3XS-01A-11D-A230-05","open","d0dbcc9f-3a11-4294-81ae-eb25e45db6bb.methylation_array.sesame.level3betas.txt","0058cef7-2835-40c0-80b8-74f91a5e2acd","DNA Methylation","methylation_beta_value","Illumina Human Methylation 450",13122188,"2023-07-14T13:35:24.594461-05:00","2db01202d26b1b4ca41c301c110af98e","2023-07-18T10:26:20.113822-05:00","e1c482cc-06e7-4515-b615-8f8ae1590ac6","Methylation Beta Value","released","Methylation Array","2","38.0 - 45.0","TCGA-BRCA","c8729cd2-a9ad-49a8-bca9-6b7d7f091148","released","d0dbcc9f-3a11-4294-81ae-eb25e45db6bb","quay.io/ncigdc","SeSAMe Methylation Beta Estimation","f8ef9dc6375573fc05fee47b70278d89f79a4cd7","Primary Tumor",NA,"TCGA-A2-A3XS","TCGA-A2-A3XS-01A"
"849fe85d-e41c-449c-81f4-ffa0201f3c2e","TXT","TCGA-AR-A1AT-01A-11D-A12R-05","open","22a7ac27-06f4-4825-b1bf-1dbbec56e41b.methylation_array.sesame.level3betas.txt","ae802ef4-93d1-4450-b630-fd2a68630676","DNA Methylation","methylation_beta_value","Illumina Human Methylation 450",12967817,"2023-07-14T13:21:40.122364-05:00","ebf72ed39953927c072b3e8bc0681f6e","2023-07-18T10:25:48.851767-05:00","849fe85d-e41c-449c-81f4-ffa0201f3c2e","Methylation Beta Value","released","Methylation Array","2","38.0 - 45.0","TCGA-BRCA","b277cec2-4c00-4c1b-9261-2d73dd74596f","released","22a7ac27-06f4-4825-b1bf-1dbbec56e41b","quay.io/ncigdc","SeSAMe Methylation Beta Estimation","f8ef9dc6375573fc05fee47b70278d89f79a4cd7","Primary Tumor",NA,"TCGA-AR-A1AT","TCGA-AR-A1AT-01A"
"8202a20b-afd8-462c-8974-f1d3cb9f51aa","TXT","TCGA-AC-A5EH-01A-11D-A28C-05","open","06120152-0b98-45fc-8f10-667fea77957c.methylation_array.sesame.level3betas.txt","37daef97-df74-45fe-ba43-2fcfbdd7b5f1","DNA Methylation","methylation_beta_value","Illumina Human Methylation 450",13136529,"2023-07-14T13:31:16.521333-05:00","52470e131d37cef332ffe5bbc56671ac","2023-07-18T10:27:01.703844-05:00","8202a20b-afd8-462c-8974-f1d3cb9f51aa","Methylation Beta Value","released","Methylation Array","2","38.0 - 45.0","TCGA-BRCA","df896a4b-d6d8-48fa-8021-ecfcc2b784e3","released","06120152-0b98-45fc-8f10-667fea77957c","quay.io/ncigdc","SeSAMe Methylation Beta Estimation","dc9467b78cf538a0430cd4027dc5092f77d47e20","Primary Tumor",NA,"TCGA-AC-A5EH","TCGA-AC-A5EH-01A"
"d7b30e5b-cf82-4cbd-8459-37528851a7a5","TXT","TCGA-E9-A5FL-01A-11D-A27Y-05","open","79ce9b3c-04b2-4b50-81e1-067a814a6fe0.methylation_array.sesame.level3betas.txt","dcbaab8d-3c1a-40c0-afd8-fb8c8f0f0bb7","DNA Methylation","methylation_beta_value","Illumina Human Methylation 450",13208976,"2023-07-14T13:13:55.462023-05:00","b3f32da9a5daadc47b494c71454ae5ca","2023-07-18T10:25:24.859880-05:00","d7b30e5b-cf82-4cbd-8459-37528851a7a5","Methylation Beta Value","released","Methylation Array","2","38.0 - 45.0","TCGA-BRCA","8e6e24b0-7258-405c-b534-0c11ca8f9442","released","79ce9b3c-04b2-4b50-81e1-067a814a6fe0","quay.io/ncigdc","SeSAMe Methylation Beta Estimation","f8ef9dc6375573fc05fee47b70278d89f79a4cd7","Primary Tumor",NA,"TCGA-E9-A5FL","TCGA-E9-A5FL-01A"
"7ad2029b-b321-45b0-9b7b-6744b8d632f7","TXT","TCGA-A2-A1G4-01A-11D-A13K-05","open","0b868fe7-bbe4-4dec-95c4-19f4525f7ca1.methylation_array.sesame.level3betas.txt","2b4d60f7-c338-4a32-ba4d-c232c35ede17","DNA Methylation","methylation_beta_value","Illumina Human Methylation 450",13049782,"2023-07-14T13:27:55.972662-05:00","2a872950fceaf08750d3f4dba9b12db7","2023-07-18T10:26:28.244462-05:00","7ad2029b-b321-45b0-9b7b-6744b8d632f7","Methylation Beta Value","released","Methylation Array","2","38.0 - 45.0","TCGA-BRCA","ff9ff6b5-2795-426b-9317-787a1c23690e","released","0b868fe7-bbe4-4dec-95c4-19f4525f7ca1","quay.io/ncigdc","SeSAMe Methylation Beta Estimation","dc9467b78cf538a0430cd4027dc5092f77d47e20","Primary Tumor",NA,"TCGA-A2-A1G4","TCGA-A2-A1G4-01A"
"573fe691-e8ba-4dc4-ba5e-76719807e8a5","TXT","TCGA-AR-A0TX-01A-11D-A10P-05","open","64bf66fe-cb7f-49f9-845f-5ca71a5b2601.methylation_array.sesame.level3betas.txt","a8c12631-b80e-4b66-a3f0-4a98c0a904c9","DNA Methylation","methylation_beta_value","Illumina Human Methylation 450",12996730,"2023-07-14T13:28:07.054982-05:00","7d78296dc02950f85af3837f6894184c","2023-07-18T10:25:29.725526-05:00","573fe691-e8ba-4dc4-ba5e-76719807e8a5","Methylation Beta Value","released","Methylation Array","2","38.0 - 45.0","TCGA-BRCA","8dd6a663-50ad-4362-a83e-d6fdab213560","released","64bf66fe-cb7f-49f9-845f-5ca71a5b2601","quay.io/ncigdc","SeSAMe Methylation Beta Estimation","f8ef9dc6375573fc05fee47b70278d89f79a4cd7","Primary Tumor",NA,"TCGA-AR-A0TX","TCGA-AR-A0TX-01A"
"404d4d45-c430-48d7-8e9a-1c128a7551f4","TXT","TCGA-A1-A0SE-01A-11D-A10P-05","open","4a4651d5-6b67-49c5-a1a5-0370732f3d2d.methylation_array.sesame.level3betas.txt","fe74d3cd-1212-4ebd-a210-4c77dda3679c","DNA Methylation","methylation_beta_value","Illumina Human Methylation 450",13046376,"2023-07-14T13:43:36.167483-05:00","9fc1bf270329e0d2a332c7088d99fb28","2023-07-18T10:27:20.904436-05:00","404d4d45-c430-48d7-8e9a-1c128a7551f4","Methylation Beta Value","released","Methylation Array","2","38.0 - 45.0","TCGA-BRCA","7bd3c634-64f0-47e9-99f4-53b408a6d5b3","released","4a4651d5-6b67-49c5-a1a5-0370732f3d2d","quay.io/ncigdc","SeSAMe Methylation Beta Estimation","f8ef9dc6375573fc05fee47b70278d89f79a4cd7","Primary Tumor",NA,"TCGA-A1-A0SE","TCGA-A1-A0SE-01A"
"d59875b7-65ee-48b7-b802-242ec43695e0","TXT","TCGA-EW-A1IZ-01A-11D-A13K-05","open","12f066a3-680d-4e16-915c-26b32be3010b.methylation_array.sesame.level3betas.txt","7818b399-f75d-43e6-924f-5abfbbf49346","DNA Methylation","methylation_beta_value","Illumina Human Methylation 450",13166922,"2023-07-14T13:45:03.358568-05:00","3128f86b45e2dd4c582d8563a506f095","2023-07-18T10:24:52.537662-05:00","d59875b7-65ee-48b7-b802-242ec43695e0","Methylation Beta Value","released","Methylation Array","2","38.0 - 45.0","TCGA-BRCA","9b748d73-4a87-4886-8b14-7d03bcc805fa","released","12f066a3-680d-4e16-915c-26b32be3010b","quay.io/ncigdc","SeSAMe Methylation Beta Estimation","f8ef9dc6375573fc05fee47b70278d89f79a4cd7","Primary Tumor",NA,"TCGA-EW-A1IZ","TCGA-EW-A1IZ-01A"
"92a253a3-26cd-4e63-a901-0bcf7e405c44","TXT","TCGA-C8-A3M8-01A-11D-A212-05","open","3807f9d7-f362-477d-ad7c-4b7146995a9d.methylation_array.sesame.level3betas.txt","f220e4d5-3596-4fd9-ab10-0424be6a90d7","DNA Methylation","methylation_beta_value","Illumina Human Methylation 450",13129813,"2023-07-14T13:29:34.835856-05:00","6cd9678c967fb3b51f79f0a1a6e107dc","2023-07-18T10:26:08.215027-05:00","92a253a3-26cd-4e63-a901-0bcf7e405c44","Methylation Beta Value","released","Methylation Array","2","38.0 - 45.0","TCGA-BRCA","39483a16-ad0a-4339-ab7c-7ad52b04acbd","released","3807f9d7-f362-477d-ad7c-4b7146995a9d","quay.io/ncigdc","SeSAMe Methylation Beta Estimation","f8ef9dc6375573fc05fee47b70278d89f79a4cd7","Primary Tumor",NA,"TCGA-C8-A3M8","TCGA-C8-A3M8-01A"
"f38e9c69-cc95-4180-86f4-6e96f7d5b7ed","TXT","TCGA-AO-A1KO-01A-31D-A13K-05","open","b2f24833-a770-4d1a-9f1c-0031c3fbce73.methylation_array.sesame.level3betas.txt","2d0a14a6-9b58-4931-ad82-58042e8750d1","DNA Methylation","methylation_beta_value","Illumina Human Methylation 450",13188226,"2023-07-14T13:11:37.069406-05:00","13dc39624d4953062f5da157e866cbb9","2023-07-18T10:24:38.508998-05:00","f38e9c69-cc95-4180-86f4-6e96f7d5b7ed","Methylation Beta Value","released","Methylation Array","2","38.0 - 45.0","TCGA-BRCA","852367ad-2164-4224-96e2-9fc17327fdfa","released","b2f24833-a770-4d1a-9f1c-0031c3fbce73","quay.io/ncigdc","SeSAMe Methylation Beta Estimation","9e258094ac9d4febe3721ceba25c1b8dbd1a27f8","Primary Tumor",NA,"TCGA-AO-A1KO","TCGA-AO-A1KO-01A"
"48ad34dc-e02c-4dfd-aca4-93e3638bbba9","TXT","TCGA-E9-A1RF-01A-11D-A161-05","open","f92195e8-c7fe-498e-b5c4-09def2b3fb43.methylation_array.sesame.level3betas.txt","5f8d7898-5703-4c59-a4e2-47e888e6151b","DNA Methylation","methylation_beta_value","Illumina Human Methylation 450",12889034,"2023-07-14T13:29:09.555348-05:00","8edbf6d24c386da110388a43364937e9","2023-07-18T10:27:22.981993-05:00","48ad34dc-e02c-4dfd-aca4-93e3638bbba9","Methylation Beta Value","released","Methylation Array","2","38.0 - 45.0","TCGA-BRCA","92b8aa78-b690-4f3a-85b6-ffdc5a551840","released","f92195e8-c7fe-498e-b5c4-09def2b3fb43","quay.io/ncigdc","SeSAMe Methylation Beta Estimation","dc9467b78cf538a0430cd4027dc5092f77d47e20","Primary Tumor",NA,"TCGA-E9-A1RF","TCGA-E9-A1RF-01A"
"ba229200-b9d0-4d58-94e1-0d658d582580","TXT","TCGA-BH-A201-01A-11D-A14N-05","open","f3864bad-a4d9-4ce7-b960-541b426586de.methylation_array.sesame.level3betas.txt","b1bec6c2-925c-4fac-bec9-16bbe76a701e","DNA Methylation","methylation_beta_value","Illumina Human Methylation 450",13102087,"2023-07-14T13:45:06.903773-05:00","3cb4cea344bea13efce9748bc704f130","2023-07-18T10:25:23.053658-05:00","ba229200-b9d0-4d58-94e1-0d658d582580","Methylation Beta Value","released","Methylation Array","2","38.0 - 45.0","TCGA-BRCA","b42c9e4b-7dee-4391-9cc8-c8d1f5e0fe43","released","f3864bad-a4d9-4ce7-b960-541b426586de","quay.io/ncigdc","SeSAMe Methylation Beta Estimation","f8ef9dc6375573fc05fee47b70278d89f79a4cd7","Primary Tumor",NA,"TCGA-BH-A201","TCGA-BH-A201-01A"
"b670185e-fd9f-4308-9b83-7dd3cd830cdf","TXT","TCGA-AR-A5QP-01A-11D-A28C-05","open","b7899422-0e1c-471b-ac5d-cf2b349e22c5.methylation_array.sesame.level3betas.txt","2a72e8f1-c7cd-4836-8535-b30bc7451012","DNA Methylation","methylation_beta_value","Illumina Human Methylation 450",13163628,"2023-07-14T13:41:17.790713-05:00","b6124ba39edc76511fe0cfef65af8d8c","2023-07-18T10:25:27.812769-05:00","b670185e-fd9f-4308-9b83-7dd3cd830cdf","Methylation Beta Value","released","Methylation Array","2","38.0 - 45.0","TCGA-BRCA","461170aa-c59b-4fd5-a503-a85dbbef1519","released","b7899422-0e1c-471b-ac5d-cf2b349e22c5","quay.io/ncigdc","SeSAMe Methylation Beta Estimation","9e258094ac9d4febe3721ceba25c1b8dbd1a27f8","Primary Tumor",NA,"TCGA-AR-A5QP","TCGA-AR-A5QP-01A"
"5dea7207-7c7b-4997-97de-5526c2faebb9","TXT","TCGA-AR-A24V-01A-21D-A16A-05","open","67ac25fc-fb4e-4032-a2c7-bc167105feb5.methylation_array.sesame.level3betas.txt","0f37765d-d684-4cb2-a878-6153bdab10de","DNA Methylation","methylation_beta_value","Illumina Human Methylation 450",13184138,"2023-07-14T13:16:26.605673-05:00","9bad866bdf600d9c962729a1be73b488","2023-07-18T10:27:21.594753-05:00","5dea7207-7c7b-4997-97de-5526c2faebb9","Methylation Beta Value","released","Methylation Array","2","38.0 - 45.0","TCGA-BRCA","d5b00dd8-d37e-4591-a879-8ad0795a25fc","released","67ac25fc-fb4e-4032-a2c7-bc167105feb5","quay.io/ncigdc","SeSAMe Methylation Beta Estimation","dc9467b78cf538a0430cd4027dc5092f77d47e20","Primary Tumor",NA,"TCGA-AR-A24V","TCGA-AR-A24V-01A"
"3a9f2fdb-a77d-461a-88d1-de36ac354585","TXT","TCGA-E9-A1NE-11A-43D-A14N-05","open","40b42a7f-ae0b-4c30-8873-d12dd8287ad1.methylation_array.sesame.level3betas.txt","97cd15e4-22cb-4f77-80ca-9ad18c9170a1","DNA Methylation","methylation_beta_value","Illumina Human Methylation 450",13191220,"2023-07-14T13:39:30.468580-05:00","dbbb16e4e7c02428687e527f11939b77","2023-07-18T10:25:23.891306-05:00","3a9f2fdb-a77d-461a-88d1-de36ac354585","Methylation Beta Value","released","Methylation Array","2","38.0 - 45.0","TCGA-BRCA","2e4cf8d0-cf22-468f-811c-8e5f25f67e93","released","40b42a7f-ae0b-4c30-8873-d12dd8287ad1","quay.io/ncigdc","SeSAMe Methylation Beta Estimation","f8ef9dc6375573fc05fee47b70278d89f79a4cd7","Solid Tissue Normal",NA,"TCGA-E9-A1NE","TCGA-E9-A1NE-11A"
"91c330ac-9483-4864-9403-de39426c0eb5","TXT","TCGA-E9-A1NE-01A-21D-A14N-05","open","74b1a371-082c-424f-a19a-2cecbb8f5ae4.methylation_array.sesame.level3betas.txt","9010511c-3eea-4aca-8b37-8de37811655c","DNA Methylation","methylation_beta_value","Illumina Human Methylation 450",13176580,"2023-07-14T13:43:57.957587-05:00","9d425bf47f29bcce776f69e30aa0893e","2023-07-18T10:26:44.199726-05:00","91c330ac-9483-4864-9403-de39426c0eb5","Methylation Beta Value","released","Methylation Array","2","38.0 - 45.0","TCGA-BRCA","0c734630-f6f6-4f50-8199-398e3fea8b38","released","74b1a371-082c-424f-a19a-2cecbb8f5ae4","quay.io/ncigdc","SeSAMe Methylation Beta Estimation","dc9467b78cf538a0430cd4027dc5092f77d47e20","Primary Tumor",NA,"TCGA-E9-A1NE","TCGA-E9-A1NE-01A"
"cda9bf35-bf2b-459f-9ce2-d17d3fe34cc4","TXT","TCGA-E9-A1N8-01A-11D-A145-05","open","6bbaf5d8-9fcb-4d65-99c1-8853db1cabc4.methylation_array.sesame.level3betas.txt","119f8547-8816-4117-9bdf-d68191501949","DNA Methylation","methylation_beta_value","Illumina Human Methylation 450",13205866,"2023-07-14T13:12:48.159910-05:00","e21fb55776388aa0f667f401da7c0c3e","2023-07-18T10:26:44.334272-05:00","cda9bf35-bf2b-459f-9ce2-d17d3fe34cc4","Methylation Beta Value","released","Methylation Array","2","38.0 - 45.0","TCGA-BRCA","a8bb60ca-aaae-4695-8250-ab32796f6391","released","6bbaf5d8-9fcb-4d65-99c1-8853db1cabc4","quay.io/ncigdc","SeSAMe Methylation Beta Estimation","dc9467b78cf538a0430cd4027dc5092f77d47e20","Primary Tumor",NA,"TCGA-E9-A1N8","TCGA-E9-A1N8-01A"
"85d18544-d77f-49bd-96a7-2cea7708d4dd","TXT","TCGA-AC-A8OQ-01A-11D-A41Q-05","open","8c7e08f5-edbe-4ace-806b-41fa0975fc69.methylation_array.sesame.level3betas.txt","ff6ff949-8e82-4a57-9a11-b9fad622b9cf","DNA Methylation","methylation_beta_value","Illumina Human Methylation 450",13007380,"2023-07-14T13:43:59.760746-05:00","1331dc0e69169aa15813cd6548144166","2023-07-18T10:26:35.029386-05:00","85d18544-d77f-49bd-96a7-2cea7708d4dd","Methylation Beta Value","released","Methylation Array","2","38.0 - 45.0","TCGA-BRCA","5b1de367-e9ea-4771-a812-32f7f8714b7c","released","8c7e08f5-edbe-4ace-806b-41fa0975fc69","quay.io/ncigdc","SeSAMe Methylation Beta Estimation","dc9467b78cf538a0430cd4027dc5092f77d47e20","Primary Tumor",NA,"TCGA-AC-A8OQ","TCGA-AC-A8OQ-01A"
"1389102f-16ce-4d96-9c84-31cdbd097860","TXT","TCGA-A2-A0YF-01A-21D-A10A-05","open","e0a65378-fe4f-4c3e-8ed2-dc68649908d2.methylation_array.sesame.level3betas.txt","8a2cad43-b324-4292-a307-33d7d57c6d4a","DNA Methylation","methylation_beta_value","Illumina Human Methylation 450",12859706,"2023-07-14T13:10:18.705932-05:00","87d994fa50bbaebb2f32107990b7b826","2023-07-18T10:26:47.529349-05:00","1389102f-16ce-4d96-9c84-31cdbd097860","Methylation Beta Value","released","Methylation Array","2","38.0 - 45.0","TCGA-BRCA","34af437d-8da5-41e0-99fa-0ee4d4902fa7","released","e0a65378-fe4f-4c3e-8ed2-dc68649908d2","quay.io/ncigdc","SeSAMe Methylation Beta Estimation","dc9467b78cf538a0430cd4027dc5092f77d47e20","Primary Tumor",NA,"TCGA-A2-A0YF","TCGA-A2-A0YF-01A"
"5c0598b8-5b96-43fd-82c8-deecdb66bbfa","TXT","TCGA-BH-A0H6-01A-21D-A10P-05","open","a0c69078-7bf4-461c-8d6b-8eadf7dd719e.methylation_array.sesame.level3betas.txt","5ab61ace-287e-4d4d-90c0-379cc3683e72","DNA Methylation","methylation_beta_value","Illumina Human Methylation 450",12912715,"2023-07-14T13:39:18.342394-05:00","fb5a5454acba761e02fc05bbde8f74c8","2023-07-18T10:26:47.954183-05:00","5c0598b8-5b96-43fd-82c8-deecdb66bbfa","Methylation Beta Value","released","Methylation Array","2","38.0 - 45.0","TCGA-BRCA","1ddd8232-84f1-4ec4-93e3-8114cdfcf394","released","a0c69078-7bf4-461c-8d6b-8eadf7dd719e","quay.io/ncigdc","SeSAMe Methylation Beta Estimation","f8ef9dc6375573fc05fee47b70278d89f79a4cd7","Primary Tumor",NA,"TCGA-BH-A0H6","TCGA-BH-A0H6-01A"
"ce8dbc67-9d63-4d77-a885-baca3f85025f","TXT","TCGA-A2-A1FX-01A-11D-A13K-05","open","a210981a-f5eb-425a-ac19-c82b31f4d2f3.methylation_array.sesame.level3betas.txt","347ef5b4-bf9a-4224-8ea1-9fde5e45084b","DNA Methylation","methylation_beta_value","Illumina Human Methylation 450",13126628,"2023-07-14T13:30:26.037184-05:00","e1219d22415431142502aa32ff70c407","2023-07-18T10:26:28.783433-05:00","ce8dbc67-9d63-4d77-a885-baca3f85025f","Methylation Beta Value","released","Methylation Array","2","38.0 - 45.0","TCGA-BRCA","1b0bb7c9-c1b5-4551-8dcf-dac7cce2e993","released","a210981a-f5eb-425a-ac19-c82b31f4d2f3","quay.io/ncigdc","SeSAMe Methylation Beta Estimation","dc9467b78cf538a0430cd4027dc5092f77d47e20","Primary Tumor",NA,"TCGA-A2-A1FX","TCGA-A2-A1FX-01A"
"1521bcef-2edf-4ef6-88b4-fa8a75c831d0","TXT","TCGA-OL-A66L-01A-12D-A31V-05","open","3578adcc-0ac6-4227-85bd-641d1411ee37.methylation_array.sesame.level3betas.txt","68e0662c-7e8e-4445-a2b9-d8616b0ad954","DNA Methylation","methylation_beta_value","Illumina Human Methylation 450",12902416,"2023-07-14T13:21:22.297260-05:00","ce523703adb886acff87b14cdc7d2759","2023-07-18T10:27:04.200307-05:00","1521bcef-2edf-4ef6-88b4-fa8a75c831d0","Methylation Beta Value","released","Methylation Array","2","38.0 - 45.0","TCGA-BRCA","00d1258f-5469-4217-9195-756e5cb08787","released","3578adcc-0ac6-4227-85bd-641d1411ee37","quay.io/ncigdc","SeSAMe Methylation Beta Estimation","f8ef9dc6375573fc05fee47b70278d89f79a4cd7","Primary Tumor",NA,"TCGA-OL-A66L","TCGA-OL-A66L-01A"
"8a2d0dff-5ab1-49d0-9142-fae0ec5a367a","TXT","TCGA-D8-A1JU-01A-11D-A13K-05","open","610d3022-355b-4a41-b569-f3a9a8ec6dfc.methylation_array.sesame.level3betas.txt","30d01a8d-94f9-4881-9654-235c95f0a533","DNA Methylation","methylation_beta_value","Illumina Human Methylation 450",13142081,"2023-07-14T13:38:07.772445-05:00","6dd79d256869947bea04faf1ead735a4","2023-07-18T10:25:59.118221-05:00","8a2d0dff-5ab1-49d0-9142-fae0ec5a367a","Methylation Beta Value","released","Methylation Array","2","38.0 - 45.0","TCGA-BRCA","cbac4036-116d-4f5e-af16-381d99ef061a","released","610d3022-355b-4a41-b569-f3a9a8ec6dfc","quay.io/ncigdc","SeSAMe Methylation Beta Estimation","9e258094ac9d4febe3721ceba25c1b8dbd1a27f8","Primary Tumor",NA,"TCGA-D8-A1JU","TCGA-D8-A1JU-01A"
"c903f874-f56c-4dce-8036-472d88acaec9","TXT","TCGA-A8-A0AD-01A-11D-A10P-05","open","f6a77a8d-c796-4ca4-88a1-346ca9e8eb82.methylation_array.sesame.level3betas.txt","93ee113a-99c6-44ad-b33f-faf03633345b","DNA Methylation","methylation_beta_value","Illumina Human Methylation 450",12929390,"2023-07-14T13:19:53.742871-05:00","82ec4a24dfdc4de71a94ccf1fa6f5ba2","2023-07-18T10:25:39.060176-05:00","c903f874-f56c-4dce-8036-472d88acaec9","Methylation Beta Value","released","Methylation Array","2","38.0 - 45.0","TCGA-BRCA","ed5204b6-e72b-4636-a519-406d7839bcb0","released","f6a77a8d-c796-4ca4-88a1-346ca9e8eb82","quay.io/ncigdc","SeSAMe Methylation Beta Estimation","f8ef9dc6375573fc05fee47b70278d89f79a4cd7","Primary Tumor",NA,"TCGA-A8-A0AD","TCGA-A8-A0AD-01A"
"22569ba1-4785-4d8a-9b9b-590767afa30e","TXT","TCGA-A2-A0T4-01A-31D-A10P-05","open","bef13cb6-ca6f-48fd-a678-d4e7f0336b2f.methylation_array.sesame.level3betas.txt","47464b8a-1259-41bd-ad05-cac52828f0ac","DNA Methylation","methylation_beta_value","Illumina Human Methylation 450",12725162,"2023-07-14T13:43:21.701425-05:00","32857f7994e78397c5ced6eef43f3a28","2023-07-18T10:26:15.083029-05:00","22569ba1-4785-4d8a-9b9b-590767afa30e","Methylation Beta Value","released","Methylation Array","2","38.0 - 45.0","TCGA-BRCA","06021e24-54bf-4623-9312-e43f96b098dc","released","bef13cb6-ca6f-48fd-a678-d4e7f0336b2f","quay.io/ncigdc","SeSAMe Methylation Beta Estimation","f8ef9dc6375573fc05fee47b70278d89f79a4cd7","Primary Tumor",NA,"TCGA-A2-A0T4","TCGA-A2-A0T4-01A"
"8bc28a3e-1497-40f4-a231-486b76e4a280","TXT","TCGA-E2-A105-01A-11D-A10N-05","open","0a7dcfe8-7f09-48a7-abb1-9803ec0750fd.methylation_array.sesame.level3betas.txt","3045c791-23ab-4c48-988a-f348541b641a","DNA Methylation","methylation_beta_value","Illumina Human Methylation 450",12882676,"2023-07-14T13:33:32.332932-05:00","7294a89f5fdd7c816e930a73a4ceb0e4","2023-07-18T10:26:52.437696-05:00","8bc28a3e-1497-40f4-a231-486b76e4a280","Methylation Beta Value","released","Methylation Array","2","38.0 - 45.0","TCGA-BRCA","d621920e-f20c-4a23-ab73-8b61095cfd10","released","0a7dcfe8-7f09-48a7-abb1-9803ec0750fd","quay.io/ncigdc","SeSAMe Methylation Beta Estimation","f8ef9dc6375573fc05fee47b70278d89f79a4cd7","Primary Tumor",NA,"TCGA-E2-A105","TCGA-E2-A105-01A"
"6f1fc76e-d1e6-4393-843a-d4d2533bb428","TXT","TCGA-E9-A5FK-01A-11D-A27Y-05","open","9c18441a-9298-4ab0-9294-729d0c19df48.methylation_array.sesame.level3betas.txt","c8038af6-b498-48ce-8983-947dfbfb6d3b","DNA Methylation","methylation_beta_value","Illumina Human Methylation 450",13181171,"2023-07-14T13:33:17.952193-05:00","e9720dc0a2ee4eb0d72afd3dde6ce325","2023-07-18T10:25:23.607609-05:00","6f1fc76e-d1e6-4393-843a-d4d2533bb428","Methylation Beta Value","released","Methylation Array","2","38.0 - 45.0","TCGA-BRCA","d40a486b-040a-486f-9524-e5070aa20788","released","9c18441a-9298-4ab0-9294-729d0c19df48","quay.io/ncigdc","SeSAMe Methylation Beta Estimation","f8ef9dc6375573fc05fee47b70278d89f79a4cd7","Primary Tumor",NA,"TCGA-E9-A5FK","TCGA-E9-A5FK-01A"
"c064182e-e55e-4e6b-aed5-be345e6ac6be","TXT","TCGA-A2-A0YL-01A-21D-A10A-05","open","21dec346-790d-4de7-a706-45a0149b9c31.methylation_array.sesame.level3betas.txt","b152de48-1652-4948-9fd1-46f9b2c39139","DNA Methylation","methylation_beta_value","Illumina Human Methylation 450",13012057,"2023-07-14T13:12:37.759168-05:00","c53a49607fa80c6c3e865a3bba9ba3b1","2023-07-18T10:26:35.298764-05:00","c064182e-e55e-4e6b-aed5-be345e6ac6be","Methylation Beta Value","released","Methylation Array","2","38.0 - 45.0","TCGA-BRCA","9cd5cdeb-87a0-4d93-89a3-da623d350b3c","released","21dec346-790d-4de7-a706-45a0149b9c31","quay.io/ncigdc","SeSAMe Methylation Beta Estimation","f8ef9dc6375573fc05fee47b70278d89f79a4cd7","Primary Tumor",NA,"TCGA-A2-A0YL","TCGA-A2-A0YL-01A"
"06754a58-6c41-4261-a125-aa3bd30889b9","TXT","TCGA-C8-A1HE-01A-11D-A13K-05","open","766a56e2-dbac-4d2b-ac46-eb61b4b16457.methylation_array.sesame.level3betas.txt","d29143ce-a773-4568-9e45-3abba49cae98","DNA Methylation","methylation_beta_value","Illumina Human Methylation 450",13104252,"2023-07-14T13:31:52.221491-05:00","f67fbc7b96031a3db476c489daa1e82d","2023-07-18T10:26:53.863687-05:00","06754a58-6c41-4261-a125-aa3bd30889b9","Methylation Beta Value","released","Methylation Array","2","38.0 - 45.0","TCGA-BRCA","30944235-3baa-4f54-a2cf-20d596d80b20","released","766a56e2-dbac-4d2b-ac46-eb61b4b16457","quay.io/ncigdc","SeSAMe Methylation Beta Estimation","dc9467b78cf538a0430cd4027dc5092f77d47e20","Primary Tumor",NA,"TCGA-C8-A1HE","TCGA-C8-A1HE-01A"
"c675f4fa-337d-4107-bf3b-9d5080c78a7b","TXT","TCGA-AC-A2FM-01A-11D-A19Z-05","open","d36a567f-2140-47b4-8b78-7e870d24fa1f.methylation_array.sesame.level3betas.txt","b401906d-bc3a-4ddf-a04a-3128797c77cd","DNA Methylation","methylation_beta_value","Illumina Human Methylation 450",13133524,"2023-07-14T13:33:43.948352-05:00","8391ac4fd1fb0b0c40f0189244212a11","2023-07-18T10:26:47.813933-05:00","c675f4fa-337d-4107-bf3b-9d5080c78a7b","Methylation Beta Value","released","Methylation Array","2","38.0 - 45.0","TCGA-BRCA","fcb58c2b-a26f-4fb2-bd35-815b6aa19df2","released","d36a567f-2140-47b4-8b78-7e870d24fa1f","quay.io/ncigdc","SeSAMe Methylation Beta Estimation","f8ef9dc6375573fc05fee47b70278d89f79a4cd7","Primary Tumor",NA,"TCGA-AC-A2FM","TCGA-AC-A2FM-01A"
"dd227a6d-d47f-42d6-95d0-b3debf592ffd","TXT","TCGA-B6-A1KF-01A-11D-A13K-05","open","60fffc69-4afa-4a15-83da-efc7b5058002.methylation_array.sesame.level3betas.txt","fe056a28-e621-45c6-9b5c-ea65cba448cd","DNA Methylation","methylation_beta_value","Illumina Human Methylation 450",13154129,"2023-07-14T13:17:56.319811-05:00","97f9f0a22fb94c54c7fd1dd781f7640f","2023-07-18T10:25:51.402387-05:00","dd227a6d-d47f-42d6-95d0-b3debf592ffd","Methylation Beta Value","released","Methylation Array","2","38.0 - 45.0","TCGA-BRCA","838b8f2f-3a0c-4ec2-abf3-a76bfa56414f","released","60fffc69-4afa-4a15-83da-efc7b5058002","quay.io/ncigdc","SeSAMe Methylation Beta Estimation","f8ef9dc6375573fc05fee47b70278d89f79a4cd7","Primary Tumor",NA,"TCGA-B6-A1KF","TCGA-B6-A1KF-01A"
"7e1dcc0f-c056-4eb2-abe2-139ec67c5041","TXT","TCGA-AO-A0JF-01A-11D-A10P-05","open","88f5be3e-94f6-428d-a5cc-33efa91b59ae.methylation_array.sesame.level3betas.txt","b36f0088-d532-4978-b1de-990415e09b6a","DNA Methylation","methylation_beta_value","Illumina Human Methylation 450",12815473,"2023-07-14T13:36:56.133509-05:00","6326d6022fe74e44e8f554de056ed578","2023-07-18T10:26:50.516650-05:00","7e1dcc0f-c056-4eb2-abe2-139ec67c5041","Methylation Beta Value","released","Methylation Array","2","38.0 - 45.0","TCGA-BRCA","a020c6fe-958c-4362-8d60-7b32b7962f5f","released","88f5be3e-94f6-428d-a5cc-33efa91b59ae","quay.io/ncigdc","SeSAMe Methylation Beta Estimation","dc9467b78cf538a0430cd4027dc5092f77d47e20","Primary Tumor",NA,"TCGA-AO-A0JF","TCGA-AO-A0JF-01A"
"23396d71-0187-44fb-8387-35fcfd1c6ef1","TXT","TCGA-EW-A2FV-01A-11D-A17F-05","open","98d08f4d-2279-4446-a051-1ca691dd727d.methylation_array.sesame.level3betas.txt","dbcb235f-1a03-469e-bf26-89ea67397517","DNA Methylation","methylation_beta_value","Illumina Human Methylation 450",13190841,"2023-07-14T13:11:55.490869-05:00","b068680bb7e42c0d46fcefd081e48f6c","2023-07-18T10:27:06.409135-05:00","23396d71-0187-44fb-8387-35fcfd1c6ef1","Methylation Beta Value","released","Methylation Array","2","38.0 - 45.0","TCGA-BRCA","3aae2853-18d4-4382-a863-64e215538e09","released","98d08f4d-2279-4446-a051-1ca691dd727d","quay.io/ncigdc","SeSAMe Methylation Beta Estimation","dc9467b78cf538a0430cd4027dc5092f77d47e20","Primary Tumor",NA,"TCGA-EW-A2FV","TCGA-EW-A2FV-01A"
"3aba367d-5d0a-4249-aaa6-e03c1e565d7e","TXT","TCGA-D8-A1JL-01A-11D-A13K-05","open","21996d28-33f8-460c-ab86-17cff75cbbb1.methylation_array.sesame.level3betas.txt","2be88671-eb2d-4d8e-9fe5-b4181a54cb54","DNA Methylation","methylation_beta_value","Illumina Human Methylation 450",13189050,"2023-07-14T13:10:10.901922-05:00","afcbe1ccf4e2d82ce27248e5d3ed6f08","2023-07-18T10:26:01.297564-05:00","3aba367d-5d0a-4249-aaa6-e03c1e565d7e","Methylation Beta Value","released","Methylation Array","2","38.0 - 45.0","TCGA-BRCA","d5b2b057-e95d-4446-9922-71a49f6db2b6","released","21996d28-33f8-460c-ab86-17cff75cbbb1","quay.io/ncigdc","SeSAMe Methylation Beta Estimation","f8ef9dc6375573fc05fee47b70278d89f79a4cd7","Primary Tumor",NA,"TCGA-D8-A1JL","TCGA-D8-A1JL-01A"
"332b9f82-9867-485c-96c7-c5231cbbfce7","TXT","TCGA-EW-A1OW-01A-21D-A145-05","open","13b6e1b3-845d-4f15-a302-59c3efedefee.methylation_array.sesame.level3betas.txt","53e2b562-1ff6-4b89-859b-9e942cdb5b77","DNA Methylation","methylation_beta_value","Illumina Human Methylation 450",13179982,"2023-07-14T13:14:04.527424-05:00","882cd3dcbbd1a5ce003b5c8bce505198","2023-07-18T10:27:24.650947-05:00","332b9f82-9867-485c-96c7-c5231cbbfce7","Methylation Beta Value","released","Methylation Array","2","38.0 - 45.0","TCGA-BRCA","5ea61bb6-876f-44de-8960-34b34fd7fb77","released","13b6e1b3-845d-4f15-a302-59c3efedefee","quay.io/ncigdc","SeSAMe Methylation Beta Estimation","f8ef9dc6375573fc05fee47b70278d89f79a4cd7","Primary Tumor",NA,"TCGA-EW-A1OW","TCGA-EW-A1OW-01A"
"6f0ae1d3-7c1e-47f9-8632-f02e8586806b","TXT","TCGA-BH-A1FJ-01A-11D-A13K-05","open","f204f06f-e638-42db-a757-d0533cfb5187.methylation_array.sesame.level3betas.txt","addeb6ec-021b-4d74-a5a6-881580ae5f54","DNA Methylation","methylation_beta_value","Illumina Human Methylation 450",13200738,"2023-07-14T13:39:57.717549-05:00","409dc5152eb0848edd26e272380f9418","2023-07-18T10:26:54.555532-05:00","6f0ae1d3-7c1e-47f9-8632-f02e8586806b","Methylation Beta Value","released","Methylation Array","2","38.0 - 45.0","TCGA-BRCA","65cf2e32-b5d1-405d-b390-821e2ab5e33a","released","f204f06f-e638-42db-a757-d0533cfb5187","quay.io/ncigdc","SeSAMe Methylation Beta Estimation","f8ef9dc6375573fc05fee47b70278d89f79a4cd7","Primary Tumor",NA,"TCGA-BH-A1FJ","TCGA-BH-A1FJ-01A"
"ae79f251-861c-4dbf-bf0a-af008b99f64a","TXT","TCGA-LL-A73Y-01A-11D-A33F-05","open","15d3ddb5-56be-4286-94aa-c769460636a4.methylation_array.sesame.level3betas.txt","2965a418-03c2-412c-8f3f-722f82e1af05","DNA Methylation","methylation_beta_value","Illumina Human Methylation 450",13112204,"2023-07-14T13:08:18.866637-05:00","34817aecc46ffda3dbfb0a1615ac478c","2023-07-18T10:26:29.205825-05:00","ae79f251-861c-4dbf-bf0a-af008b99f64a","Methylation Beta Value","released","Methylation Array","2","38.0 - 45.0","TCGA-BRCA","520e33cd-c771-4aeb-a897-fafd700eaa6c","released","15d3ddb5-56be-4286-94aa-c769460636a4","quay.io/ncigdc","SeSAMe Methylation Beta Estimation","dc9467b78cf538a0430cd4027dc5092f77d47e20","Primary Tumor",NA,"TCGA-LL-A73Y","TCGA-LL-A73Y-01A"
"49f9c898-9139-4b31-a5f7-16849bdb4a08","TXT","TCGA-AO-A12B-01A-11D-A10N-05","open","477ee009-6e3c-4e7f-bbd6-676c49e3b3c7.methylation_array.sesame.level3betas.txt","ff5e3f6f-d5a5-4d8e-857c-72e980e221f8","DNA Methylation","methylation_beta_value","Illumina Human Methylation 450",12987616,"2023-07-14T13:29:32.910432-05:00","3b1aee65197eaea00b6433eaff9ad01b","2023-07-18T10:25:55.252974-05:00","49f9c898-9139-4b31-a5f7-16849bdb4a08","Methylation Beta Value","released","Methylation Array","2","38.0 - 45.0","TCGA-BRCA","fddc159f-f931-43ac-ba19-ec49ef5a27d1","released","477ee009-6e3c-4e7f-bbd6-676c49e3b3c7","quay.io/ncigdc","SeSAMe Methylation Beta Estimation","f8ef9dc6375573fc05fee47b70278d89f79a4cd7","Primary Tumor",NA,"TCGA-AO-A12B","TCGA-AO-A12B-01A"
"88366ed1-584f-40dc-a582-76c482617d22","TXT","TCGA-AR-A1AX-01A-11D-A12R-05","open","bf730474-1b30-4d63-9677-f663417974e0.methylation_array.sesame.level3betas.txt","149c2531-29a8-4ac5-a84f-0bef8b23d9e7","DNA Methylation","methylation_beta_value","Illumina Human Methylation 450",13053381,"2023-07-14T13:41:59.463811-05:00","dc9850acd1a4b07ac01162b7d9f5bd90","2023-07-18T10:25:38.503178-05:00","88366ed1-584f-40dc-a582-76c482617d22","Methylation Beta Value","released","Methylation Array","2","38.0 - 45.0","TCGA-BRCA","be0498c8-6fb4-43ec-8e81-ab7222cd5c4e","released","bf730474-1b30-4d63-9677-f663417974e0","quay.io/ncigdc","SeSAMe Methylation Beta Estimation","f8ef9dc6375573fc05fee47b70278d89f79a4cd7","Primary Tumor",NA,"TCGA-AR-A1AX","TCGA-AR-A1AX-01A"
"8eac10df-21f4-442a-a484-e152187e4e75","TXT","TCGA-OL-A66N-01A-12D-A31V-05","open","eb0ed99c-82d6-4908-8510-f012163841c4.methylation_array.sesame.level3betas.txt","cf4f4273-12eb-4924-8dd1-71c51e6b387d","DNA Methylation","methylation_beta_value","Illumina Human Methylation 450",12861398,"2023-07-14T13:42:22.310312-05:00","482ea98924acbef9903eed2e5cde9a7f","2023-07-18T10:24:47.131558-05:00","8eac10df-21f4-442a-a484-e152187e4e75","Methylation Beta Value","released","Methylation Array","2","38.0 - 45.0","TCGA-BRCA","1af4b880-a12a-485c-ab62-40da05b4a4c6","released","eb0ed99c-82d6-4908-8510-f012163841c4","quay.io/ncigdc","SeSAMe Methylation Beta Estimation","dc9467b78cf538a0430cd4027dc5092f77d47e20","Primary Tumor",NA,"TCGA-OL-A66N","TCGA-OL-A66N-01A"
"0c7d0193-6c69-483d-9e86-d76b2ccca038","TXT","TCGA-AR-A1AM-01A-41D-A22B-05","open","20cc032b-538e-44e7-b689-92d84f51aaea.methylation_array.sesame.level3betas.txt","a64bde78-397b-4ee1-83c7-aeed8eaf069a","DNA Methylation","methylation_beta_value","Illumina Human Methylation 450",13196304,"2023-07-14T13:10:27.117425-05:00","568fd9cdd3d43afb27240aeaee2c2579","2023-07-18T10:24:48.395293-05:00","0c7d0193-6c69-483d-9e86-d76b2ccca038","Methylation Beta Value","released","Methylation Array","2","38.0 - 45.0","TCGA-BRCA","1959414a-01e2-4f8f-a220-83f0210fd7d5","released","20cc032b-538e-44e7-b689-92d84f51aaea","quay.io/ncigdc","SeSAMe Methylation Beta Estimation","9e258094ac9d4febe3721ceba25c1b8dbd1a27f8","Primary Tumor",NA,"TCGA-AR-A1AM","TCGA-AR-A1AM-01A"
"b3ed89cd-df3f-4d33-a120-d667397aee8a","TXT","TCGA-LL-A5YM-01A-11D-A28C-05","open","ab382f9d-40d5-4131-8c96-957291196f59.methylation_array.sesame.level3betas.txt","c561172d-adb7-456d-976c-132622b9e9a1","DNA Methylation","methylation_beta_value","Illumina Human Methylation 450",13100572,"2023-07-14T13:35:31.839213-05:00","e4b6eae10692aeb1d0eb275a780a8f5e","2023-07-18T10:26:02.852598-05:00","b3ed89cd-df3f-4d33-a120-d667397aee8a","Methylation Beta Value","released","Methylation Array","2","38.0 - 45.0","TCGA-BRCA","b4d3ff4b-8c87-4deb-b4a8-492c9f1d1ec5","released","ab382f9d-40d5-4131-8c96-957291196f59","quay.io/ncigdc","SeSAMe Methylation Beta Estimation","9e258094ac9d4febe3721ceba25c1b8dbd1a27f8","Primary Tumor",NA,"TCGA-LL-A5YM","TCGA-LL-A5YM-01A"
"180cc127-34fd-41ce-96cc-af0de024493c","TXT","TCGA-E2-A1IH-01A-11D-A13K-05","open","47423c3a-72df-4e56-a1e6-53ab434631bf.methylation_array.sesame.level3betas.txt","c3c83044-dc2e-4219-a386-4bc25b42e70d","DNA Methylation","methylation_beta_value","Illumina Human Methylation 450",13134065,"2023-07-14T13:09:37.113813-05:00","80e38b3c19df2eab36b5e5554d2349e9","2023-07-18T10:27:07.416159-05:00","180cc127-34fd-41ce-96cc-af0de024493c","Methylation Beta Value","released","Methylation Array","2","38.0 - 45.0","TCGA-BRCA","06a82fad-c73f-4d53-b673-8939f2068b5c","released","47423c3a-72df-4e56-a1e6-53ab434631bf","quay.io/ncigdc","SeSAMe Methylation Beta Estimation","f8ef9dc6375573fc05fee47b70278d89f79a4cd7","Primary Tumor",NA,"TCGA-E2-A1IH","TCGA-E2-A1IH-01A"
"a8d1352e-23c0-41c6-a670-02f9f29686d4","TXT","TCGA-BH-A0HX-01A-21D-A10P-05","open","af5d0b7f-fecf-470d-80d4-81e38451afae.methylation_array.sesame.level3betas.txt","b3cba0c7-28cf-4834-af3e-4d93c103b669","DNA Methylation","methylation_beta_value","Illumina Human Methylation 450",12933750,"2023-07-14T13:14:19.475839-05:00","d50fe915d50a69664f6f9b9ecbcb7da5","2023-07-18T10:26:46.820308-05:00","a8d1352e-23c0-41c6-a670-02f9f29686d4","Methylation Beta Value","released","Methylation Array","2","38.0 - 45.0","TCGA-BRCA","76837d68-95f3-4f6b-933c-8227d9d2cb25","released","af5d0b7f-fecf-470d-80d4-81e38451afae","quay.io/ncigdc","SeSAMe Methylation Beta Estimation","dc9467b78cf538a0430cd4027dc5092f77d47e20","Primary Tumor",NA,"TCGA-BH-A0HX","TCGA-BH-A0HX-01A"
"816c11e9-9caf-4ed6-bceb-24d416686d2c","TXT","TCGA-EW-A1J1-01A-11D-A13K-05","open","edade886-34d2-42d3-92e7-fdc52087363f.methylation_array.sesame.level3betas.txt","ef4c9a8d-b431-48d0-91fa-686e10234c63","DNA Methylation","methylation_beta_value","Illumina Human Methylation 450",13184365,"2023-07-14T13:31:48.852439-05:00","7358338c0c98efeed8c6c73847a830dd","2023-07-18T10:27:12.698038-05:00","816c11e9-9caf-4ed6-bceb-24d416686d2c","Methylation Beta Value","released","Methylation Array","2","38.0 - 45.0","TCGA-BRCA","274630fd-64a6-407e-9e46-4b1e406104e9","released","edade886-34d2-42d3-92e7-fdc52087363f","quay.io/ncigdc","SeSAMe Methylation Beta Estimation","dc9467b78cf538a0430cd4027dc5092f77d47e20","Primary Tumor",NA,"TCGA-EW-A1J1","TCGA-EW-A1J1-01A"
"04116068-10d3-474b-ba42-b32323a877b3","TXT","TCGA-AR-A1AR-01A-31D-A138-05","open","0b157e8b-416d-4712-8f00-852ae537105d.methylation_array.sesame.level3betas.txt","4d908469-d166-4a2c-966c-030528d26352","DNA Methylation","methylation_beta_value","Illumina Human Methylation 450",13071545,"2023-07-14T13:43:48.601978-05:00","795ad20e889c2259103dcf3b0429832f","2023-07-18T10:25:23.340328-05:00","04116068-10d3-474b-ba42-b32323a877b3","Methylation Beta Value","released","Methylation Array","2","38.0 - 45.0","TCGA-BRCA","bb4a95b8-01f6-41d8-969e-bf84c733b33f","released","0b157e8b-416d-4712-8f00-852ae537105d","quay.io/ncigdc","SeSAMe Methylation Beta Estimation","f8ef9dc6375573fc05fee47b70278d89f79a4cd7","Primary Tumor",NA,"TCGA-AR-A1AR","TCGA-AR-A1AR-01A"
"64a81a25-afde-4e66-830a-ff122671aac9","TXT","TCGA-E2-A576-01A-11D-A31V-05","open","f86959a5-b35f-41b3-97a6-36d36f287557.methylation_array.sesame.level3betas.txt","2848aff1-aee6-4904-97b8-afeef44100a0","DNA Methylation","methylation_beta_value","Illumina Human Methylation 450",12884225,"2023-07-14T13:27:36.463162-05:00","0bddfefb9110fce94d48ba66f871e886","2023-07-18T10:26:33.074460-05:00","64a81a25-afde-4e66-830a-ff122671aac9","Methylation Beta Value","released","Methylation Array","2","38.0 - 45.0","TCGA-BRCA","71a69f9e-48d7-45ad-91b9-2c3632155b3e","released","f86959a5-b35f-41b3-97a6-36d36f287557","quay.io/ncigdc","SeSAMe Methylation Beta Estimation","dc9467b78cf538a0430cd4027dc5092f77d47e20","Primary Tumor",NA,"TCGA-E2-A576","TCGA-E2-A576-01A"
"920108d5-b93c-4a2a-a622-a4f7f60eea9e","TXT","TCGA-A7-A56D-01A-11D-A27Y-05","open","8ec7b01b-a5be-4d97-b45e-6b099b64d5f0.methylation_array.sesame.level3betas.txt","61d3e500-9d5b-4e61-ae6d-0271a316d589","DNA Methylation","methylation_beta_value","Illumina Human Methylation 450",13193147,"2023-07-14T13:37:35.954014-05:00","895080d6cb8b6e63929b39e61be3f3e8","2023-07-18T10:27:31.032258-05:00","920108d5-b93c-4a2a-a622-a4f7f60eea9e","Methylation Beta Value","released","Methylation Array","2","38.0 - 45.0","TCGA-BRCA","642cf193-5469-4197-b31d-ea1376a28a9f","released","8ec7b01b-a5be-4d97-b45e-6b099b64d5f0","quay.io/ncigdc","SeSAMe Methylation Beta Estimation","f8ef9dc6375573fc05fee47b70278d89f79a4cd7","Primary Tumor",NA,"TCGA-A7-A56D","TCGA-A7-A56D-01A"
"8ec50060-0146-456f-aa7f-0768b9ef2721","TXT","TCGA-BH-A0DK-01A-21D-A10P-05","open","09d622a3-07df-4954-aa73-8deb798cf29b.methylation_array.sesame.level3betas.txt","02d182fd-9496-4f4e-9272-78727031295b","DNA Methylation","methylation_beta_value","Illumina Human Methylation 450",12994589,"2023-07-14T13:32:16.041915-05:00","e31b32e28cb865c677963eef5920046d","2023-07-18T10:26:19.023723-05:00","8ec50060-0146-456f-aa7f-0768b9ef2721","Methylation Beta Value","released","Methylation Array","2","38.0 - 45.0","TCGA-BRCA","b5af9488-2834-4548-abab-cb2b66eef842","released","09d622a3-07df-4954-aa73-8deb798cf29b","quay.io/ncigdc","SeSAMe Methylation Beta Estimation","dc9467b78cf538a0430cd4027dc5092f77d47e20","Primary Tumor",NA,"TCGA-BH-A0DK","TCGA-BH-A0DK-01A"
"18531d89-48af-464c-a5ca-90303cb2914c","TXT","TCGA-AC-A3OD-01B-06D-A22R-05","open","b63c789d-aba3-4e88-b30b-f008635adc79.methylation_array.sesame.level3betas.txt","06383a86-686e-4915-91f0-68b74e280874","DNA Methylation","methylation_beta_value","Illumina Human Methylation 450",13126702,"2023-07-14T13:23:08.534498-05:00","ed437598d4de456d9508bb7cbe08c9f4","2023-07-18T10:25:38.071170-05:00","18531d89-48af-464c-a5ca-90303cb2914c","Methylation Beta Value","released","Methylation Array","2","38.0 - 45.0","TCGA-BRCA","24d83243-bcbc-45f6-b9f1-78d0388fd8b7","released","b63c789d-aba3-4e88-b30b-f008635adc79","quay.io/ncigdc","SeSAMe Methylation Beta Estimation","f8ef9dc6375573fc05fee47b70278d89f79a4cd7","Primary Tumor",NA,"TCGA-AC-A3OD","TCGA-AC-A3OD-01B"
"5afe4135-f27a-464d-8c0f-b34ac01c5015","TXT","TCGA-AC-A23G-01A-11D-A212-05","open","f7f493a0-e3cb-45cd-8f4f-015033f9ca02.methylation_array.sesame.level3betas.txt","98b91841-e207-44dc-bb1e-a6faaea255ce","DNA Methylation","methylation_beta_value","Illumina Human Methylation 450",13058871,"2023-07-14T13:39:37.565176-05:00","a4e309e0934f9c908f8b4030670e2580","2023-07-18T10:27:15.028796-05:00","5afe4135-f27a-464d-8c0f-b34ac01c5015","Methylation Beta Value","released","Methylation Array","2","38.0 - 45.0","TCGA-BRCA","e38fa183-f570-4a39-bd4b-eaf698b65c54","released","f7f493a0-e3cb-45cd-8f4f-015033f9ca02","quay.io/ncigdc","SeSAMe Methylation Beta Estimation","dc9467b78cf538a0430cd4027dc5092f77d47e20","Primary Tumor",NA,"TCGA-AC-A23G","TCGA-AC-A23G-01A"
"dbea16c1-a626-45e4-a2b2-bc4039a597e2","TXT","TCGA-AR-A0TR-01A-11D-A10P-05","open","0c0daf8e-7ba6-453b-9f5b-f28993ddb1a5.methylation_array.sesame.level3betas.txt","383e5b7f-7ffa-4d7d-b3f5-15633fa19976","DNA Methylation","methylation_beta_value","Illumina Human Methylation 450",12823223,"2023-07-14T13:24:42.639028-05:00","7c59f38d4b95489b6c23944a7875fff0","2023-07-18T10:26:18.320175-05:00","dbea16c1-a626-45e4-a2b2-bc4039a597e2","Methylation Beta Value","released","Methylation Array","2","38.0 - 45.0","TCGA-BRCA","9dc43a0e-93d8-4c11-8b2c-767924cf6684","released","0c0daf8e-7ba6-453b-9f5b-f28993ddb1a5","quay.io/ncigdc","SeSAMe Methylation Beta Estimation","9e258094ac9d4febe3721ceba25c1b8dbd1a27f8","Primary Tumor",NA,"TCGA-AR-A0TR","TCGA-AR-A0TR-01A"
"897dc9e9-59c9-489f-bd02-ad0415eb8bbe","TXT","TCGA-A2-A4RX-01A-11D-A268-05","open","c6523d8c-7e0e-46fb-91e8-400ad31bccc0.methylation_array.sesame.level3betas.txt","97fda9d6-376b-4db9-90c1-5ba0cd21c1ff","DNA Methylation","methylation_beta_value","Illumina Human Methylation 450",13102447,"2023-07-14T13:08:52.194010-05:00","f8fd9b92274d9ee74def6fdab5112bf5","2023-07-18T10:26:34.889556-05:00","897dc9e9-59c9-489f-bd02-ad0415eb8bbe","Methylation Beta Value","released","Methylation Array","2","38.0 - 45.0","TCGA-BRCA","180155c2-2325-4c1e-9a56-cd37f050d324","released","c6523d8c-7e0e-46fb-91e8-400ad31bccc0","quay.io/ncigdc","SeSAMe Methylation Beta Estimation","dc9467b78cf538a0430cd4027dc5092f77d47e20","Primary Tumor",NA,"TCGA-A2-A4RX","TCGA-A2-A4RX-01A"
"48c6e0d1-2128-4730-8446-8368713b40f8","TXT","TCGA-GM-A2DA-01A-11D-A18O-05","open","b87a7fd5-ad2a-44e5-b888-3bf7fd72ade1.methylation_array.sesame.level3betas.txt","987b0351-c797-49c3-8ad1-8cdf54ce66a1","DNA Methylation","methylation_beta_value","Illumina Human Methylation 450",13110892,"2023-07-14T13:18:35.420523-05:00","160ab672da98b6fcf67d37f87293166f","2023-07-18T10:26:24.710745-05:00","48c6e0d1-2128-4730-8446-8368713b40f8","Methylation Beta Value","released","Methylation Array","2","38.0 - 45.0","TCGA-BRCA","ab971ff0-b02d-4c0a-bd33-9a78a2a3dfdf","released","b87a7fd5-ad2a-44e5-b888-3bf7fd72ade1","quay.io/ncigdc","SeSAMe Methylation Beta Estimation","9e258094ac9d4febe3721ceba25c1b8dbd1a27f8","Primary Tumor",NA,"TCGA-GM-A2DA","TCGA-GM-A2DA-01A"
"3283ebdc-17b7-447d-a848-82bff92a8981","TXT","TCGA-E9-A3QA-01A-61D-A22B-05","open","a152109b-2352-4a1a-9d74-5b3f22a42e50.methylation_array.sesame.level3betas.txt","7f0cca9d-49e5-4adc-8d75-4e2c32b35a7a","DNA Methylation","methylation_beta_value","Illumina Human Methylation 450",13187869,"2023-07-14T13:22:16.852123-05:00","da8486afd73d60311b8764d7951d638d","2023-07-18T10:26:18.045817-05:00","3283ebdc-17b7-447d-a848-82bff92a8981","Methylation Beta Value","released","Methylation Array","2","38.0 - 45.0","TCGA-BRCA","76a52965-b9de-4854-ab6c-d8ca8f318717","released","a152109b-2352-4a1a-9d74-5b3f22a42e50","quay.io/ncigdc","SeSAMe Methylation Beta Estimation","dc9467b78cf538a0430cd4027dc5092f77d47e20","Primary Tumor",NA,"TCGA-E9-A3QA","TCGA-E9-A3QA-01A"
"185e3fdb-0362-4cf3-a917-73b69ecdf455","TXT","TCGA-D8-A27P-01A-11D-A16G-05","open","9ac57d77-d708-4de5-af4b-ed4166760516.methylation_array.sesame.level3betas.txt","c1bbea6d-185e-4daa-9fa0-0bcbb4687107","DNA Methylation","methylation_beta_value","Illumina Human Methylation 450",13180704,"2023-07-14T13:34:00.412190-05:00","6dc49494b23cff7d38b8bf07363cd7a0","2023-07-18T10:27:15.859067-05:00","185e3fdb-0362-4cf3-a917-73b69ecdf455","Methylation Beta Value","released","Methylation Array","2","38.0 - 45.0","TCGA-BRCA","7872e82e-8278-461f-8780-4af30d016dea","released","9ac57d77-d708-4de5-af4b-ed4166760516","quay.io/ncigdc","SeSAMe Methylation Beta Estimation","dc9467b78cf538a0430cd4027dc5092f77d47e20","Primary Tumor",NA,"TCGA-D8-A27P","TCGA-D8-A27P-01A"
"c63359e2-1f75-45d1-a758-119468600cc3","TXT","TCGA-AC-A2QI-01A-12D-A19Z-05","open","db68a2ca-9969-4cc6-aa7a-4ab188e28fc6.methylation_array.sesame.level3betas.txt","7a890ae5-1583-4510-8b51-1dcb4bf47c3a","DNA Methylation","methylation_beta_value","Illumina Human Methylation 450",13150872,"2023-07-14T13:14:13.909002-05:00","c90b7029d5e514a5cf4ee23e5425e94d","2023-07-18T10:27:31.742321-05:00","c63359e2-1f75-45d1-a758-119468600cc3","Methylation Beta Value","released","Methylation Array","2","38.0 - 45.0","TCGA-BRCA","61edd794-072d-4972-ab20-29a0c722e31c","released","db68a2ca-9969-4cc6-aa7a-4ab188e28fc6","quay.io/ncigdc","SeSAMe Methylation Beta Estimation","dc9467b78cf538a0430cd4027dc5092f77d47e20","Primary Tumor",NA,"TCGA-AC-A2QI","TCGA-AC-A2QI-01A"
"e122c085-31ce-4e11-83f0-a380e9c4e2d0","TXT","TCGA-E9-A1RF-11A-32D-A161-05","open","4fc9124d-f662-48f6-a73e-627260912c33.methylation_array.sesame.level3betas.txt","34adec16-d32b-4940-9ece-93119b87224f","DNA Methylation","methylation_beta_value","Illumina Human Methylation 450",12806617,"2023-07-14T13:15:22.048683-05:00","c8493dc9027f21f903703b03e2ff1453","2023-07-18T10:25:15.923776-05:00","e122c085-31ce-4e11-83f0-a380e9c4e2d0","Methylation Beta Value","released","Methylation Array","2","38.0 - 45.0","TCGA-BRCA","6923a7e6-0d6b-4aff-a523-9716aec196fd","released","4fc9124d-f662-48f6-a73e-627260912c33","quay.io/ncigdc","SeSAMe Methylation Beta Estimation","9e258094ac9d4febe3721ceba25c1b8dbd1a27f8","Solid Tissue Normal",NA,"TCGA-E9-A1RF","TCGA-E9-A1RF-11A"
"731cccc9-bdc4-4c5b-821a-920bad6fa2b6","TXT","TCGA-OL-A5D7-01A-11D-A27Y-05","open","2db2d175-6a61-488f-89b3-99ee5de30373.methylation_array.sesame.level3betas.txt","f2224089-c2e1-4d46-a84c-32d86ade6acb","DNA Methylation","methylation_beta_value","Illumina Human Methylation 450",13193140,"2023-07-14T13:41:42.801304-05:00","778ced599b0e8f22986473a8c5bf93ae","2023-07-18T10:26:41.511686-05:00","731cccc9-bdc4-4c5b-821a-920bad6fa2b6","Methylation Beta Value","released","Methylation Array","2","38.0 - 45.0","TCGA-BRCA","1e078b86-32a3-4e93-b7fa-2a7b8c003754","released","2db2d175-6a61-488f-89b3-99ee5de30373","quay.io/ncigdc","SeSAMe Methylation Beta Estimation","dc9467b78cf538a0430cd4027dc5092f77d47e20","Primary Tumor",NA,"TCGA-OL-A5D7","TCGA-OL-A5D7-01A"
"821b8070-383e-469b-8d15-efee5d95e9bd","TXT","TCGA-A7-A6VY-01A-12D-A33F-05","open","bcf0b9a6-0dab-4e54-897a-894f794cda57.methylation_array.sesame.level3betas.txt","8335f538-9716-4737-881b-af02208cf3a0","DNA Methylation","methylation_beta_value","Illumina Human Methylation 450",13083983,"2023-07-14T13:18:03.711762-05:00","6e064731fe78e267c124936cd26621c5","2023-07-18T10:27:04.933204-05:00","821b8070-383e-469b-8d15-efee5d95e9bd","Methylation Beta Value","released","Methylation Array","2","38.0 - 45.0","TCGA-BRCA","4883262e-878c-4c7b-be4b-e9b309d8e3fe","released","bcf0b9a6-0dab-4e54-897a-894f794cda57","quay.io/ncigdc","SeSAMe Methylation Beta Estimation","f8ef9dc6375573fc05fee47b70278d89f79a4cd7","Primary Tumor",NA,"TCGA-A7-A6VY","TCGA-A7-A6VY-01A"
"a9db1ab3-b5f5-42ac-b7ad-6dd8979b2a91","TXT","TCGA-E9-A1RG-01A-11D-A14H-05","open","983d1ff2-05d9-431e-a25d-5f609a097972.methylation_array.sesame.level3betas.txt","f80da39c-f554-475d-beba-3b46ba12fdeb","DNA Methylation","methylation_beta_value","Illumina Human Methylation 450",13140745,"2023-07-14T13:25:15.698302-05:00","66b458509f809e08581e5c60e867c2f9","2023-07-18T10:25:32.585574-05:00","a9db1ab3-b5f5-42ac-b7ad-6dd8979b2a91","Methylation Beta Value","released","Methylation Array","2","38.0 - 45.0","TCGA-BRCA","f57610bc-81ff-4085-a5eb-c8e41c92b1e8","released","983d1ff2-05d9-431e-a25d-5f609a097972","quay.io/ncigdc","SeSAMe Methylation Beta Estimation","9e258094ac9d4febe3721ceba25c1b8dbd1a27f8","Primary Tumor",NA,"TCGA-E9-A1RG","TCGA-E9-A1RG-01A"
"00a8e36b-3f31-4b01-afbb-e355830b720d","TXT","TCGA-AO-A126-01A-11D-A10N-05","open","1f7641c4-1a24-4b26-9489-369160927ae1.methylation_array.sesame.level3betas.txt","ec2ac497-7b0f-45ff-9aa6-b7ca3fd53909","DNA Methylation","methylation_beta_value","Illumina Human Methylation 450",12941309,"2023-07-14T13:12:41.347550-05:00","4412bcd11bbaf9961d8c3caed3acbb24","2023-07-18T10:24:54.782564-05:00","00a8e36b-3f31-4b01-afbb-e355830b720d","Methylation Beta Value","released","Methylation Array","2","38.0 - 45.0","TCGA-BRCA","c098d607-9971-4f4f-8dbd-d828e4282fd7","released","1f7641c4-1a24-4b26-9489-369160927ae1","quay.io/ncigdc","SeSAMe Methylation Beta Estimation","f8ef9dc6375573fc05fee47b70278d89f79a4cd7","Primary Tumor",NA,"TCGA-AO-A126","TCGA-AO-A126-01A"
"6ac4c95d-3b8c-40cf-b3f0-df1d1141e6d4","TXT","TCGA-A7-A13H-01A-11D-A22B-05","open","46849b6c-1b6e-4643-8951-c7134879d6aa.methylation_array.sesame.level3betas.txt","333fb1c4-2192-4f3b-ba6c-a52d22693b66","DNA Methylation","methylation_beta_value","Illumina Human Methylation 450",13161231,"2023-07-14T13:38:05.999985-05:00","75b384c79d4dabe3cc4d7de1fbbc1c4f","2023-07-18T10:26:23.022555-05:00","6ac4c95d-3b8c-40cf-b3f0-df1d1141e6d4","Methylation Beta Value","released","Methylation Array","2","38.0 - 45.0","TCGA-BRCA","19040928-f0dc-4798-8c06-1c450bebc821","released","46849b6c-1b6e-4643-8951-c7134879d6aa","quay.io/ncigdc","SeSAMe Methylation Beta Estimation","dc9467b78cf538a0430cd4027dc5092f77d47e20","Primary Tumor",NA,"TCGA-A7-A13H","TCGA-A7-A13H-01A"
"5450b387-573b-4275-a209-f3f8ad9f9b9d","TXT","TCGA-EW-A1PA-01A-11D-A145-05","open","89b085a8-f899-4228-b274-ca2de5b8519b.methylation_array.sesame.level3betas.txt","00daa4cc-7bf9-49eb-ad61-62a9de8db24f","DNA Methylation","methylation_beta_value","Illumina Human Methylation 450",13167883,"2023-07-14T13:42:39.929510-05:00","565256222146d0c76538c259fa81def2","2023-07-18T10:25:59.960409-05:00","5450b387-573b-4275-a209-f3f8ad9f9b9d","Methylation Beta Value","released","Methylation Array","2","38.0 - 45.0","TCGA-BRCA","69ec1e30-b6af-4361-a9f4-a1f38d902f71","released","89b085a8-f899-4228-b274-ca2de5b8519b","quay.io/ncigdc","SeSAMe Methylation Beta Estimation","f8ef9dc6375573fc05fee47b70278d89f79a4cd7","Primary Tumor",NA,"TCGA-EW-A1PA","TCGA-EW-A1PA-01A"
"490e2975-d4e5-470d-a8d9-9b17940bd3f0","TXT","TCGA-BH-A1ET-11B-23D-A138-05","open","6f4d0f57-6a70-4074-9a46-90c77835a844.methylation_array.sesame.level3betas.txt","14d3939d-b00d-42d7-ac17-c80ed03f23eb","DNA Methylation","methylation_beta_value","Illumina Human Methylation 450",13012695,"2023-07-14T13:36:54.256908-05:00","e3ab3b00b307acc4dd0e4a8cf534a9c8","2023-07-18T10:26:41.100199-05:00","490e2975-d4e5-470d-a8d9-9b17940bd3f0","Methylation Beta Value","released","Methylation Array","2","38.0 - 45.0","TCGA-BRCA","72d7bd9f-c8b3-4f80-934d-c41b99dc3a8c","released","6f4d0f57-6a70-4074-9a46-90c77835a844","quay.io/ncigdc","SeSAMe Methylation Beta Estimation","9e258094ac9d4febe3721ceba25c1b8dbd1a27f8","Solid Tissue Normal",NA,"TCGA-BH-A1ET","TCGA-BH-A1ET-11B"
"83094ef7-043c-418f-9c6f-a480014d3713","TXT","TCGA-E9-A1RA-01A-11D-A14H-05","open","4a85b45e-6f7c-4e8c-b889-229fa2be96c6.methylation_array.sesame.level3betas.txt","bcd79c78-5e26-4344-89c4-6ce76f160018","DNA Methylation","methylation_beta_value","Illumina Human Methylation 450",13173944,"2023-07-14T13:42:59.894334-05:00","81b1458c7406e1cc7da4810ff08c9d20","2023-07-18T10:25:46.019458-05:00","83094ef7-043c-418f-9c6f-a480014d3713","Methylation Beta Value","released","Methylation Array","2","38.0 - 45.0","TCGA-BRCA","52d706a8-8c78-4a4a-bddd-06adc03325ff","released","4a85b45e-6f7c-4e8c-b889-229fa2be96c6","quay.io/ncigdc","SeSAMe Methylation Beta Estimation","f8ef9dc6375573fc05fee47b70278d89f79a4cd7","Primary Tumor",NA,"TCGA-E9-A1RA","TCGA-E9-A1RA-01A"
"2ab8e1f1-4d08-442a-8eaa-e28992e2a996","TXT","TCGA-C8-A1HM-01A-12D-A138-05","open","6ad6be0d-9abb-47bd-a0ca-fa2f6b53fd38.methylation_array.sesame.level3betas.txt","145104cd-933f-4f85-91e6-5ccef10b092e","DNA Methylation","methylation_beta_value","Illumina Human Methylation 450",12792643,"2023-07-14T13:10:51.315140-05:00","cceea429152c492f23aca46b780d3831","2023-07-18T10:24:39.925749-05:00","2ab8e1f1-4d08-442a-8eaa-e28992e2a996","Methylation Beta Value","released","Methylation Array","2","38.0 - 45.0","TCGA-BRCA","64bb4248-5d5c-468f-a083-4e4a902abead","released","6ad6be0d-9abb-47bd-a0ca-fa2f6b53fd38","quay.io/ncigdc","SeSAMe Methylation Beta Estimation","f8ef9dc6375573fc05fee47b70278d89f79a4cd7","Primary Tumor",NA,"TCGA-C8-A1HM","TCGA-C8-A1HM-01A"
"bb13fbde-b3e9-4a48-9253-9a96066d754f","TXT","TCGA-E9-A227-01A-11D-A161-05","open","507bfebd-1bc6-493f-8373-0c47c6314563.methylation_array.sesame.level3betas.txt","a91dc00a-6c6f-4aa9-99fd-cb162409df5c","DNA Methylation","methylation_beta_value","Illumina Human Methylation 450",13132230,"2023-07-14T13:40:57.044783-05:00","b705f58798a5d63cdede82b7b1ac6185","2023-07-18T10:26:35.168105-05:00","bb13fbde-b3e9-4a48-9253-9a96066d754f","Methylation Beta Value","released","Methylation Array","2","38.0 - 45.0","TCGA-BRCA","80db6612-4f75-4966-942b-cfb946c14a6e","released","507bfebd-1bc6-493f-8373-0c47c6314563","quay.io/ncigdc","SeSAMe Methylation Beta Estimation","dc9467b78cf538a0430cd4027dc5092f77d47e20","Primary Tumor",NA,"TCGA-E9-A227","TCGA-E9-A227-01A"
"f830f59b-31a1-42a1-9961-8f0ed3dc0fe6","TXT","TCGA-BH-A0E2-01A-11D-A10P-05","open","e8286d14-7c8d-4e61-bbba-63b87a6d47f0.methylation_array.sesame.level3betas.txt","a85106c3-505c-4c87-a1de-4c15f32b837a","DNA Methylation","methylation_beta_value","Illumina Human Methylation 450",12810520,"2023-07-14T13:32:43.178503-05:00","69a60633454fb2205be2868eafe88967","2023-07-18T10:27:03.358022-05:00","f830f59b-31a1-42a1-9961-8f0ed3dc0fe6","Methylation Beta Value","released","Methylation Array","2","38.0 - 45.0","TCGA-BRCA","a9bdfa08-6a4c-4a0b-9285-5b47bf7e78b9","released","e8286d14-7c8d-4e61-bbba-63b87a6d47f0","quay.io/ncigdc","SeSAMe Methylation Beta Estimation","dc9467b78cf538a0430cd4027dc5092f77d47e20","Primary Tumor",NA,"TCGA-BH-A0E2","TCGA-BH-A0E2-01A"
"a0b944b5-96f8-4c9a-83c5-71ccc234ef5d","TXT","TCGA-E2-A3DX-01A-21D-A212-05","open","021612fe-35cc-4205-9e13-bb80a149e206.methylation_array.sesame.level3betas.txt","1df9b7dc-c0a7-492c-9e05-a9743dad4610","DNA Methylation","methylation_beta_value","Illumina Human Methylation 450",13114246,"2023-07-14T13:41:14.305598-05:00","e4912dccfceb0052ccfbbe174023ddce","2023-07-18T10:27:20.764989-05:00","a0b944b5-96f8-4c9a-83c5-71ccc234ef5d","Methylation Beta Value","released","Methylation Array","2","38.0 - 45.0","TCGA-BRCA","e49bfe60-366b-4de6-a3e5-bae4a28c59a4","released","021612fe-35cc-4205-9e13-bb80a149e206","quay.io/ncigdc","SeSAMe Methylation Beta Estimation","dc9467b78cf538a0430cd4027dc5092f77d47e20","Primary Tumor",NA,"TCGA-E2-A3DX","TCGA-E2-A3DX-01A"
"ba17e7d9-42da-47e1-a5a0-ab82a9176f1a","TXT","TCGA-AC-A3W6-01A-12D-A22B-05","open","706d7860-5733-4394-ae7e-c79cd324f9e7.methylation_array.sesame.level3betas.txt","0380defe-ceba-46c7-8621-5f306da6f4a8","DNA Methylation","methylation_beta_value","Illumina Human Methylation 450",13150461,"2023-07-14T13:24:44.501555-05:00","61d2a9a1b45abb28293f6b46aaf74d47","2023-07-18T10:26:04.881721-05:00","ba17e7d9-42da-47e1-a5a0-ab82a9176f1a","Methylation Beta Value","released","Methylation Array","2","38.0 - 45.0","TCGA-BRCA","2081aafa-d0a5-436d-8f0f-f3da2b6500bc","released","706d7860-5733-4394-ae7e-c79cd324f9e7","quay.io/ncigdc","SeSAMe Methylation Beta Estimation","dc9467b78cf538a0430cd4027dc5092f77d47e20","Primary Tumor",NA,"TCGA-AC-A3W6","TCGA-AC-A3W6-01A"
"c49fdaa0-58ff-4dfd-8520-f0aa388b059c","TXT","TCGA-D8-A73X-01A-11D-A32T-05","open","37dc67d7-d8dd-4652-bce7-048e5167ea5b.methylation_array.sesame.level3betas.txt","1ad82861-1832-411c-abf1-4daedcbd3fbd","DNA Methylation","methylation_beta_value","Illumina Human Methylation 450",12911746,"2023-07-14T13:14:33.975317-05:00","bfa8a91afe75293dbacf2d35215128c7","2023-07-18T10:26:34.459682-05:00","c49fdaa0-58ff-4dfd-8520-f0aa388b059c","Methylation Beta Value","released","Methylation Array","2","38.0 - 45.0","TCGA-BRCA","1bc9fd5d-98ba-41b9-b3b2-64baad5b904f","released","37dc67d7-d8dd-4652-bce7-048e5167ea5b","quay.io/ncigdc","SeSAMe Methylation Beta Estimation","f8ef9dc6375573fc05fee47b70278d89f79a4cd7","Primary Tumor",NA,"TCGA-D8-A73X","TCGA-D8-A73X-01A"
"e183b8c2-14ba-4f24-887b-fc3caf025bd2","TXT","TCGA-OL-A5D8-01A-11D-A27Y-05","open","e00449ae-4e8c-444c-8651-d5806bc707fb.methylation_array.sesame.level3betas.txt","4a80f672-845b-4ea8-a1e7-b59f73de5303","DNA Methylation","methylation_beta_value","Illumina Human Methylation 450",13184404,"2023-07-14T13:14:39.518252-05:00","db21b5e612c0450eaddd58594acda913","2023-07-18T10:25:56.494533-05:00","e183b8c2-14ba-4f24-887b-fc3caf025bd2","Methylation Beta Value","released","Methylation Array","2","38.0 - 45.0","TCGA-BRCA","8a6988b1-1f9a-47c1-9224-2fe5f18b19b2","released","e00449ae-4e8c-444c-8651-d5806bc707fb","quay.io/ncigdc","SeSAMe Methylation Beta Estimation","9e258094ac9d4febe3721ceba25c1b8dbd1a27f8","Primary Tumor",NA,"TCGA-OL-A5D8","TCGA-OL-A5D8-01A"
"a6c528d1-9589-4162-a167-07ee6e8cb2a2","TXT","TCGA-D8-A1XY-01A-11D-A14N-05","open","7f936b19-9ca7-4510-8f8b-ba10a820acab.methylation_array.sesame.level3betas.txt","b8ed7d9b-d356-4c75-97c9-7a44422883d4","DNA Methylation","methylation_beta_value","Illumina Human Methylation 450",13091985,"2023-07-14T13:35:35.448908-05:00","a655f208428eec842bcf3dc35e14bc1d","2023-07-18T10:24:39.070334-05:00","a6c528d1-9589-4162-a167-07ee6e8cb2a2","Methylation Beta Value","released","Methylation Array","2","38.0 - 45.0","TCGA-BRCA","57922c79-bb25-4297-9889-229769efc942","released","7f936b19-9ca7-4510-8f8b-ba10a820acab","quay.io/ncigdc","SeSAMe Methylation Beta Estimation","f8ef9dc6375573fc05fee47b70278d89f79a4cd7","Primary Tumor",NA,"TCGA-D8-A1XY","TCGA-D8-A1XY-01A"
"b73a3ee4-b883-4227-a2bd-76a1dfdac7fb","TXT","TCGA-BH-A1FN-11A-34D-A13T-05","open","b5d6c3c2-ce3d-443a-bf92-05b32226f5dc.methylation_array.sesame.level3betas.txt","5a174880-4f48-4733-b0ee-fd5881b04b23","DNA Methylation","methylation_beta_value","Illumina Human Methylation 450",13207023,"2023-07-14T13:15:23.967836-05:00","f2e844474157b866e5d8869e07aa84f8","2023-07-18T10:26:32.169923-05:00","b73a3ee4-b883-4227-a2bd-76a1dfdac7fb","Methylation Beta Value","released","Methylation Array","2","38.0 - 45.0","TCGA-BRCA","069e0920-0271-49d8-81f2-3d35fbee662a","released","b5d6c3c2-ce3d-443a-bf92-05b32226f5dc","quay.io/ncigdc","SeSAMe Methylation Beta Estimation","dc9467b78cf538a0430cd4027dc5092f77d47e20","Solid Tissue Normal",NA,"TCGA-BH-A1FN","TCGA-BH-A1FN-11A"
"586e8a24-b165-417f-a96f-dd55b7e499d7","TXT","TCGA-AC-A5EI-01A-11D-A27Y-05","open","3d5769f4-67e8-4c13-9f76-6eca12fe99db.methylation_array.sesame.level3betas.txt","c8b79d82-ee34-4333-9126-510a94c4c768","DNA Methylation","methylation_beta_value","Illumina Human Methylation 450",13203159,"2023-07-14T13:11:01.681623-05:00","ef2b88ceda1a57efab80af4a6fadf6a5","2023-07-18T10:27:05.997572-05:00","586e8a24-b165-417f-a96f-dd55b7e499d7","Methylation Beta Value","released","Methylation Array","2","38.0 - 45.0","TCGA-BRCA","c95426b3-5566-452b-b6d4-8ea4193ac18e","released","3d5769f4-67e8-4c13-9f76-6eca12fe99db","quay.io/ncigdc","SeSAMe Methylation Beta Estimation","9e258094ac9d4febe3721ceba25c1b8dbd1a27f8","Primary Tumor",NA,"TCGA-AC-A5EI","TCGA-AC-A5EI-01A"
"c4f95b15-5bb0-4b48-8d50-cfb3c4c3d282","TXT","TCGA-AC-A2FB-01A-11D-A17F-05","open","1dfb3486-19fe-4403-97a5-fe6996878090.methylation_array.sesame.level3betas.txt","34f4f234-5d75-49b6-abf7-306ba2487d70","DNA Methylation","methylation_beta_value","Illumina Human Methylation 450",13175416,"2023-07-14T13:32:21.437840-05:00","1437f58a1e6be47453c017321b1769df","2023-07-18T10:26:28.928170-05:00","c4f95b15-5bb0-4b48-8d50-cfb3c4c3d282","Methylation Beta Value","released","Methylation Array","2","38.0 - 45.0","TCGA-BRCA","aa579f7b-43e9-4599-9edb-80fe06552f91","released","1dfb3486-19fe-4403-97a5-fe6996878090","quay.io/ncigdc","SeSAMe Methylation Beta Estimation","dc9467b78cf538a0430cd4027dc5092f77d47e20","Primary Tumor",NA,"TCGA-AC-A2FB","TCGA-AC-A2FB-01A"
"9b0027cc-7ba5-49e6-8c99-9a49f7270167","TXT","TCGA-E9-A247-01A-11D-A16A-05","open","f8e63e29-f7e8-4766-bd6c-2f629171e4ad.methylation_array.sesame.level3betas.txt","3241a9e8-85dd-4ae3-8c2f-92753a0ca23f","DNA Methylation","methylation_beta_value","Illumina Human Methylation 450",13149831,"2023-07-14T13:22:49.760304-05:00","a66e5ad94abca32d316066b46c768280","2023-07-18T10:26:00.442190-05:00","9b0027cc-7ba5-49e6-8c99-9a49f7270167","Methylation Beta Value","released","Methylation Array","2","38.0 - 45.0","TCGA-BRCA","05abd53d-c904-48f7-91c0-2c8533f947f8","released","f8e63e29-f7e8-4766-bd6c-2f629171e4ad","quay.io/ncigdc","SeSAMe Methylation Beta Estimation","9e258094ac9d4febe3721ceba25c1b8dbd1a27f8","Primary Tumor",NA,"TCGA-E9-A247","TCGA-E9-A247-01A"
"33392cf7-adf5-437c-9a65-67741211f712","TXT","TCGA-AC-A2QH-01A-11D-A18O-05","open","f7990502-632e-4fae-8218-625fe1bebdb5.methylation_array.sesame.level3betas.txt","29a115c0-eed4-47e3-94eb-65d450f1780a","DNA Methylation","methylation_beta_value","Illumina Human Methylation 450",13164796,"2023-07-14T13:28:25.604595-05:00","d10023b9c9b0b1c1e24938145cc20432","2023-07-18T10:26:13.206251-05:00","33392cf7-adf5-437c-9a65-67741211f712","Methylation Beta Value","released","Methylation Array","2","38.0 - 45.0","TCGA-BRCA","943b5806-86ee-488f-8b2f-9e0f64cdc8b7","released","f7990502-632e-4fae-8218-625fe1bebdb5","quay.io/ncigdc","SeSAMe Methylation Beta Estimation","9e258094ac9d4febe3721ceba25c1b8dbd1a27f8","Primary Tumor",NA,"TCGA-AC-A2QH","TCGA-AC-A2QH-01A"
"a93493cf-2165-4bab-9ddd-862584fae1a3","TXT","TCGA-AO-A03N-01B-11D-A10N-05","open","c41f545b-c284-4554-8851-0c386b30dcb6.methylation_array.sesame.level3betas.txt","e73af6fd-4f09-404d-9b5b-27b89f59e277","DNA Methylation","methylation_beta_value","Illumina Human Methylation 450",12912834,"2023-07-14T13:46:38.111528-05:00","6e4443e8d54f4fb7f9c6999965e3e2ec","2023-07-18T10:26:26.979968-05:00","a93493cf-2165-4bab-9ddd-862584fae1a3","Methylation Beta Value","released","Methylation Array","2","38.0 - 45.0","TCGA-BRCA","5358c9d0-8872-41eb-a74f-ed70c853c933","released","c41f545b-c284-4554-8851-0c386b30dcb6","quay.io/ncigdc","SeSAMe Methylation Beta Estimation","dc9467b78cf538a0430cd4027dc5092f77d47e20","Primary Tumor",NA,"TCGA-AO-A03N","TCGA-AO-A03N-01B"
"7ca8e961-435f-4068-bbb6-978d997b1805","TXT","TCGA-LL-A9Q3-01A-11D-A41Q-05","open","5e6062b4-0adc-4aff-922f-6ebfc8f4fe9b.methylation_array.sesame.level3betas.txt","1b13f799-5c97-4119-b33d-d3af9dde3c99","DNA Methylation","methylation_beta_value","Illumina Human Methylation 450",13016921,"2023-07-14T13:15:03.255695-05:00","04acf9973d96140ede12f1e1f7318676","2023-07-18T10:26:02.027412-05:00","7ca8e961-435f-4068-bbb6-978d997b1805","Methylation Beta Value","released","Methylation Array","2","38.0 - 45.0","TCGA-BRCA","8d2f4949-8a66-4d5f-8ad5-30ed26ae903f","released","5e6062b4-0adc-4aff-922f-6ebfc8f4fe9b","quay.io/ncigdc","SeSAMe Methylation Beta Estimation","f8ef9dc6375573fc05fee47b70278d89f79a4cd7","Primary Tumor",NA,"TCGA-LL-A9Q3","TCGA-LL-A9Q3-01A"
"1a199ee1-0af8-42cd-9d1f-65a5f18ca535","TXT","TCGA-BH-A0BS-11A-11D-A12R-05","open","e022cf37-0cb5-4efb-af76-696e877eb862.methylation_array.sesame.level3betas.txt","5540e919-be1f-4c73-835a-90e26e895904","DNA Methylation","methylation_beta_value","Illumina Human Methylation 450",13080587,"2023-07-14T13:32:37.748685-05:00","f47b336ee425e379d2efc66750e5309e","2023-07-18T10:26:49.178482-05:00","1a199ee1-0af8-42cd-9d1f-65a5f18ca535","Methylation Beta Value","released","Methylation Array","2","38.0 - 45.0","TCGA-BRCA","9cd36253-e478-4796-9da0-e98f1cb1de4e","released","e022cf37-0cb5-4efb-af76-696e877eb862","quay.io/ncigdc","SeSAMe Methylation Beta Estimation","dc9467b78cf538a0430cd4027dc5092f77d47e20","Solid Tissue Normal",NA,"TCGA-BH-A0BS","TCGA-BH-A0BS-11A"
"1c395cff-4511-4b68-bca8-71c0a62685a9","TXT","TCGA-E2-A1IG-01A-11D-A145-05","open","c9c59146-45df-4bee-9aec-c28ea4ed4f69.methylation_array.sesame.level3betas.txt","01daa70a-8875-4cac-b3af-d3e76d9991d0","DNA Methylation","methylation_beta_value","Illumina Human Methylation 450",13185788,"2023-07-14T13:43:30.625775-05:00","3bf8dfd7c61cd80897bd874d7273257f","2023-07-18T10:27:26.840908-05:00","1c395cff-4511-4b68-bca8-71c0a62685a9","Methylation Beta Value","released","Methylation Array","2","38.0 - 45.0","TCGA-BRCA","e5ea029e-b267-4fdc-aabd-41718494f4a8","released","c9c59146-45df-4bee-9aec-c28ea4ed4f69","quay.io/ncigdc","SeSAMe Methylation Beta Estimation","dc9467b78cf538a0430cd4027dc5092f77d47e20","Primary Tumor",NA,"TCGA-E2-A1IG","TCGA-E2-A1IG-01A"
"4a38e994-237e-48f6-ab5a-1b1f914fd7d6","TXT","TCGA-AR-A2LE-01A-11D-A17Z-05","open","6c21c2c1-07be-47fa-b861-699e369575c1.methylation_array.sesame.level3betas.txt","5e54e19e-4dfd-42e6-ab24-738ebe92a37e","DNA Methylation","methylation_beta_value","Illumina Human Methylation 450",13192324,"2023-07-14T13:13:07.772915-05:00","930f9166b5f78ff84a9246bbac24be82","2023-07-18T10:24:41.227510-05:00","4a38e994-237e-48f6-ab5a-1b1f914fd7d6","Methylation Beta Value","released","Methylation Array","2","38.0 - 45.0","TCGA-BRCA","784f425d-a8d0-4e9b-ac85-6b8eaa635435","released","6c21c2c1-07be-47fa-b861-699e369575c1","quay.io/ncigdc","SeSAMe Methylation Beta Estimation","dc9467b78cf538a0430cd4027dc5092f77d47e20","Primary Tumor",NA,"TCGA-AR-A2LE","TCGA-AR-A2LE-01A"
"3a8a2640-b0f0-43b8-ae9f-585998e2ba7d","TXT","TCGA-BH-A0HA-01A-11D-A12R-05","open","c69c4dcd-349a-4c8a-9c71-67dd9df9d820.methylation_array.sesame.level3betas.txt","f7490347-e1b9-42c2-a7d3-767b83c4695b","DNA Methylation","methylation_beta_value","Illumina Human Methylation 450",13046448,"2023-07-14T13:25:51.416326-05:00","f090a17010fb9ad90cac79f8dbf7de98","2023-07-18T10:26:36.966718-05:00","3a8a2640-b0f0-43b8-ae9f-585998e2ba7d","Methylation Beta Value","released","Methylation Array","2","38.0 - 45.0","TCGA-BRCA","bd676be4-2c06-482f-9fb2-db9e2d1fd066","released","c69c4dcd-349a-4c8a-9c71-67dd9df9d820","quay.io/ncigdc","SeSAMe Methylation Beta Estimation","dc9467b78cf538a0430cd4027dc5092f77d47e20","Primary Tumor",NA,"TCGA-BH-A0HA","TCGA-BH-A0HA-01A"
"8d55793d-5000-4e34-83a0-1694e768385a","TXT","TCGA-BH-A28Q-01A-11D-A16G-05","open","47c23d13-25d3-4d3c-b817-6fbd2a329b99.methylation_array.sesame.level3betas.txt","1167a5cf-6c1b-402a-a6de-8c0646faed43","DNA Methylation","methylation_beta_value","Illumina Human Methylation 450",13165711,"2023-07-14T13:27:52.365741-05:00","7d8fe3d719eef50d9db834e6b440e8af","2023-07-18T10:25:37.188771-05:00","8d55793d-5000-4e34-83a0-1694e768385a","Methylation Beta Value","released","Methylation Array","2","38.0 - 45.0","TCGA-BRCA","4d8f577d-5c94-449c-9951-c90c0cd5f813","released","47c23d13-25d3-4d3c-b817-6fbd2a329b99","quay.io/ncigdc","SeSAMe Methylation Beta Estimation","f8ef9dc6375573fc05fee47b70278d89f79a4cd7","Primary Tumor",NA,"TCGA-BH-A28Q","TCGA-BH-A28Q-01A"
"90209798-0914-42d0-95ee-b261295bbcce","TXT","TCGA-AR-A24T-01A-11D-A16A-05","open","b67697af-c85c-432a-b8dd-175bba5cd607.methylation_array.sesame.level3betas.txt","155db4f4-4f5c-4745-b530-26dc7b573035","DNA Methylation","methylation_beta_value","Illumina Human Methylation 450",13178508,"2023-07-14T13:08:00.730891-05:00","8a45a782c28f066e56f5caa425fd64a6","2023-07-18T10:27:13.959521-05:00","90209798-0914-42d0-95ee-b261295bbcce","Methylation Beta Value","released","Methylation Array","2","38.0 - 45.0","TCGA-BRCA","98141b4e-2c20-422e-a125-27eee8a63720","released","b67697af-c85c-432a-b8dd-175bba5cd607","quay.io/ncigdc","SeSAMe Methylation Beta Estimation","dc9467b78cf538a0430cd4027dc5092f77d47e20","Primary Tumor",NA,"TCGA-AR-A24T","TCGA-AR-A24T-01A"
"51647fae-2a95-4558-bcf7-d4618d41e3e7","TXT","TCGA-A2-A0CO-01A-13D-A22B-05","open","04025044-5899-4964-a1c8-f05d59fbc638.methylation_array.sesame.level3betas.txt","dc3719e2-e60d-4a12-9063-646c066dbb84","DNA Methylation","methylation_beta_value","Illumina Human Methylation 450",13133305,"2023-07-14T13:34:42.306175-05:00","ba8e0a65071986a6bf91d340871db6a4","2023-07-18T10:25:43.714287-05:00","51647fae-2a95-4558-bcf7-d4618d41e3e7","Methylation Beta Value","released","Methylation Array","2","38.0 - 45.0","TCGA-BRCA","c4150840-17ac-4f84-8617-9850a3cf493c","released","04025044-5899-4964-a1c8-f05d59fbc638","quay.io/ncigdc","SeSAMe Methylation Beta Estimation","f8ef9dc6375573fc05fee47b70278d89f79a4cd7","Primary Tumor",NA,"TCGA-A2-A0CO","TCGA-A2-A0CO-01A"
"fe1ebe7f-7ec9-46b4-9b29-01347e1a1267","TXT","TCGA-E9-A1NA-11A-33D-A145-05","open","9b48ea80-55b8-40d4-a3cd-37b43aee661c.methylation_array.sesame.level3betas.txt","d68b4080-8f36-46e8-85f5-3acff0aa9fe7","DNA Methylation","methylation_beta_value","Illumina Human Methylation 450",13199927,"2023-07-14T13:12:22.784840-05:00","529f3f6de53cae0b07e65f425da226a3","2023-07-18T10:26:16.264357-05:00","fe1ebe7f-7ec9-46b4-9b29-01347e1a1267","Methylation Beta Value","released","Methylation Array","2","38.0 - 45.0","TCGA-BRCA","04531ab1-045c-445b-b37e-910dba52b976","released","9b48ea80-55b8-40d4-a3cd-37b43aee661c","quay.io/ncigdc","SeSAMe Methylation Beta Estimation","9e258094ac9d4febe3721ceba25c1b8dbd1a27f8","Solid Tissue Normal",NA,"TCGA-E9-A1NA","TCGA-E9-A1NA-11A"
"8d75da49-5ab5-4b99-a5cb-adc47e7c3411","TXT","TCGA-E2-A1IO-01A-11D-A145-05","open","e3c2240d-5909-4b34-94c0-8006677a1318.methylation_array.sesame.level3betas.txt","3066ddab-7c28-4d14-a64f-700b3bfa587a","DNA Methylation","methylation_beta_value","Illumina Human Methylation 450",13171524,"2023-07-14T13:37:30.615705-05:00","4bee22920b46c47db3e1aec3abe85557","2023-07-18T10:27:25.477457-05:00","8d75da49-5ab5-4b99-a5cb-adc47e7c3411","Methylation Beta Value","released","Methylation Array","2","38.0 - 45.0","TCGA-BRCA","04951194-d240-4092-8ecd-bedd5df7f4ea","released","e3c2240d-5909-4b34-94c0-8006677a1318","quay.io/ncigdc","SeSAMe Methylation Beta Estimation","dc9467b78cf538a0430cd4027dc5092f77d47e20","Primary Tumor",NA,"TCGA-E2-A1IO","TCGA-E2-A1IO-01A"
"e20ba50b-aa6a-4d82-8031-4be433b213f2","TXT","TCGA-E2-A1IO-11A-21D-A145-05","open","41f18e0d-b33e-4438-8bdf-c39bc2d7d463.methylation_array.sesame.level3betas.txt","b196b943-b6b4-434c-b287-817041deba32","DNA Methylation","methylation_beta_value","Illumina Human Methylation 450",13197200,"2023-07-14T13:24:40.711800-05:00","008640cfea9f157520118fb37de0ffb7","2023-07-18T10:26:32.465341-05:00","e20ba50b-aa6a-4d82-8031-4be433b213f2","Methylation Beta Value","released","Methylation Array","2","38.0 - 45.0","TCGA-BRCA","c24f75cc-e44a-4657-9ba4-9b321c4077d2","released","41f18e0d-b33e-4438-8bdf-c39bc2d7d463","quay.io/ncigdc","SeSAMe Methylation Beta Estimation","dc9467b78cf538a0430cd4027dc5092f77d47e20","Solid Tissue Normal",NA,"TCGA-E2-A1IO","TCGA-E2-A1IO-11A"
"1f86723e-e647-4048-8882-bd1af5e66276","TXT","TCGA-A2-A259-01A-11D-A16G-05","open","74e4c12c-cacd-4bb3-bbe1-6edec664ddb9.methylation_array.sesame.level3betas.txt","6e46e712-5ebd-4841-b34d-68ca442f0832","DNA Methylation","methylation_beta_value","Illumina Human Methylation 450",13087358,"2023-07-14T13:29:14.922033-05:00","0af1ec30767d90020c29232e7c7d3d4b","2023-07-18T10:25:41.605760-05:00","1f86723e-e647-4048-8882-bd1af5e66276","Methylation Beta Value","released","Methylation Array","2","38.0 - 45.0","TCGA-BRCA","9f2385b2-9d72-44ab-89e0-15d6164ce3e4","released","74e4c12c-cacd-4bb3-bbe1-6edec664ddb9","quay.io/ncigdc","SeSAMe Methylation Beta Estimation","f8ef9dc6375573fc05fee47b70278d89f79a4cd7","Primary Tumor",NA,"TCGA-A2-A259","TCGA-A2-A259-01A"
"7909abc7-b746-4eea-be6c-d27cef36ed76","TXT","TCGA-B6-A1KI-01A-11D-A14N-05","open","b8627c39-407d-4e6e-b102-d942fa70fdd5.methylation_array.sesame.level3betas.txt","216a3c8f-b900-4f83-baed-8f939c29dbec","DNA Methylation","methylation_beta_value","Illumina Human Methylation 450",13176486,"2023-07-14T13:27:09.525566-05:00","09aff70637953d5b59f8c2a9c3f02ddc","2023-07-18T10:26:15.227192-05:00","7909abc7-b746-4eea-be6c-d27cef36ed76","Methylation Beta Value","released","Methylation Array","2","38.0 - 45.0","TCGA-BRCA","018d9df0-8ed1-49d7-8c2c-8d6f2ec2a47d","released","b8627c39-407d-4e6e-b102-d942fa70fdd5","quay.io/ncigdc","SeSAMe Methylation Beta Estimation","9e258094ac9d4febe3721ceba25c1b8dbd1a27f8","Primary Tumor",NA,"TCGA-B6-A1KI","TCGA-B6-A1KI-01A"
"61a0df49-b74b-44f6-a34d-6a86fb59936b","TXT","TCGA-AQ-A7U7-01A-22D-A357-05","open","8224439b-5900-449f-8a58-c08213264999.methylation_array.sesame.level3betas.txt","fbfb75c8-bced-441b-b22c-54609e1b6e23","DNA Methylation","methylation_beta_value","Illumina Human Methylation 450",13125070,"2023-07-14T13:14:35.840646-05:00","7ea310f1d3e65d25e124e6ad4f3df027","2023-07-18T10:26:30.806667-05:00","61a0df49-b74b-44f6-a34d-6a86fb59936b","Methylation Beta Value","released","Methylation Array","2","38.0 - 45.0","TCGA-BRCA","bf91d9db-5dd6-4cdc-b871-bcbdf01b1b53","released","8224439b-5900-449f-8a58-c08213264999","quay.io/ncigdc","SeSAMe Methylation Beta Estimation","dc9467b78cf538a0430cd4027dc5092f77d47e20","Primary Tumor",NA,"TCGA-AQ-A7U7","TCGA-AQ-A7U7-01A"
"97703c0a-4f3c-4a4d-99e1-33eed7fab859","TXT","TCGA-AC-A2FF-01A-11D-A17F-05","open","7d10fcde-a4b3-4457-87b7-9c09ad48e8fd.methylation_array.sesame.level3betas.txt","d21f171e-5fd5-460f-b6ee-f28821aac998","DNA Methylation","methylation_beta_value","Illumina Human Methylation 450",13185802,"2023-07-14T13:40:35.064032-05:00","9596fd4b99e1a89f8a348626851f2a5f","2023-07-18T10:26:20.990784-05:00","97703c0a-4f3c-4a4d-99e1-33eed7fab859","Methylation Beta Value","released","Methylation Array","2","38.0 - 45.0","TCGA-BRCA","82265949-5087-48a4-8edd-e6795e494529","released","7d10fcde-a4b3-4457-87b7-9c09ad48e8fd","quay.io/ncigdc","SeSAMe Methylation Beta Estimation","f8ef9dc6375573fc05fee47b70278d89f79a4cd7","Primary Tumor",NA,"TCGA-AC-A2FF","TCGA-AC-A2FF-01A"
"c7394b65-1290-40ae-b45e-c72e183400ba","TXT","TCGA-AC-A2FF-11A-13D-A17F-05","open","601794f6-a34a-46ea-af27-e44e5d4a8064.methylation_array.sesame.level3betas.txt","536ea8bb-b770-4b18-b4d2-2f15b1e2af2e","DNA Methylation","methylation_beta_value","Illumina Human Methylation 450",13156023,"2023-07-14T13:23:10.385396-05:00","f2c34def652a4dc5ea75a1b7f56b6011","2023-07-18T10:26:25.577338-05:00","c7394b65-1290-40ae-b45e-c72e183400ba","Methylation Beta Value","released","Methylation Array","2","38.0 - 45.0","TCGA-BRCA","23d9d3dc-e8f6-412f-8610-7212f74e6563","released","601794f6-a34a-46ea-af27-e44e5d4a8064","quay.io/ncigdc","SeSAMe Methylation Beta Estimation","dc9467b78cf538a0430cd4027dc5092f77d47e20","Solid Tissue Normal",NA,"TCGA-AC-A2FF","TCGA-AC-A2FF-11A"
"786a7546-8ea9-42ef-803a-5230fe957141","TXT","TCGA-D8-A1J9-01A-11D-A13K-05","open","afad666b-416f-49d4-8648-8aa0a25d5fb8.methylation_array.sesame.level3betas.txt","32565045-7d84-45b6-ba59-22321b4f7d00","DNA Methylation","methylation_beta_value","Illumina Human Methylation 450",13160190,"2023-07-14T13:45:21.974381-05:00","9657f78a419d0d24b2e3184921e91e00","2023-07-18T10:26:27.687568-05:00","786a7546-8ea9-42ef-803a-5230fe957141","Methylation Beta Value","released","Methylation Array","2","38.0 - 45.0","TCGA-BRCA","f08cc10a-4c7f-4a40-8db8-3407fec86a0d","released","afad666b-416f-49d4-8648-8aa0a25d5fb8","quay.io/ncigdc","SeSAMe Methylation Beta Estimation","dc9467b78cf538a0430cd4027dc5092f77d47e20","Primary Tumor",NA,"TCGA-D8-A1J9","TCGA-D8-A1J9-01A"
"5701de8e-c60d-48bf-9bc2-f6c996b8b83c","TXT","TCGA-E9-A243-01A-21D-A16A-05","open","2c52a624-fa56-4aa9-b8e2-c8d94ca47ed9.methylation_array.sesame.level3betas.txt","4a68ac40-2b63-4f5d-a0cb-7337f7e9aa2d","DNA Methylation","methylation_beta_value","Illumina Human Methylation 450",13136197,"2023-07-14T13:28:41.961366-05:00","a943714898b2ca8124ade662369e0171","2023-07-18T10:27:30.906556-05:00","5701de8e-c60d-48bf-9bc2-f6c996b8b83c","Methylation Beta Value","released","Methylation Array","2","38.0 - 45.0","TCGA-BRCA","7068fc84-9a0c-4093-89af-50bb989cd45e","released","2c52a624-fa56-4aa9-b8e2-c8d94ca47ed9","quay.io/ncigdc","SeSAMe Methylation Beta Estimation","dc9467b78cf538a0430cd4027dc5092f77d47e20","Primary Tumor",NA,"TCGA-E9-A243","TCGA-E9-A243-01A"
"bb1a1067-ae42-4586-8df1-e7062054d0d9","TXT","TCGA-BH-A0BJ-01A-11D-A10P-05","open","254d88a5-5030-4ee0-9773-794d33579884.methylation_array.sesame.level3betas.txt","dc1f85fb-2848-46c9-903c-96b7162f6445","DNA Methylation","methylation_beta_value","Illumina Human Methylation 450",12993778,"2023-07-14T13:23:53.162794-05:00","aa00c17052fe6bfb6078d82bc29a2ee3","2023-07-18T10:26:23.445948-05:00","bb1a1067-ae42-4586-8df1-e7062054d0d9","Methylation Beta Value","released","Methylation Array","2","38.0 - 45.0","TCGA-BRCA","26f800fe-46da-4d0b-9383-d3051e57085a","released","254d88a5-5030-4ee0-9773-794d33579884","quay.io/ncigdc","SeSAMe Methylation Beta Estimation","f8ef9dc6375573fc05fee47b70278d89f79a4cd7","Primary Tumor",NA,"TCGA-BH-A0BJ","TCGA-BH-A0BJ-01A"
"c737c9ff-7acb-407c-9845-aab2f09570cb","TXT","TCGA-AO-A0JL-01A-11D-A10P-05","open","5d6aaab3-5ca1-4e8c-864b-cad91f0ac1e3.methylation_array.sesame.level3betas.txt","117a1d3a-5881-4ddd-a7df-fdf20090fd92","DNA Methylation","methylation_beta_value","Illumina Human Methylation 450",12868500,"2023-07-14T13:37:24.802874-05:00","59bf93c442bdecbdc8c41c1da93b318d","2023-07-18T10:26:37.103681-05:00","c737c9ff-7acb-407c-9845-aab2f09570cb","Methylation Beta Value","released","Methylation Array","2","38.0 - 45.0","TCGA-BRCA","468d51bf-3e37-43cc-a27a-7dffdc3e97bc","released","5d6aaab3-5ca1-4e8c-864b-cad91f0ac1e3","quay.io/ncigdc","SeSAMe Methylation Beta Estimation","dc9467b78cf538a0430cd4027dc5092f77d47e20","Primary Tumor",NA,"TCGA-AO-A0JL","TCGA-AO-A0JL-01A"
"4948d91d-cb8d-472a-8c17-2b2c96882682","TXT","TCGA-A7-A26E-01A-11D-A16A-05","open","89f46b91-4c11-4ab0-bcf5-7b91216db805.methylation_array.sesame.level3betas.txt","e1529ca7-ade9-483f-9af3-b76060d35eb2","DNA Methylation","methylation_beta_value","Illumina Human Methylation 450",13167649,"2023-07-14T13:29:51.594611-05:00","0896682749863972bc55c8aad5a0111c","2023-07-18T10:26:16.670638-05:00","4948d91d-cb8d-472a-8c17-2b2c96882682","Methylation Beta Value","released","Methylation Array","2","38.0 - 45.0","TCGA-BRCA","09715f09-1b10-45b2-b9bd-60255964e9e7","released","89f46b91-4c11-4ab0-bcf5-7b91216db805","quay.io/ncigdc","SeSAMe Methylation Beta Estimation","f8ef9dc6375573fc05fee47b70278d89f79a4cd7","Primary Tumor",NA,"TCGA-A7-A26E","TCGA-A7-A26E-01A"
"ae8b587b-1f8c-46bf-b174-71c48355dfc1","TXT","TCGA-E2-A1BC-11A-32D-A12R-05","open","7577b42c-8206-443b-b224-f70f050031fc.methylation_array.sesame.level3betas.txt","4f5204a5-a745-4e0b-a854-9d5cd4a9e45d","DNA Methylation","methylation_beta_value","Illumina Human Methylation 450",13009197,"2023-07-14T13:14:51.962197-05:00","73744f75b13fcd2c82798e7db9b435d9","2023-07-18T10:26:34.737611-05:00","ae8b587b-1f8c-46bf-b174-71c48355dfc1","Methylation Beta Value","released","Methylation Array","2","38.0 - 45.0","TCGA-BRCA","e01bf9bd-df47-4e6f-986e-cbcc52378146","released","7577b42c-8206-443b-b224-f70f050031fc","quay.io/ncigdc","SeSAMe Methylation Beta Estimation","dc9467b78cf538a0430cd4027dc5092f77d47e20","Solid Tissue Normal",NA,"TCGA-E2-A1BC","TCGA-E2-A1BC-11A"
"86098202-e0bf-48e3-bc92-662c8b3e2371","TXT","TCGA-BH-A0DD-01A-31D-A12R-05","open","a74f6e56-22c4-4d03-9830-2b54c2314cb7.methylation_array.sesame.level3betas.txt","1643e871-d9b2-490c-b3d4-fbe9053d185d","DNA Methylation","methylation_beta_value","Illumina Human Methylation 450",12847182,"2023-07-14T13:37:54.155121-05:00","a31e97a6bc60e80377f00f9187aa312f","2023-07-18T10:26:56.701424-05:00","86098202-e0bf-48e3-bc92-662c8b3e2371","Methylation Beta Value","released","Methylation Array","2","38.0 - 45.0","TCGA-BRCA","5a402e4a-b4cd-4499-a956-d9381d30430a","released","a74f6e56-22c4-4d03-9830-2b54c2314cb7","quay.io/ncigdc","SeSAMe Methylation Beta Estimation","f8ef9dc6375573fc05fee47b70278d89f79a4cd7","Primary Tumor",NA,"TCGA-BH-A0DD","TCGA-BH-A0DD-01A"
"929f4ada-0aa2-45e3-b224-dde0b42154da","TXT","TCGA-E9-A226-01A-21D-A161-05","open","e1e24f99-2ff4-4fa0-b89e-9c7f804328eb.methylation_array.sesame.level3betas.txt","57365b79-b1e4-4497-8ece-6a719124e8d6","DNA Methylation","methylation_beta_value","Illumina Human Methylation 450",12855285,"2023-07-14T13:38:36.089276-05:00","d99404fe7e84120da2b774b2d840f9c8","2023-07-18T10:27:00.556512-05:00","929f4ada-0aa2-45e3-b224-dde0b42154da","Methylation Beta Value","released","Methylation Array","2","38.0 - 45.0","TCGA-BRCA","b88f167d-7a64-4bb0-b7f2-f7aa032364ab","released","e1e24f99-2ff4-4fa0-b89e-9c7f804328eb","quay.io/ncigdc","SeSAMe Methylation Beta Estimation","f8ef9dc6375573fc05fee47b70278d89f79a4cd7","Primary Tumor",NA,"TCGA-E9-A226","TCGA-E9-A226-01A"
"bb214e62-1121-4666-8cfc-2fba7b4b7238","TXT","TCGA-GM-A2DO-01A-11D-A18O-05","open","dbedbf63-9e1c-40b0-846c-7a1b2486b0bb.methylation_array.sesame.level3betas.txt","27b7e080-c147-4fc0-a8b5-16bc08755aab","DNA Methylation","methylation_beta_value","Illumina Human Methylation 450",13178278,"2023-07-14T13:16:44.674324-05:00","8d9a25429af0c4ecdffae7e29a97547a","2023-07-18T10:27:13.828437-05:00","bb214e62-1121-4666-8cfc-2fba7b4b7238","Methylation Beta Value","released","Methylation Array","2","38.0 - 45.0","TCGA-BRCA","a80ece1f-1c8f-4280-8ae7-f68ca7bd2851","released","dbedbf63-9e1c-40b0-846c-7a1b2486b0bb","quay.io/ncigdc","SeSAMe Methylation Beta Estimation","dc9467b78cf538a0430cd4027dc5092f77d47e20","Primary Tumor",NA,"TCGA-GM-A2DO","TCGA-GM-A2DO-01A"
"9664d995-5143-4c6e-9071-6185ff1ecd86","TXT","TCGA-EW-A2FW-01A-11D-A17F-05","open","a50809bf-e9b6-4ba6-910b-b1093c266ac2.methylation_array.sesame.level3betas.txt","48c22e75-e82c-4800-8023-2cefd3bffaee","DNA Methylation","methylation_beta_value","Illumina Human Methylation 450",13141108,"2023-07-14T13:17:46.992547-05:00","4129bf735271c1287135bba7a80a9c83","2023-07-18T10:26:11.893921-05:00","9664d995-5143-4c6e-9071-6185ff1ecd86","Methylation Beta Value","released","Methylation Array","2","38.0 - 45.0","TCGA-BRCA","8c28ef9e-dbd3-4420-a9d4-0f367a437c62","released","a50809bf-e9b6-4ba6-910b-b1093c266ac2","quay.io/ncigdc","SeSAMe Methylation Beta Estimation","f8ef9dc6375573fc05fee47b70278d89f79a4cd7","Primary Tumor",NA,"TCGA-EW-A2FW","TCGA-EW-A2FW-01A"
"3d8f5b04-24e5-455d-a000-8832e783b85a","TXT","TCGA-BH-A0C0-11A-21D-A10Q-05","open","f2f07530-a384-4a57-b8bb-ae6ba8f25dad.methylation_array.sesame.level3betas.txt","1d2edca1-4e28-4b29-be6a-2bcf82369d16","DNA Methylation","methylation_beta_value","Illumina Human Methylation 450",12991113,"2023-07-14T13:11:49.863938-05:00","094189803021d86ca7ef3b5773af9065","2023-07-18T10:27:18.220977-05:00","3d8f5b04-24e5-455d-a000-8832e783b85a","Methylation Beta Value","released","Methylation Array","2","38.0 - 45.0","TCGA-BRCA","e8f2a40c-9681-4d97-86f3-8b5ed566dda1","released","f2f07530-a384-4a57-b8bb-ae6ba8f25dad","quay.io/ncigdc","SeSAMe Methylation Beta Estimation","dc9467b78cf538a0430cd4027dc5092f77d47e20","Solid Tissue Normal",NA,"TCGA-BH-A0C0","TCGA-BH-A0C0-11A"
"171e4263-fefa-459b-86dd-ba8030243859","TXT","TCGA-BH-A28O-01A-11D-A22B-05","open","1b7f4df4-bda1-435b-8114-6a39a6f87544.methylation_array.sesame.level3betas.txt","ff80416a-1ae6-4ba2-8f5b-5ad1d619c570","DNA Methylation","methylation_beta_value","Illumina Human Methylation 450",13194906,"2023-07-14T13:22:20.565342-05:00","ec6d320bb1ee6fc4c4469ffbcdb5b4d2","2023-07-18T10:27:27.767612-05:00","171e4263-fefa-459b-86dd-ba8030243859","Methylation Beta Value","released","Methylation Array","2","38.0 - 45.0","TCGA-BRCA","ec914739-0b29-4324-bd82-e33997bed671","released","1b7f4df4-bda1-435b-8114-6a39a6f87544","quay.io/ncigdc","SeSAMe Methylation Beta Estimation","dc9467b78cf538a0430cd4027dc5092f77d47e20","Primary Tumor",NA,"TCGA-BH-A28O","TCGA-BH-A28O-01A"
"93c0f18e-00b2-4c3d-a056-61d309a947af","TXT","TCGA-A2-A0YM-01A-11D-A10A-05","open","816e42ac-95ac-42f3-8c9c-b60fb748d628.methylation_array.sesame.level3betas.txt","e2e23033-b974-4d2e-993b-83565d762050","DNA Methylation","methylation_beta_value","Illumina Human Methylation 450",12982021,"2023-07-14T13:21:58.829107-05:00","1ddd88dffbbddde280ae8b56bfe735a1","2023-07-18T10:25:44.951449-05:00","93c0f18e-00b2-4c3d-a056-61d309a947af","Methylation Beta Value","released","Methylation Array","2","38.0 - 45.0","TCGA-BRCA","b5443fc0-9613-4192-8b2a-ce47ba7133fb","released","816e42ac-95ac-42f3-8c9c-b60fb748d628","quay.io/ncigdc","SeSAMe Methylation Beta Estimation","f8ef9dc6375573fc05fee47b70278d89f79a4cd7","Primary Tumor",NA,"TCGA-A2-A0YM","TCGA-A2-A0YM-01A"
"68da136d-e152-4e4d-8589-36fd1a774b8e","TXT","TCGA-B6-A0IK-01A-12D-A10P-05","open","efbe7d9d-d6bd-460f-a13d-73ffdfe5f50a.methylation_array.sesame.level3betas.txt","49c11739-33a2-4b45-8298-51c8c78a297d","DNA Methylation","methylation_beta_value","Illumina Human Methylation 450",12819377,"2023-07-14T13:25:21.428205-05:00","ab880966afb323a150e557b6f3706399","2023-07-18T10:27:13.549896-05:00","68da136d-e152-4e4d-8589-36fd1a774b8e","Methylation Beta Value","released","Methylation Array","2","38.0 - 45.0","TCGA-BRCA","31000112-0597-4b63-96c0-5bc423e4d112","released","efbe7d9d-d6bd-460f-a13d-73ffdfe5f50a","quay.io/ncigdc","SeSAMe Methylation Beta Estimation","dc9467b78cf538a0430cd4027dc5092f77d47e20","Primary Tumor",NA,"TCGA-B6-A0IK","TCGA-B6-A0IK-01A"
"b7f0cde9-7a4d-4b44-9a2e-d670e4f891ed","TXT","TCGA-D8-A27R-01A-11D-A16G-05","open","443861a5-e868-4d04-854d-fcf47bbeb5d0.methylation_array.sesame.level3betas.txt","5700a23d-51d1-4b8f-a508-0c533fbb19b4","DNA Methylation","methylation_beta_value","Illumina Human Methylation 450",13112322,"2023-07-14T13:33:25.067244-05:00","72bb34a184f340f5ac4d2783e2b83272","2023-07-18T10:27:32.153438-05:00","b7f0cde9-7a4d-4b44-9a2e-d670e4f891ed","Methylation Beta Value","released","Methylation Array","2","38.0 - 45.0","TCGA-BRCA","9cdc840b-0609-4460-b228-f605aa3b6e2b","released","443861a5-e868-4d04-854d-fcf47bbeb5d0","quay.io/ncigdc","SeSAMe Methylation Beta Estimation","dc9467b78cf538a0430cd4027dc5092f77d47e20","Primary Tumor",NA,"TCGA-D8-A27R","TCGA-D8-A27R-01A"
"5f5126d8-8413-49a1-ad7f-6fde20e12d46","TXT","TCGA-E9-A22G-01A-11D-A161-05","open","28f8a2c5-0bd4-474a-aa74-f170b4f9cba0.methylation_array.sesame.level3betas.txt","73c8b4ff-3df2-47ea-b48d-5040cb5c75c1","DNA Methylation","methylation_beta_value","Illumina Human Methylation 450",12796047,"2023-07-14T13:39:03.472483-05:00","fece55904e8d6338b23cb38d644d2935","2023-07-18T10:27:25.044378-05:00","5f5126d8-8413-49a1-ad7f-6fde20e12d46","Methylation Beta Value","released","Methylation Array","2","38.0 - 45.0","TCGA-BRCA","2e56aff0-7240-4ee8-82e7-8789aca64c48","released","28f8a2c5-0bd4-474a-aa74-f170b4f9cba0","quay.io/ncigdc","SeSAMe Methylation Beta Estimation","dc9467b78cf538a0430cd4027dc5092f77d47e20","Primary Tumor",NA,"TCGA-E9-A22G","TCGA-E9-A22G-01A"
"991d441b-aa84-4ff3-b5f7-36448224a658","TXT","TCGA-A2-A4RW-01A-21D-A268-05","open","76e9cd4b-3d5b-4e4c-b706-a8d15ce8d513.methylation_array.sesame.level3betas.txt","388a11ca-46af-4775-b66c-a63a34ae100b","DNA Methylation","methylation_beta_value","Illumina Human Methylation 450",13057583,"2023-07-14T13:20:44.462338-05:00","fdd7fcfd2b35e0506e2b69aa7df754fd","2023-07-18T10:27:06.699354-05:00","991d441b-aa84-4ff3-b5f7-36448224a658","Methylation Beta Value","released","Methylation Array","2","38.0 - 45.0","TCGA-BRCA","c7ebb40f-0a4a-44d7-bae7-3aebc34b46fa","released","76e9cd4b-3d5b-4e4c-b706-a8d15ce8d513","quay.io/ncigdc","SeSAMe Methylation Beta Estimation","f8ef9dc6375573fc05fee47b70278d89f79a4cd7","Primary Tumor",NA,"TCGA-A2-A4RW","TCGA-A2-A4RW-01A"
"7d6b7411-54af-4d77-89c8-551cb44043d3","TXT","TCGA-BH-A0BZ-11A-61D-A12R-05","open","eb5b35df-0277-49c4-803e-0ccc2545aa2a.methylation_array.sesame.level3betas.txt","ed4af79a-4bee-4852-bf20-9ccb3e6359e0","DNA Methylation","methylation_beta_value","Illumina Human Methylation 450",13122388,"2023-07-14T13:29:02.289556-05:00","38cf0cde52d63a67ebe1b347995317e3","2023-07-18T10:26:37.817614-05:00","7d6b7411-54af-4d77-89c8-551cb44043d3","Methylation Beta Value","released","Methylation Array","2","38.0 - 45.0","TCGA-BRCA","ebe439da-d5b5-439a-8c80-c19fda7f27d9","released","eb5b35df-0277-49c4-803e-0ccc2545aa2a","quay.io/ncigdc","SeSAMe Methylation Beta Estimation","dc9467b78cf538a0430cd4027dc5092f77d47e20","Solid Tissue Normal",NA,"TCGA-BH-A0BZ","TCGA-BH-A0BZ-11A"
"5c762004-330d-44b8-9ca7-9dd157009f9b","TXT","TCGA-BH-A1FE-11B-14D-A13T-05","open","272aaf82-6a11-48c8-a195-c67f5d2c7179.methylation_array.sesame.level3betas.txt","a03abc41-ca55-4548-b032-1608f144e604","DNA Methylation","methylation_beta_value","Illumina Human Methylation 450",13190846,"2023-07-14T13:42:27.927276-05:00","63d21fb7b03c05c5690e24bf393a2d16","2023-07-18T10:25:28.070673-05:00","5c762004-330d-44b8-9ca7-9dd157009f9b","Methylation Beta Value","released","Methylation Array","2","38.0 - 45.0","TCGA-BRCA","be151601-94cf-4bd0-b5d9-cfe313decc8b","released","272aaf82-6a11-48c8-a195-c67f5d2c7179","quay.io/ncigdc","SeSAMe Methylation Beta Estimation","f8ef9dc6375573fc05fee47b70278d89f79a4cd7","Solid Tissue Normal",NA,"TCGA-BH-A1FE","TCGA-BH-A1FE-11B"
"d9b12eaf-f336-4a58-888d-d5fc44677cce","TXT","TCGA-A1-A0SH-01A-11D-A10P-05","open","0c39af8b-d9c8-49b5-a244-bd585051012c.methylation_array.sesame.level3betas.txt","6dac8c09-ae28-4f07-93db-799781cc139a","DNA Methylation","methylation_beta_value","Illumina Human Methylation 450",13054694,"2023-07-14T13:11:10.854901-05:00","7e5ec867ad6d2fdfcc5af5fbd47585c7","2023-07-18T10:27:02.381924-05:00","d9b12eaf-f336-4a58-888d-d5fc44677cce","Methylation Beta Value","released","Methylation Array","2","38.0 - 45.0","TCGA-BRCA","23aaae92-8dea-46ce-9ff2-f9c2ddc3f82d","released","0c39af8b-d9c8-49b5-a244-bd585051012c","quay.io/ncigdc","SeSAMe Methylation Beta Estimation","f8ef9dc6375573fc05fee47b70278d89f79a4cd7","Primary Tumor",NA,"TCGA-A1-A0SH","TCGA-A1-A0SH-01A"
"7faf514e-0d2e-4dc8-98dc-2d723d21a356","TXT","TCGA-BH-A1EN-11A-23D-A13T-05","open","2ee148f9-f142-417b-85e4-f689380e1315.methylation_array.sesame.level3betas.txt","045eacc8-9c63-42c3-bd70-ab4b8151aa8e","DNA Methylation","methylation_beta_value","Illumina Human Methylation 450",13180295,"2023-07-14T13:27:02.054185-05:00","7aaa92a7bee98643d008241ef77f5c6f","2023-07-18T10:27:26.044906-05:00","7faf514e-0d2e-4dc8-98dc-2d723d21a356","Methylation Beta Value","released","Methylation Array","2","38.0 - 45.0","TCGA-BRCA","d97aab18-5011-4140-9eb3-775783769fa9","released","2ee148f9-f142-417b-85e4-f689380e1315","quay.io/ncigdc","SeSAMe Methylation Beta Estimation","dc9467b78cf538a0430cd4027dc5092f77d47e20","Solid Tissue Normal",NA,"TCGA-BH-A1EN","TCGA-BH-A1EN-11A"
"7e25b571-718e-446b-acbd-87b72ba24aa6","TXT","TCGA-BH-A1EN-01A-11D-A13K-05","open","01fb64b9-66cb-40cb-b0a8-4ef814d9a475.methylation_array.sesame.level3betas.txt","f568f453-ddda-4548-a53f-b779867a1d17","DNA Methylation","methylation_beta_value","Illumina Human Methylation 450",13140328,"2023-07-14T13:19:48.326817-05:00","55bcee4cceb2bcb7055c172157d52db1","2023-07-18T10:25:20.737861-05:00","7e25b571-718e-446b-acbd-87b72ba24aa6","Methylation Beta Value","released","Methylation Array","2","38.0 - 45.0","TCGA-BRCA","ba6c6800-0d72-4cbf-8b4b-44132052599d","released","01fb64b9-66cb-40cb-b0a8-4ef814d9a475","quay.io/ncigdc","SeSAMe Methylation Beta Estimation","9e258094ac9d4febe3721ceba25c1b8dbd1a27f8","Primary Tumor",NA,"TCGA-BH-A1EN","TCGA-BH-A1EN-01A"
"4a8279f6-d8a4-43bb-ad0f-ba4dac669edd","TXT","TCGA-A2-A3XT-01A-11D-A230-05","open","06f794d7-14e0-4776-bdab-72ce2e6a2904.methylation_array.sesame.level3betas.txt","6f5de441-43a4-4862-b5af-0c0205a7d7d9","DNA Methylation","methylation_beta_value","Illumina Human Methylation 450",13098666,"2023-07-14T13:18:50.132023-05:00","a9f59e36fb80a8dcb6bef7ecbf047ce6","2023-07-18T10:26:06.118023-05:00","4a8279f6-d8a4-43bb-ad0f-ba4dac669edd","Methylation Beta Value","released","Methylation Array","2","38.0 - 45.0","TCGA-BRCA","63a0524c-1314-4873-8930-6b328402d0fe","released","06f794d7-14e0-4776-bdab-72ce2e6a2904","quay.io/ncigdc","SeSAMe Methylation Beta Estimation","dc9467b78cf538a0430cd4027dc5092f77d47e20","Primary Tumor",NA,"TCGA-A2-A3XT","TCGA-A2-A3XT-01A"
"f08dc239-6906-4406-9b59-ac9914a6a484","TXT","TCGA-A7-A26F-01A-21D-A16A-05","open","79053798-bfb6-4a45-b5cf-7c0b63ea0c47.methylation_array.sesame.level3betas.txt","f3444d83-d285-429e-aa5a-2baa2f129776","DNA Methylation","methylation_beta_value","Illumina Human Methylation 450",13156974,"2023-07-14T13:20:31.682473-05:00","ec83923a308007ae7b869577549ac2be","2023-07-18T10:25:32.443899-05:00","f08dc239-6906-4406-9b59-ac9914a6a484","Methylation Beta Value","released","Methylation Array","2","38.0 - 45.0","TCGA-BRCA","09a8d803-075b-4ab6-941a-a06c93bb61f6","released","79053798-bfb6-4a45-b5cf-7c0b63ea0c47","quay.io/ncigdc","SeSAMe Methylation Beta Estimation","f8ef9dc6375573fc05fee47b70278d89f79a4cd7","Primary Tumor",NA,"TCGA-A7-A26F","TCGA-A7-A26F-01A"
"0207f5ef-f6ba-4a85-b5d6-01fcf953a8dc","TXT","TCGA-A7-A26F-01B-04D-A22R-05","open","aba8e3e5-2302-4fce-be2c-ae6e5f6fd73e.methylation_array.sesame.level3betas.txt","5fb3098a-328e-4ff7-8fb6-ee85ddcd96fc","DNA Methylation","methylation_beta_value","Illumina Human Methylation 450",13034633,"2023-07-14T13:45:10.551474-05:00","a552937abd56ba9636c87de94cc6c6a0","2023-07-18T10:24:46.313533-05:00","0207f5ef-f6ba-4a85-b5d6-01fcf953a8dc","Methylation Beta Value","released","Methylation Array","2","38.0 - 45.0","TCGA-BRCA","94c7b124-71ee-454f-ae8f-b4aa4c910e77","released","aba8e3e5-2302-4fce-be2c-ae6e5f6fd73e","quay.io/ncigdc","SeSAMe Methylation Beta Estimation","f8ef9dc6375573fc05fee47b70278d89f79a4cd7","Primary Tumor",NA,"TCGA-A7-A26F","TCGA-A7-A26F-01B"
"fb7324d7-1a2d-46f9-91e8-09623c0dcba1","TXT","TCGA-GM-A2DI-01A-31D-A18O-05","open","61434c69-6cbf-4dcb-aa09-010c0aebb9d4.methylation_array.sesame.level3betas.txt","525ab6f3-5e50-4b35-bfb5-5d9f857d5d4e","DNA Methylation","methylation_beta_value","Illumina Human Methylation 450",13175656,"2023-07-14T13:17:06.327390-05:00","c7bf3e445bfb89172dd99e6ffc5920fb","2023-07-18T10:26:12.634784-05:00","fb7324d7-1a2d-46f9-91e8-09623c0dcba1","Methylation Beta Value","released","Methylation Array","2","38.0 - 45.0","TCGA-BRCA","b1bf5557-1bec-4d77-b108-45e4d8d987ca","released","61434c69-6cbf-4dcb-aa09-010c0aebb9d4","quay.io/ncigdc","SeSAMe Methylation Beta Estimation","9e258094ac9d4febe3721ceba25c1b8dbd1a27f8","Primary Tumor",NA,"TCGA-GM-A2DI","TCGA-GM-A2DI-01A"
"74f776cd-2599-4d76-ab22-026944c648ea","TXT","TCGA-E9-A1N4-11A-33D-A14N-05","open","1610c0ca-0791-4e25-bc31-79c828dc14ff.methylation_array.sesame.level3betas.txt","02fe4675-8b1e-4d0e-8a3b-46e276037eac","DNA Methylation","methylation_beta_value","Illumina Human Methylation 450",13191013,"2023-07-14T13:27:14.973194-05:00","a0863bd47979ce4fe68987b9428c6d00","2023-07-18T10:27:06.128579-05:00","74f776cd-2599-4d76-ab22-026944c648ea","Methylation Beta Value","released","Methylation Array","2","38.0 - 45.0","TCGA-BRCA","37de65e6-5047-46aa-8c1b-132cfc223ae9","released","1610c0ca-0791-4e25-bc31-79c828dc14ff","quay.io/ncigdc","SeSAMe Methylation Beta Estimation","f8ef9dc6375573fc05fee47b70278d89f79a4cd7","Solid Tissue Normal",NA,"TCGA-E9-A1N4","TCGA-E9-A1N4-11A"
"1f8cd980-34c6-426c-90a5-349dfc2246a9","TXT","TCGA-A7-A3IY-01A-21D-A21R-05","open","0cc8dc59-3652-44be-9079-a0b3e55e11ad.methylation_array.sesame.level3betas.txt","01cd0a32-0f3e-4948-853e-301343435882","DNA Methylation","methylation_beta_value","Illumina Human Methylation 450",13163571,"2023-07-14T13:11:24.508278-05:00","f858c24ce6c6151d270d5dd39f9664ae","2023-07-18T10:24:41.523375-05:00","1f8cd980-34c6-426c-90a5-349dfc2246a9","Methylation Beta Value","released","Methylation Array","2","38.0 - 45.0","TCGA-BRCA","9c14efe9-2498-4407-a7a3-0330ef402e70","released","0cc8dc59-3652-44be-9079-a0b3e55e11ad","quay.io/ncigdc","SeSAMe Methylation Beta Estimation","dc9467b78cf538a0430cd4027dc5092f77d47e20","Primary Tumor",NA,"TCGA-A7-A3IY","TCGA-A7-A3IY-01A"
"23bd59c4-b747-4a98-895b-d0755dad59c9","TXT","TCGA-A7-A13G-01B-04D-A22R-05","open","3748743e-5ce4-4462-89fb-05f16018cd4d.methylation_array.sesame.level3betas.txt","5b67ebb8-8609-4ab1-89a0-a6ea339743e4","DNA Methylation","methylation_beta_value","Illumina Human Methylation 450",13114728,"2023-07-14T13:23:26.831211-05:00","6cbd9b0421b4d512c4eb9aa5fcdf686e","2023-07-18T10:27:28.839195-05:00","23bd59c4-b747-4a98-895b-d0755dad59c9","Methylation Beta Value","released","Methylation Array","2","38.0 - 45.0","TCGA-BRCA","1ab2f732-141e-4492-9cdd-9a5e5e5bb18c","released","3748743e-5ce4-4462-89fb-05f16018cd4d","quay.io/ncigdc","SeSAMe Methylation Beta Estimation","dc9467b78cf538a0430cd4027dc5092f77d47e20","Primary Tumor",NA,"TCGA-A7-A13G","TCGA-A7-A13G-01B"
"25416def-ec28-433f-aa7c-bd98f6d19cfb","TXT","TCGA-A7-A13G-11A-51D-A13T-05","open","77194827-1481-4516-9dc8-47ffce2f4f87.methylation_array.sesame.level3betas.txt","20723182-b409-4a26-9fa3-64c9bbd03006","DNA Methylation","methylation_beta_value","Illumina Human Methylation 450",13186612,"2023-07-14T13:21:04.311282-05:00","fa53fb13ce0c989576a9510b4beeb9cc","2023-07-18T10:25:58.843489-05:00","25416def-ec28-433f-aa7c-bd98f6d19cfb","Methylation Beta Value","released","Methylation Array","2","38.0 - 45.0","TCGA-BRCA","5960b4b1-b34d-45d2-b40a-efa90b53ef73","released","77194827-1481-4516-9dc8-47ffce2f4f87","quay.io/ncigdc","SeSAMe Methylation Beta Estimation","dc9467b78cf538a0430cd4027dc5092f77d47e20","Solid Tissue Normal",NA,"TCGA-A7-A13G","TCGA-A7-A13G-11A"
"b988a5b1-f58e-476f-83ec-599f31a1b086","TXT","TCGA-BH-A0H3-01A-11D-A12R-05","open","01f3f68f-d5ce-4dff-adc6-e3c3014169a5.methylation_array.sesame.level3betas.txt","84f0adcc-b595-44e4-8897-e3351405e62f","DNA Methylation","methylation_beta_value","Illumina Human Methylation 450",13074733,"2023-07-14T13:42:52.615343-05:00","d16288d2566aa09c10bca018362c0127","2023-07-18T10:27:02.241439-05:00","b988a5b1-f58e-476f-83ec-599f31a1b086","Methylation Beta Value","released","Methylation Array","2","38.0 - 45.0","TCGA-BRCA","71f099a3-1e28-4859-ac96-37c89b534516","released","01f3f68f-d5ce-4dff-adc6-e3c3014169a5","quay.io/ncigdc","SeSAMe Methylation Beta Estimation","dc9467b78cf538a0430cd4027dc5092f77d47e20","Primary Tumor",NA,"TCGA-BH-A0H3","TCGA-BH-A0H3-01A"
"4c3055e0-7f0a-468d-87f4-12c8b95ebad4","TXT","TCGA-V7-A7HQ-01A-11D-A33F-05","open","e683dd22-98ab-476b-92f4-f752a7484072.methylation_array.sesame.level3betas.txt","58415dc3-6b82-42ab-a551-753fd83c76cb","DNA Methylation","methylation_beta_value","Illumina Human Methylation 450",13158032,"2023-07-14T13:23:54.872947-05:00","576300df40eaaff550cbaff229bdb1f8","2023-07-18T10:27:16.415304-05:00","4c3055e0-7f0a-468d-87f4-12c8b95ebad4","Methylation Beta Value","released","Methylation Array","2","38.0 - 45.0","TCGA-BRCA","71350632-0e2c-4604-8b9f-e5deada8e11a","released","e683dd22-98ab-476b-92f4-f752a7484072","quay.io/ncigdc","SeSAMe Methylation Beta Estimation","dc9467b78cf538a0430cd4027dc5092f77d47e20","Primary Tumor",NA,"TCGA-V7-A7HQ","TCGA-V7-A7HQ-01A"
"7b19b2c6-dca5-4804-be1d-4eb366538a5f","TXT","TCGA-GM-A2D9-01A-11D-A18O-05","open","55a058c7-728a-4675-85cc-1b2d840ec24a.methylation_array.sesame.level3betas.txt","b1adecb1-e0ba-4acd-8fe3-eb565d08742d","DNA Methylation","methylation_beta_value","Illumina Human Methylation 450",13175439,"2023-07-14T13:12:49.887144-05:00","76373ced8dfe17ee25bdc817235ee552","2023-07-18T10:26:12.044594-05:00","7b19b2c6-dca5-4804-be1d-4eb366538a5f","Methylation Beta Value","released","Methylation Array","2","38.0 - 45.0","TCGA-BRCA","2d5a5cc1-a4a1-4ba7-a491-9ef3ffdb70cc","released","55a058c7-728a-4675-85cc-1b2d840ec24a","quay.io/ncigdc","SeSAMe Methylation Beta Estimation","9e258094ac9d4febe3721ceba25c1b8dbd1a27f8","Primary Tumor",NA,"TCGA-GM-A2D9","TCGA-GM-A2D9-01A"
"3b5289e7-3276-4663-b4e3-90882945a8d9","TXT","TCGA-E2-A1II-11A-21D-A145-05","open","94d16d67-a127-4173-af48-204144c8b336.methylation_array.sesame.level3betas.txt","20c7d4f5-5d8b-45b0-9ddc-e8a7247b66d5","DNA Methylation","methylation_beta_value","Illumina Human Methylation 450",13205834,"2023-07-14T13:30:47.970616-05:00","7c744944d84e70b8464ae4faf64fed35","2023-07-18T10:26:12.772838-05:00","3b5289e7-3276-4663-b4e3-90882945a8d9","Methylation Beta Value","released","Methylation Array","2","38.0 - 45.0","TCGA-BRCA","031de615-eb74-4aec-992a-aabf324af8d2","released","94d16d67-a127-4173-af48-204144c8b336","quay.io/ncigdc","SeSAMe Methylation Beta Estimation","f8ef9dc6375573fc05fee47b70278d89f79a4cd7","Solid Tissue Normal",NA,"TCGA-E2-A1II","TCGA-E2-A1II-11A"
"5f68b75b-56b7-4743-823a-441b7b0d5bf7","TXT","TCGA-GM-A3XL-01A-11D-A230-05","open","578d8f7b-90b1-41c4-a90d-1753570d5740.methylation_array.sesame.level3betas.txt","4fbb18a4-cda2-44ad-bfc4-ae5589178c58","DNA Methylation","methylation_beta_value","Illumina Human Methylation 450",12998315,"2023-07-14T13:45:50.000927-05:00","e92e269f60a34361c1d23358c3e211fe","2023-07-18T10:25:18.625855-05:00","5f68b75b-56b7-4743-823a-441b7b0d5bf7","Methylation Beta Value","released","Methylation Array","2","38.0 - 45.0","TCGA-BRCA","b224da3e-3210-46e5-85d1-d742bef9b5df","released","578d8f7b-90b1-41c4-a90d-1753570d5740","quay.io/ncigdc","SeSAMe Methylation Beta Estimation","9e258094ac9d4febe3721ceba25c1b8dbd1a27f8","Primary Tumor",NA,"TCGA-GM-A3XL","TCGA-GM-A3XL-01A"
"f9f7dcd7-1adc-4109-a1eb-b33942664c27","TXT","TCGA-GI-A2C8-01A-11D-A16G-05","open","efac2d77-c56d-4cec-b335-88e19631b539.methylation_array.sesame.level3betas.txt","dae2d2dc-39fd-4010-9d1d-ccbe0779dbf7","DNA Methylation","methylation_beta_value","Illumina Human Methylation 450",13136693,"2023-07-14T13:10:32.871980-05:00","80d28d54683b0755a1ac2d75c8d84661","2023-07-18T10:27:01.282398-05:00","f9f7dcd7-1adc-4109-a1eb-b33942664c27","Methylation Beta Value","released","Methylation Array","2","38.0 - 45.0","TCGA-BRCA","c719f140-eb89-4753-a752-a4c103814c92","released","efac2d77-c56d-4cec-b335-88e19631b539","quay.io/ncigdc","SeSAMe Methylation Beta Estimation","f8ef9dc6375573fc05fee47b70278d89f79a4cd7","Primary Tumor",NA,"TCGA-GI-A2C8","TCGA-GI-A2C8-01A"
"07602c2e-ae87-478a-a7f1-1a45ea184345","TXT","TCGA-AR-A2LL-01A-11D-A17Z-05","open","55ec9021-d0ce-4c1c-bab8-ab467625ee94.methylation_array.sesame.level3betas.txt","a3306b83-e38f-44dc-8d34-d9fe47b97510","DNA Methylation","methylation_beta_value","Illumina Human Methylation 450",13187819,"2023-07-14T13:23:32.921827-05:00","c0efdf5975eba8e78a80d6b1cc7233f0","2023-07-18T10:24:36.996348-05:00","07602c2e-ae87-478a-a7f1-1a45ea184345","Methylation Beta Value","released","Methylation Array","2","38.0 - 45.0","TCGA-BRCA","8c012c11-98d0-4e91-8660-aa8a3b4f348e","released","55ec9021-d0ce-4c1c-bab8-ab467625ee94","quay.io/ncigdc","SeSAMe Methylation Beta Estimation","dc9467b78cf538a0430cd4027dc5092f77d47e20","Primary Tumor",NA,"TCGA-AR-A2LL","TCGA-AR-A2LL-01A"
"557fc5c9-9317-431b-93ec-a550f8bb31dd","TXT","TCGA-PL-A8LV-01A-21D-A41Q-05","open","47530d26-06ac-45b5-bf5a-79d5fb49a29f.methylation_array.sesame.level3betas.txt","da46aa61-3efc-4832-ae77-266ede552928","DNA Methylation","methylation_beta_value","Illumina Human Methylation 450",13140207,"2023-07-14T13:39:09.243732-05:00","a470a46056266c8627d1efdc57813ad7","2023-07-18T10:26:52.903320-05:00","557fc5c9-9317-431b-93ec-a550f8bb31dd","Methylation Beta Value","released","Methylation Array","2","38.0 - 45.0","TCGA-BRCA","c95549db-fb6f-41da-ae29-5517c3030ab8","released","47530d26-06ac-45b5-bf5a-79d5fb49a29f","quay.io/ncigdc","SeSAMe Methylation Beta Estimation","f8ef9dc6375573fc05fee47b70278d89f79a4cd7","Primary Tumor",NA,"TCGA-PL-A8LV","TCGA-PL-A8LV-01A"
"f296e297-c8a8-419b-8726-9de78be0f150","TXT","TCGA-E2-A1L7-01A-11D-A145-05","open","1768d242-9cd3-44cf-b70a-5bc9752e81be.methylation_array.sesame.level3betas.txt","4ca928eb-a29a-4082-92b1-628e8823e153","DNA Methylation","methylation_beta_value","Illumina Human Methylation 450",13180842,"2023-07-14T13:11:59.064959-05:00","4c0d91f6b49eed5fea6fc8ecc753d3e5","2023-07-18T10:26:16.808201-05:00","f296e297-c8a8-419b-8726-9de78be0f150","Methylation Beta Value","released","Methylation Array","2","38.0 - 45.0","TCGA-BRCA","aa49daef-916c-4962-9bd7-6d05463d2e28","released","1768d242-9cd3-44cf-b70a-5bc9752e81be","quay.io/ncigdc","SeSAMe Methylation Beta Estimation","9e258094ac9d4febe3721ceba25c1b8dbd1a27f8","Primary Tumor",NA,"TCGA-E2-A1L7","TCGA-E2-A1L7-01A"
"313475f8-12ed-4d5c-adcb-c3e3607c4e9c","TXT","TCGA-C8-A274-01A-11D-A16G-05","open","7fd44389-6635-4819-810b-27d78eafebea.methylation_array.sesame.level3betas.txt","5651efb9-53d0-496b-bd0d-259c07a27006","DNA Methylation","methylation_beta_value","Illumina Human Methylation 450",13165890,"2023-07-14T13:21:13.460236-05:00","3d42d76bd562375817f4bbbf073a88e4","2023-07-18T10:24:44.209397-05:00","313475f8-12ed-4d5c-adcb-c3e3607c4e9c","Methylation Beta Value","released","Methylation Array","2","38.0 - 45.0","TCGA-BRCA","eb9b537f-3b34-4eea-9566-add6de8204a3","released","7fd44389-6635-4819-810b-27d78eafebea","quay.io/ncigdc","SeSAMe Methylation Beta Estimation","f8ef9dc6375573fc05fee47b70278d89f79a4cd7","Primary Tumor",NA,"TCGA-C8-A274","TCGA-C8-A274-01A"
"b1608c37-1104-482b-947e-b5e2f84b01d8","TXT","TCGA-E9-A1R4-01A-21D-A14H-05","open","e4d0900f-8165-4b39-82b0-8eb393684cc4.methylation_array.sesame.level3betas.txt","5a85590d-608a-40f0-9667-7d9f29155ec7","DNA Methylation","methylation_beta_value","Illumina Human Methylation 450",13147590,"2023-07-14T13:17:45.215971-05:00","8344f45dd9181fdc6c1cb3d500ad7efd","2023-07-18T10:26:01.605827-05:00","b1608c37-1104-482b-947e-b5e2f84b01d8","Methylation Beta Value","released","Methylation Array","2","38.0 - 45.0","TCGA-BRCA","757b697c-0201-47ca-b080-7d95e3e780d3","released","e4d0900f-8165-4b39-82b0-8eb393684cc4","quay.io/ncigdc","SeSAMe Methylation Beta Estimation","dc9467b78cf538a0430cd4027dc5092f77d47e20","Primary Tumor",NA,"TCGA-E9-A1R4","TCGA-E9-A1R4-01A"
"b407a72e-e4a4-4097-9cb9-48d6638b8ec3","TXT","TCGA-EW-A6SD-01A-12D-A33F-05","open","bec69ad1-a687-477d-8ee2-f98117dba24f.methylation_array.sesame.level3betas.txt","23c709c5-ad5e-49aa-910b-8d3e49ca4ffe","DNA Methylation","methylation_beta_value","Illumina Human Methylation 450",12987042,"2023-07-14T13:17:08.248741-05:00","19d604032ef2d9a75567095a5114eff8","2023-07-18T10:26:24.282949-05:00","b407a72e-e4a4-4097-9cb9-48d6638b8ec3","Methylation Beta Value","released","Methylation Array","2","38.0 - 45.0","TCGA-BRCA","150a0ecc-1500-4d31-98dd-c5ccfd08dc18","released","bec69ad1-a687-477d-8ee2-f98117dba24f","quay.io/ncigdc","SeSAMe Methylation Beta Estimation","f8ef9dc6375573fc05fee47b70278d89f79a4cd7","Primary Tumor",NA,"TCGA-EW-A6SD","TCGA-EW-A6SD-01A"
"3ba6001e-3417-4fdb-b3c1-ef0b21abe6ee","TXT","TCGA-E2-A1LE-01A-12D-A19Z-05","open","690e26f0-a4fd-4262-a460-1775a5defd7e.methylation_array.sesame.level3betas.txt","0cb00ad8-38b7-4671-a24e-499016e976b6","DNA Methylation","methylation_beta_value","Illumina Human Methylation 450",13149756,"2023-07-14T13:24:50.154864-05:00","fa9b0b055d3a308ddd68bd07134f02a5","2023-07-18T10:24:44.909419-05:00","3ba6001e-3417-4fdb-b3c1-ef0b21abe6ee","Methylation Beta Value","released","Methylation Array","2","38.0 - 45.0","TCGA-BRCA","ff751df2-13b3-47e1-affc-26ea513db3ae","released","690e26f0-a4fd-4262-a460-1775a5defd7e","quay.io/ncigdc","SeSAMe Methylation Beta Estimation","f8ef9dc6375573fc05fee47b70278d89f79a4cd7","Primary Tumor",NA,"TCGA-E2-A1LE","TCGA-E2-A1LE-01A"
"56f84d48-73f8-4459-93c7-ed1eaf26b956","TXT","TCGA-BH-A1FD-11B-21D-A13T-05","open","87f77bcd-1cf6-49cf-9126-9447bfc57410.methylation_array.sesame.level3betas.txt","34df3f71-e178-488a-bf98-3b47eeca7abb","DNA Methylation","methylation_beta_value","Illumina Human Methylation 450",13117966,"2023-07-14T13:25:39.958508-05:00","52413ad2bc36d6485e788cc22e8147cc","2023-07-18T10:27:23.390162-05:00","56f84d48-73f8-4459-93c7-ed1eaf26b956","Methylation Beta Value","released","Methylation Array","2","38.0 - 45.0","TCGA-BRCA","4d7944c9-d400-456f-a667-b5386eb625cc","released","87f77bcd-1cf6-49cf-9126-9447bfc57410","quay.io/ncigdc","SeSAMe Methylation Beta Estimation","dc9467b78cf538a0430cd4027dc5092f77d47e20","Solid Tissue Normal",NA,"TCGA-BH-A1FD","TCGA-BH-A1FD-11B"
"48caa865-a631-4514-804c-7ca1f2e6b149","TXT","TCGA-D8-A1JJ-01A-31D-A14N-05","open","ea7989e0-a14b-41fe-b5a8-e0b47a1ae01f.methylation_array.sesame.level3betas.txt","7c27d4e5-4bfe-4a01-96ef-a81905aa776a","DNA Methylation","methylation_beta_value","Illumina Human Methylation 450",13135742,"2023-07-14T13:34:29.252005-05:00","bf12e740a31361f9039e5ff84a48750f","2023-07-18T10:25:56.781006-05:00","48caa865-a631-4514-804c-7ca1f2e6b149","Methylation Beta Value","released","Methylation Array","2","38.0 - 45.0","TCGA-BRCA","217f7948-e818-47b4-a29f-3b9bbfbe6a9d","released","ea7989e0-a14b-41fe-b5a8-e0b47a1ae01f","quay.io/ncigdc","SeSAMe Methylation Beta Estimation","9e258094ac9d4febe3721ceba25c1b8dbd1a27f8","Primary Tumor",NA,"TCGA-D8-A1JJ","TCGA-D8-A1JJ-01A"
"5284c807-97a9-4264-980c-d34bd2c6fe77","TXT","TCGA-BH-A0HA-11A-31D-A12R-05","open","442631ff-566b-4ae2-8e07-7bb4d8c3e7cc.methylation_array.sesame.level3betas.txt","de53c62c-1bf0-45eb-9c38-c2b0756a8a1f","DNA Methylation","methylation_beta_value","Illumina Human Methylation 450",13049007,"2023-07-14T13:10:49.638786-05:00","fd4a748b7dc63bf245b2c58426eeadff","2023-07-18T10:26:39.975633-05:00","5284c807-97a9-4264-980c-d34bd2c6fe77","Methylation Beta Value","released","Methylation Array","2","38.0 - 45.0","TCGA-BRCA","27e1687e-2b2b-4adb-a8d6-b18f03be114e","released","442631ff-566b-4ae2-8e07-7bb4d8c3e7cc","quay.io/ncigdc","SeSAMe Methylation Beta Estimation","f8ef9dc6375573fc05fee47b70278d89f79a4cd7","Solid Tissue Normal",NA,"TCGA-BH-A0HA","TCGA-BH-A0HA-11A"
"9ea250cd-a62b-4ede-a159-2853e47d1a23","TXT","TCGA-S3-AA11-01A-31D-A41Q-05","open","3e4eb595-9c45-4f67-8c00-8fdcf9090e1c.methylation_array.sesame.level3betas.txt","a67cab1a-977e-4e6b-8f1f-dc5eff1630ee","DNA Methylation","methylation_beta_value","Illumina Human Methylation 450",13108562,"2023-07-14T13:36:52.283854-05:00","1aaeebb541e490d48445f35e31642d44","2023-07-18T10:25:57.462437-05:00","9ea250cd-a62b-4ede-a159-2853e47d1a23","Methylation Beta Value","released","Methylation Array","2","38.0 - 45.0","TCGA-BRCA","bb2c5734-48a6-43ca-beca-7869cc1d82ac","released","3e4eb595-9c45-4f67-8c00-8fdcf9090e1c","quay.io/ncigdc","SeSAMe Methylation Beta Estimation","dc9467b78cf538a0430cd4027dc5092f77d47e20","Primary Tumor",NA,"TCGA-S3-AA11","TCGA-S3-AA11-01A"
"cbfd8ad9-391d-4111-a114-b3323051aa78","TXT","TCGA-A1-A0SB-01A-11D-A145-05","open","33fbc3aa-c3f3-47b3-99dc-fd0f70422151.methylation_array.sesame.level3betas.txt","499a2e3e-e3ed-4c45-965e-ade25d581491","DNA Methylation","methylation_beta_value","Illumina Human Methylation 450",13216058,"2023-07-14T13:31:30.981289-05:00","c42024a19917a208e84240f2aba825eb","2023-07-18T10:25:28.623649-05:00","cbfd8ad9-391d-4111-a114-b3323051aa78","Methylation Beta Value","released","Methylation Array","2","38.0 - 45.0","TCGA-BRCA","0fe7e806-3a88-47b7-8189-4d2455a0287c","released","33fbc3aa-c3f3-47b3-99dc-fd0f70422151","quay.io/ncigdc","SeSAMe Methylation Beta Estimation","f8ef9dc6375573fc05fee47b70278d89f79a4cd7","Primary Tumor",NA,"TCGA-A1-A0SB","TCGA-A1-A0SB-01A"
"2e1a70ba-6baf-463f-8ff9-9ab6356263e2","TXT","TCGA-AC-A2FG-01A-11D-A17F-05","open","7092b0cc-6342-4043-9a89-7de7c395db83.methylation_array.sesame.level3betas.txt","07f91fad-5c8f-4533-878a-e555f36c3790","DNA Methylation","methylation_beta_value","Illumina Human Methylation 450",13110825,"2023-07-14T13:43:52.514793-05:00","05caeff9523ad672a11a319a6c09be25","2023-07-18T10:26:36.840682-05:00","2e1a70ba-6baf-463f-8ff9-9ab6356263e2","Methylation Beta Value","released","Methylation Array","2","38.0 - 45.0","TCGA-BRCA","e178322a-1995-4ec5-ab65-7740bcdb3631","released","7092b0cc-6342-4043-9a89-7de7c395db83","quay.io/ncigdc","SeSAMe Methylation Beta Estimation","dc9467b78cf538a0430cd4027dc5092f77d47e20","Primary Tumor",NA,"TCGA-AC-A2FG","TCGA-AC-A2FG-01A"
"44fd5583-6d6a-4589-af2a-76854f207147","TXT","TCGA-A2-A0CR-01A-11D-A22B-05","open","8a6ebcbf-1d3f-4b3c-ae8b-33776c1c58df.methylation_array.sesame.level3betas.txt","3305043d-2e89-4084-83ed-7fe4a2356cf3","DNA Methylation","methylation_beta_value","Illumina Human Methylation 450",13173407,"2023-07-14T13:32:56.334544-05:00","5014a6d490a75d429800c67c08cbd0ac","2023-07-18T10:26:30.184436-05:00","44fd5583-6d6a-4589-af2a-76854f207147","Methylation Beta Value","released","Methylation Array","2","38.0 - 45.0","TCGA-BRCA","791a31fd-70e7-44da-8e85-7a5add5b70a7","released","8a6ebcbf-1d3f-4b3c-ae8b-33776c1c58df","quay.io/ncigdc","SeSAMe Methylation Beta Estimation","dc9467b78cf538a0430cd4027dc5092f77d47e20","Primary Tumor",NA,"TCGA-A2-A0CR","TCGA-A2-A0CR-01A"
"c4d5be93-ba5b-4584-a848-61f303aa473a","TXT","TCGA-AC-A4ZE-01A-11D-A41Q-05","open","258a2c7f-93e3-4106-9435-b80bd6493e02.methylation_array.sesame.level3betas.txt","f04265b7-d4cd-4279-b57e-529fe47dd59d","DNA Methylation","methylation_beta_value","Illumina Human Methylation 450",13071316,"2023-07-14T13:20:40.880503-05:00","e43814b36af6c5aa207a0e2cf79164c6","2023-07-18T10:26:47.381290-05:00","c4d5be93-ba5b-4584-a848-61f303aa473a","Methylation Beta Value","released","Methylation Array","2","38.0 - 45.0","TCGA-BRCA","3c1d99c5-1212-42ec-a776-5b31947a2127","released","258a2c7f-93e3-4106-9435-b80bd6493e02","quay.io/ncigdc","SeSAMe Methylation Beta Estimation","f8ef9dc6375573fc05fee47b70278d89f79a4cd7","Primary Tumor",NA,"TCGA-AC-A4ZE","TCGA-AC-A4ZE-01A"
"ca3e43d4-54c0-44be-91ac-b898340e30d4","TXT","TCGA-A2-A25B-01A-11D-A16A-05","open","0c9c926f-ab5e-43a0-a91f-0e5b3a43ddcf.methylation_array.sesame.level3betas.txt","7b2bba7c-c923-461e-b1d8-eb39010720d2","DNA Methylation","methylation_beta_value","Illumina Human Methylation 450",12980935,"2023-07-14T13:38:47.157437-05:00","f32f3d77f2694a0076dbadfe490606ee","2023-07-18T10:26:33.509909-05:00","ca3e43d4-54c0-44be-91ac-b898340e30d4","Methylation Beta Value","released","Methylation Array","2","38.0 - 45.0","TCGA-BRCA","6f73b7b6-9024-48c8-9395-a5f9d3424978","released","0c9c926f-ab5e-43a0-a91f-0e5b3a43ddcf","quay.io/ncigdc","SeSAMe Methylation Beta Estimation","dc9467b78cf538a0430cd4027dc5092f77d47e20","Primary Tumor",NA,"TCGA-A2-A25B","TCGA-A2-A25B-01A"
"181d24ea-f194-4611-a954-b3b24d64d3eb","TXT","TCGA-BH-A0BM-01A-11D-A10P-05","open","f87822d3-218a-4207-8051-a8d1352a25f8.methylation_array.sesame.level3betas.txt","c83ef365-bf3e-4fad-92d9-a0b000361b94","DNA Methylation","methylation_beta_value","Illumina Human Methylation 450",12918148,"2023-07-14T13:22:25.716027-05:00","7c0f96612d162c86d374bc1e954b8e32","2023-07-18T10:27:29.106355-05:00","181d24ea-f194-4611-a954-b3b24d64d3eb","Methylation Beta Value","released","Methylation Array","2","38.0 - 45.0","TCGA-BRCA","ecb1e110-ccb2-4ff5-b0e8-3944c59aa047","released","f87822d3-218a-4207-8051-a8d1352a25f8","quay.io/ncigdc","SeSAMe Methylation Beta Estimation","dc9467b78cf538a0430cd4027dc5092f77d47e20","Primary Tumor",NA,"TCGA-BH-A0BM","TCGA-BH-A0BM-01A"
"66650c3e-5bd8-4264-a465-30b4c556e3ed","TXT","TCGA-AO-A0JD-01A-11D-A10P-05","open","1dc5240a-ec06-451e-937e-010e1cd46067.methylation_array.sesame.level3betas.txt","33f02647-de31-4c84-9cf2-689df5cc1162","DNA Methylation","methylation_beta_value","Illumina Human Methylation 450",12895126,"2023-07-14T13:44:28.638248-05:00","fc4ed68b961c2399c696e2adf1ab4967","2023-07-18T10:26:45.152818-05:00","66650c3e-5bd8-4264-a465-30b4c556e3ed","Methylation Beta Value","released","Methylation Array","2","38.0 - 45.0","TCGA-BRCA","91ff5090-50ad-48fe-a7c0-8a294cf1df80","released","1dc5240a-ec06-451e-937e-010e1cd46067","quay.io/ncigdc","SeSAMe Methylation Beta Estimation","dc9467b78cf538a0430cd4027dc5092f77d47e20","Primary Tumor",NA,"TCGA-AO-A0JD","TCGA-AO-A0JD-01A"
"2f71fa34-7cff-4883-bd69-464d36ae1ebf","TXT","TCGA-D8-A1JG-01B-11D-A13K-05","open","368cf2d6-2394-4f9b-abd0-989e43d8dc78.methylation_array.sesame.level3betas.txt","e2baa3a8-76c3-44cc-9549-e95a25f97834","DNA Methylation","methylation_beta_value","Illumina Human Methylation 450",13108168,"2023-07-14T13:20:07.086350-05:00","cae961b99c0bcddd5fc8213d59f8203d","2023-07-18T10:25:16.196414-05:00","2f71fa34-7cff-4883-bd69-464d36ae1ebf","Methylation Beta Value","released","Methylation Array","2","38.0 - 45.0","TCGA-BRCA","f6c6c810-6965-4b42-bcb1-135be218af3e","released","368cf2d6-2394-4f9b-abd0-989e43d8dc78","quay.io/ncigdc","SeSAMe Methylation Beta Estimation","9e258094ac9d4febe3721ceba25c1b8dbd1a27f8","Primary Tumor",NA,"TCGA-D8-A1JG","TCGA-D8-A1JG-01B"
"61bcefd1-220e-49c1-9458-46ec52928ccf","TXT","TCGA-E9-A6HE-01A-11D-A31V-05","open","68af26da-eac0-4aae-99f2-74656bbfe13a.methylation_array.sesame.level3betas.txt","ffd45324-7cce-4789-861b-442cfa505768","DNA Methylation","methylation_beta_value","Illumina Human Methylation 450",12901887,"2023-07-14T13:37:57.486414-05:00","aa9ab908b376ae0e9036c656c9782cac","2023-07-18T10:24:40.182240-05:00","61bcefd1-220e-49c1-9458-46ec52928ccf","Methylation Beta Value","released","Methylation Array","2","38.0 - 45.0","TCGA-BRCA","9c88ad1b-ccee-4bd4-a3c1-9555333589a5","released","68af26da-eac0-4aae-99f2-74656bbfe13a","quay.io/ncigdc","SeSAMe Methylation Beta Estimation","f8ef9dc6375573fc05fee47b70278d89f79a4cd7","Primary Tumor",NA,"TCGA-E9-A6HE","TCGA-E9-A6HE-01A"
"a8b8f6bb-9314-470a-844f-4aa6f8c40579","TXT","TCGA-D8-A1Y2-01A-11D-A161-05","open","dafe76fc-4199-4109-b2bc-008e9aa577ae.methylation_array.sesame.level3betas.txt","aa3da70a-8da8-493f-8759-31b5a4625c1e","DNA Methylation","methylation_beta_value","Illumina Human Methylation 450",13111730,"2023-07-14T13:30:42.380139-05:00","301b75e2bde840a6de3798290acfeaa5","2023-07-18T10:25:40.048818-05:00","a8b8f6bb-9314-470a-844f-4aa6f8c40579","Methylation Beta Value","released","Methylation Array","2","38.0 - 45.0","TCGA-BRCA","209416d5-d87a-46e4-ad01-1f8960fec057","released","dafe76fc-4199-4109-b2bc-008e9aa577ae","quay.io/ncigdc","SeSAMe Methylation Beta Estimation","f8ef9dc6375573fc05fee47b70278d89f79a4cd7","Primary Tumor",NA,"TCGA-D8-A1Y2","TCGA-D8-A1Y2-01A"
"37591761-f25b-4efc-a4b0-6907efdea1b9","TXT","TCGA-BH-A1F5-01A-12D-A13K-05","open","87d88046-ed7c-4a63-8be2-ac6d9a3243da.methylation_array.sesame.level3betas.txt","4707ce95-77c4-4dda-90bb-e8f551aef758","DNA Methylation","methylation_beta_value","Illumina Human Methylation 450",13114071,"2023-07-14T13:29:07.827836-05:00","cd6249e6bee666e9c4557997c00e4cd2","2023-07-18T10:25:19.034137-05:00","37591761-f25b-4efc-a4b0-6907efdea1b9","Methylation Beta Value","released","Methylation Array","2","38.0 - 45.0","TCGA-BRCA","8b311739-5b6f-4fac-83ab-60ff84be030d","released","87d88046-ed7c-4a63-8be2-ac6d9a3243da","quay.io/ncigdc","SeSAMe Methylation Beta Estimation","9e258094ac9d4febe3721ceba25c1b8dbd1a27f8","Primary Tumor",NA,"TCGA-BH-A1F5","TCGA-BH-A1F5-01A"
"0547f301-e5c3-4a75-8d63-5c8ca12d9b64","TXT","TCGA-A2-A0YT-01A-11D-A10A-05","open","37482b8b-151c-431c-9143-7d15c91b2765.methylation_array.sesame.level3betas.txt","dbf33d6c-d2ec-4257-9759-69d4e38c470c","DNA Methylation","methylation_beta_value","Illumina Human Methylation 450",12891150,"2023-07-14T13:16:48.646684-05:00","f8b98d534361c7c55d36dcf25475ce21","2023-07-18T10:26:42.938554-05:00","0547f301-e5c3-4a75-8d63-5c8ca12d9b64","Methylation Beta Value","released","Methylation Array","2","38.0 - 45.0","TCGA-BRCA","9f797052-6dbe-48c2-bceb-4f35e216d28f","released","37482b8b-151c-431c-9143-7d15c91b2765","quay.io/ncigdc","SeSAMe Methylation Beta Estimation","dc9467b78cf538a0430cd4027dc5092f77d47e20","Primary Tumor",NA,"TCGA-A2-A0YT","TCGA-A2-A0YT-01A"
"a692ae5b-4b2a-4fe7-8eef-3694404904f2","TXT","TCGA-D8-A27G-01A-11D-A16G-05","open","cdfdf512-aea9-4955-a92c-70db839993b3.methylation_array.sesame.level3betas.txt","23218ed7-b8b8-4d33-80b8-5561596adbaa","DNA Methylation","methylation_beta_value","Illumina Human Methylation 450",13166991,"2023-07-14T13:35:26.292476-05:00","2d648221d8966f72b503ae779acbabfc","2023-07-18T10:27:18.777459-05:00","a692ae5b-4b2a-4fe7-8eef-3694404904f2","Methylation Beta Value","released","Methylation Array","2","38.0 - 45.0","TCGA-BRCA","685c4839-5449-4955-8b8a-a78bffe7e07e","released","cdfdf512-aea9-4955-a92c-70db839993b3","quay.io/ncigdc","SeSAMe Methylation Beta Estimation","dc9467b78cf538a0430cd4027dc5092f77d47e20","Primary Tumor",NA,"TCGA-D8-A27G","TCGA-D8-A27G-01A"
"80dae6a4-019d-4b49-9bfc-bebba62d7137","TXT","TCGA-E9-A1NF-01A-11D-A14H-05","open","e0aec478-1580-4885-b759-fc2fcdc80b3b.methylation_array.sesame.level3betas.txt","3dd22508-3169-4799-9652-1f7fc24f1fb3","DNA Methylation","methylation_beta_value","Illumina Human Methylation 450",13154732,"2023-07-14T13:17:15.592931-05:00","90e493022650d51cfeb1d95856030e71","2023-07-18T10:26:08.966737-05:00","80dae6a4-019d-4b49-9bfc-bebba62d7137","Methylation Beta Value","released","Methylation Array","2","38.0 - 45.0","TCGA-BRCA","202d53ed-fa54-4483-8347-657f198e85b2","released","e0aec478-1580-4885-b759-fc2fcdc80b3b","quay.io/ncigdc","SeSAMe Methylation Beta Estimation","f8ef9dc6375573fc05fee47b70278d89f79a4cd7","Primary Tumor",NA,"TCGA-E9-A1NF","TCGA-E9-A1NF-01A"
"771f5dea-854a-4119-bc03-8f652d79a7b1","TXT","TCGA-C8-A1HN-01A-11D-A138-05","open","755e28ba-ce86-4dce-9746-971d0f449bf5.methylation_array.sesame.level3betas.txt","55c703cd-c94d-4ab9-806d-3c55a6a8b0d0","DNA Methylation","methylation_beta_value","Illumina Human Methylation 450",12840334,"2023-07-14T13:37:19.520013-05:00","606f4a7e3e4aff2f85f451fac8273353","2023-07-18T10:26:17.623006-05:00","771f5dea-854a-4119-bc03-8f652d79a7b1","Methylation Beta Value","released","Methylation Array","2","38.0 - 45.0","TCGA-BRCA","75c05aa6-950c-4b55-a97b-1c3ba6d8bb29","released","755e28ba-ce86-4dce-9746-971d0f449bf5","quay.io/ncigdc","SeSAMe Methylation Beta Estimation","9e258094ac9d4febe3721ceba25c1b8dbd1a27f8","Primary Tumor",NA,"TCGA-C8-A1HN","TCGA-C8-A1HN-01A"
"a02a0f94-cc33-473d-afa4-5e37271ab5f7","TXT","TCGA-EW-A1J2-01A-21D-A13K-05","open","e2a1ad0a-b9ed-49f1-bcd0-804233751455.methylation_array.sesame.level3betas.txt","af471d15-c5e0-47f0-954b-a4df3da36635","DNA Methylation","methylation_beta_value","Illumina Human Methylation 450",13182503,"2023-07-14T13:21:38.357499-05:00","acd8e7841d82f67235a49a0a16a65062","2023-07-18T10:27:25.177426-05:00","a02a0f94-cc33-473d-afa4-5e37271ab5f7","Methylation Beta Value","released","Methylation Array","2","38.0 - 45.0","TCGA-BRCA","e98e1001-d716-44c4-81da-69c3d3ec36ff","released","e2a1ad0a-b9ed-49f1-bcd0-804233751455","quay.io/ncigdc","SeSAMe Methylation Beta Estimation","dc9467b78cf538a0430cd4027dc5092f77d47e20","Primary Tumor",NA,"TCGA-EW-A1J2","TCGA-EW-A1J2-01A"
"1c260082-f43e-4d33-8906-5f445b05cb1c","TXT","TCGA-GM-A5PV-01A-11D-A28C-05","open","2c0e0943-0e1c-457a-8fc0-40aae901c2d8.methylation_array.sesame.level3betas.txt","e07c745e-9e52-49c7-952a-3dcd5ae4d379","DNA Methylation","methylation_beta_value","Illumina Human Methylation 450",13128309,"2023-07-14T13:20:57.418601-05:00","f91325f305fdbb2fed61f9ae0366b497","2023-07-18T10:26:29.791919-05:00","1c260082-f43e-4d33-8906-5f445b05cb1c","Methylation Beta Value","released","Methylation Array","2","38.0 - 45.0","TCGA-BRCA","cd1c26de-0e7b-4efa-a80a-4e434638ba82","released","2c0e0943-0e1c-457a-8fc0-40aae901c2d8","quay.io/ncigdc","SeSAMe Methylation Beta Estimation","f8ef9dc6375573fc05fee47b70278d89f79a4cd7","Primary Tumor",NA,"TCGA-GM-A5PV","TCGA-GM-A5PV-01A"
"eac8e873-7af4-4364-b777-857e6acd9887","TXT","TCGA-D8-A1XD-01A-11D-A14H-05","open","e42f8235-ed1b-4286-b35d-63b0f34ee65c.methylation_array.sesame.level3betas.txt","ebdbf005-8a25-4084-b8ca-bad34e7070aa","DNA Methylation","methylation_beta_value","Illumina Human Methylation 450",13181627,"2023-07-14T13:09:04.896943-05:00","e5db387ea8d451787f1782c61ba740d0","2023-07-18T10:26:31.494181-05:00","eac8e873-7af4-4364-b777-857e6acd9887","Methylation Beta Value","released","Methylation Array","2","38.0 - 45.0","TCGA-BRCA","b98335e1-24aa-4f0e-ac96-572816921c65","released","e42f8235-ed1b-4286-b35d-63b0f34ee65c","quay.io/ncigdc","SeSAMe Methylation Beta Estimation","f8ef9dc6375573fc05fee47b70278d89f79a4cd7","Primary Tumor",NA,"TCGA-D8-A1XD","TCGA-D8-A1XD-01A"
"280ada1c-d3e2-4d35-a120-9d8699811d54","TXT","TCGA-A1-A0SP-01A-11D-A10P-05","open","449a4af2-5c23-4d1c-ab4a-c05e829ac864.methylation_array.sesame.level3betas.txt","65d995a8-4168-4360-9761-a18a3b80bdc4","DNA Methylation","methylation_beta_value","Illumina Human Methylation 450",12933881,"2023-07-14T13:27:45.451677-05:00","d25bbf70ab1ded6701abd8bd78496cf9","2023-07-18T10:27:15.716950-05:00","280ada1c-d3e2-4d35-a120-9d8699811d54","Methylation Beta Value","released","Methylation Array","2","38.0 - 45.0","TCGA-BRCA","dd7a6fc3-33d2-4d0c-911d-bb583db73827","released","449a4af2-5c23-4d1c-ab4a-c05e829ac864","quay.io/ncigdc","SeSAMe Methylation Beta Estimation","f8ef9dc6375573fc05fee47b70278d89f79a4cd7","Primary Tumor",NA,"TCGA-A1-A0SP","TCGA-A1-A0SP-01A"
"83b66ab3-20ab-4217-a418-494e5c20e6ea","TXT","TCGA-BH-A1F8-11B-21D-A13T-05","open","520d9106-a7a0-4e7c-950b-45328eae4431.methylation_array.sesame.level3betas.txt","91270d3e-c03b-4f58-9d03-dc0726572cb0","DNA Methylation","methylation_beta_value","Illumina Human Methylation 450",13125963,"2023-07-14T13:11:40.846064-05:00","cde5aa827d2ce4743ab7f908bf57644f","2023-07-18T10:24:39.348183-05:00","83b66ab3-20ab-4217-a418-494e5c20e6ea","Methylation Beta Value","released","Methylation Array","2","38.0 - 45.0","TCGA-BRCA","3d169818-c726-4465-b716-83315e5ce098","released","520d9106-a7a0-4e7c-950b-45328eae4431","quay.io/ncigdc","SeSAMe Methylation Beta Estimation","dc9467b78cf538a0430cd4027dc5092f77d47e20","Solid Tissue Normal",NA,"TCGA-BH-A1F8","TCGA-BH-A1F8-11B"
"5c91fba1-ec0a-4648-a3da-08447e35d2d5","TXT","TCGA-AC-A2BM-01A-11D-A21R-05","open","d371d39a-3981-4efa-aac9-07ee7dd91609.methylation_array.sesame.level3betas.txt","a5a61ee0-ca60-421c-a6d1-69fd0eddf312","DNA Methylation","methylation_beta_value","Illumina Human Methylation 450",13142411,"2023-07-14T13:31:43.651376-05:00","bca5129f6c68cf0f372160e4bb33bcc4","2023-07-18T10:27:00.853184-05:00","5c91fba1-ec0a-4648-a3da-08447e35d2d5","Methylation Beta Value","released","Methylation Array","2","38.0 - 45.0","TCGA-BRCA","c6f9e066-fafd-4803-be91-47c4cfaaa0ba","released","d371d39a-3981-4efa-aac9-07ee7dd91609","quay.io/ncigdc","SeSAMe Methylation Beta Estimation","9e258094ac9d4febe3721ceba25c1b8dbd1a27f8","Primary Tumor",NA,"TCGA-AC-A2BM","TCGA-AC-A2BM-01A"
"d3cdefe5-20eb-4e51-b1a2-0aa1e20221dd","TXT","TCGA-D8-A27W-01A-11D-A16G-05","open","8eaeefb9-d56f-4c40-a302-820922904025.methylation_array.sesame.level3betas.txt","dd6f4308-ac07-4d69-b0a5-24e713e113a3","DNA Methylation","methylation_beta_value","Illumina Human Methylation 450",13124791,"2023-07-14T13:35:41.453100-05:00","40e08b7fa1e6d705e93525db035c71c4","2023-07-18T10:26:44.596791-05:00","d3cdefe5-20eb-4e51-b1a2-0aa1e20221dd","Methylation Beta Value","released","Methylation Array","2","38.0 - 45.0","TCGA-BRCA","f2f5ee5c-8f74-4f15-babf-ca004a98d129","released","8eaeefb9-d56f-4c40-a302-820922904025","quay.io/ncigdc","SeSAMe Methylation Beta Estimation","f8ef9dc6375573fc05fee47b70278d89f79a4cd7","Primary Tumor",NA,"TCGA-D8-A27W","TCGA-D8-A27W-01A"
"a65cfffe-590b-4438-85be-a2afa33c2731","TXT","TCGA-AC-A3W7-01A-11D-A22B-05","open","f8add3d4-158d-4348-b6eb-261ee60c1de3.methylation_array.sesame.level3betas.txt","4fbb9ec9-ba89-4546-ab3b-86197ec2a005","DNA Methylation","methylation_beta_value","Illumina Human Methylation 450",13190500,"2023-07-14T13:24:08.055980-05:00","0cfd5580c282e8f97d399ae1af4ca7b2","2023-07-18T10:25:41.197224-05:00","a65cfffe-590b-4438-85be-a2afa33c2731","Methylation Beta Value","released","Methylation Array","2","38.0 - 45.0","TCGA-BRCA","9b9cb121-2f37-4a8f-b4bb-880b38fa3cd2","released","f8add3d4-158d-4348-b6eb-261ee60c1de3","quay.io/ncigdc","SeSAMe Methylation Beta Estimation","f8ef9dc6375573fc05fee47b70278d89f79a4cd7","Primary Tumor",NA,"TCGA-AC-A3W7","TCGA-AC-A3W7-01A"
"1878d6c8-147a-423c-993c-cb0adcbb9ca5","TXT","TCGA-BH-A0HN-01A-11D-A10P-05","open","cb673b51-22fa-4cae-8bb2-a6bf9158a956.methylation_array.sesame.level3betas.txt","d03fb12d-acd5-4772-82f8-bee95a558ba9","DNA Methylation","methylation_beta_value","Illumina Human Methylation 450",12719846,"2023-07-14T13:43:19.842749-05:00","9cb6de8b2ef70ec9194283c5070ea8be","2023-07-18T10:24:50.993629-05:00","1878d6c8-147a-423c-993c-cb0adcbb9ca5","Methylation Beta Value","released","Methylation Array","2","38.0 - 45.0","TCGA-BRCA","432ca91a-78b2-4d3f-9ce2-1be4b7df2185","released","cb673b51-22fa-4cae-8bb2-a6bf9158a956","quay.io/ncigdc","SeSAMe Methylation Beta Estimation","9e258094ac9d4febe3721ceba25c1b8dbd1a27f8","Primary Tumor",NA,"TCGA-BH-A0HN","TCGA-BH-A0HN-01A"
"fcf95372-79ea-4619-8383-e25b5384b526","TXT","TCGA-A7-A6VX-01A-12D-A33F-05","open","ce43fd26-ef54-45e7-9f41-c11745dae0fd.methylation_array.sesame.level3betas.txt","186a283b-d817-419d-a974-0450ea825d72","DNA Methylation","methylation_beta_value","Illumina Human Methylation 450",13062026,"2023-07-14T13:21:20.554586-05:00","a62747fbfdb0eb1c423cf1ba2eb804d7","2023-07-18T10:27:31.311765-05:00","fcf95372-79ea-4619-8383-e25b5384b526","Methylation Beta Value","released","Methylation Array","2","38.0 - 45.0","TCGA-BRCA","7c381c1a-2b24-464d-a458-4d7d85a5dfae","released","ce43fd26-ef54-45e7-9f41-c11745dae0fd","quay.io/ncigdc","SeSAMe Methylation Beta Estimation","dc9467b78cf538a0430cd4027dc5092f77d47e20","Primary Tumor",NA,"TCGA-A7-A6VX","TCGA-A7-A6VX-01A"
"a42ca4b1-19ac-4d73-a855-66833c9fad4d","TXT","TCGA-AR-A24K-01A-11D-A16A-05","open","4235227b-4ada-4d7d-a68d-9c3291effec0.methylation_array.sesame.level3betas.txt","822c1781-95f2-4176-9920-2cce2589f55e","DNA Methylation","methylation_beta_value","Illumina Human Methylation 450",13161989,"2023-07-14T13:10:47.879684-05:00","e60a4e5e3b88c49fc2b503b29a20fd38","2023-07-18T10:26:21.686610-05:00","a42ca4b1-19ac-4d73-a855-66833c9fad4d","Methylation Beta Value","released","Methylation Array","2","38.0 - 45.0","TCGA-BRCA","43a052aa-785c-4fe8-8364-7d0a3d1abf20","released","4235227b-4ada-4d7d-a68d-9c3291effec0","quay.io/ncigdc","SeSAMe Methylation Beta Estimation","9e258094ac9d4febe3721ceba25c1b8dbd1a27f8","Primary Tumor",NA,"TCGA-AR-A24K","TCGA-AR-A24K-01A"
"16ed22ef-80d0-484e-aae2-4b308943200a","TXT","TCGA-BH-A0BF-01A-21D-A12R-05","open","ce07bfdc-2fc2-4980-87a8-2fef9834c740.methylation_array.sesame.level3betas.txt","29a39730-871f-49d3-a418-a67bd601262c","DNA Methylation","methylation_beta_value","Illumina Human Methylation 450",13075857,"2023-07-14T13:37:46.737502-05:00","0402cac3fcf8265785b1765482273787","2023-07-18T10:27:26.322756-05:00","16ed22ef-80d0-484e-aae2-4b308943200a","Methylation Beta Value","released","Methylation Array","2","38.0 - 45.0","TCGA-BRCA","d41d1247-2695-4fc3-ba08-c09905b423b5","released","ce07bfdc-2fc2-4980-87a8-2fef9834c740","quay.io/ncigdc","SeSAMe Methylation Beta Estimation","dc9467b78cf538a0430cd4027dc5092f77d47e20","Primary Tumor",NA,"TCGA-BH-A0BF","TCGA-BH-A0BF-01A"
"15b80b89-f335-4414-b3c3-2902deb94a3b","TXT","TCGA-AR-A2LN-01A-21D-A18O-05","open","35c1140b-3426-488f-a663-ea35c0febfbe.methylation_array.sesame.level3betas.txt","72be6dcd-82bd-45c6-8793-21730c7a1fb5","DNA Methylation","methylation_beta_value","Illumina Human Methylation 450",13193493,"2023-07-14T13:33:56.640959-05:00","a36d7d1ddf175e4756bb2312ed86af88","2023-07-18T10:27:04.336626-05:00","15b80b89-f335-4414-b3c3-2902deb94a3b","Methylation Beta Value","released","Methylation Array","2","38.0 - 45.0","TCGA-BRCA","ff65c862-7473-404d-b0eb-f7e427dd4209","released","35c1140b-3426-488f-a663-ea35c0febfbe","quay.io/ncigdc","SeSAMe Methylation Beta Estimation","f8ef9dc6375573fc05fee47b70278d89f79a4cd7","Primary Tumor",NA,"TCGA-AR-A2LN","TCGA-AR-A2LN-01A"
"88b5d4a9-e400-42ef-a1c5-14583ac132a6","TXT","TCGA-BH-A209-01A-11D-A161-05","open","1653738c-4324-4f37-8dab-9980485c9cce.methylation_array.sesame.level3betas.txt","ff292ed9-3b6f-4870-bd35-3a8025a884b1","DNA Methylation","methylation_beta_value","Illumina Human Methylation 450",12980377,"2023-07-14T13:15:31.305468-05:00","7a0a41336a3657195072c9d8c180b8bb","2023-07-18T10:26:51.075332-05:00","88b5d4a9-e400-42ef-a1c5-14583ac132a6","Methylation Beta Value","released","Methylation Array","2","38.0 - 45.0","TCGA-BRCA","c4acef10-e2db-4af2-8f55-b10712cfcdc0","released","1653738c-4324-4f37-8dab-9980485c9cce","quay.io/ncigdc","SeSAMe Methylation Beta Estimation","f8ef9dc6375573fc05fee47b70278d89f79a4cd7","Primary Tumor",NA,"TCGA-BH-A209","TCGA-BH-A209-01A"
"02d581a7-c62d-4217-abd2-078abd36dfbf","TXT","TCGA-AO-A1KS-01A-11D-A13K-05","open","4177437e-8deb-45bc-add9-582c102c5201.methylation_array.sesame.level3betas.txt","d0c5ff05-8532-487f-b2c3-1b067be58c91","DNA Methylation","methylation_beta_value","Illumina Human Methylation 450",13140899,"2023-07-14T13:08:33.449223-05:00","ead2cd33b6e6fcaa4730b0a505dccf24","2023-07-18T10:24:39.204440-05:00","02d581a7-c62d-4217-abd2-078abd36dfbf","Methylation Beta Value","released","Methylation Array","2","38.0 - 45.0","TCGA-BRCA","fcd3ac5d-23d7-4120-90b9-26b3b6e38568","released","4177437e-8deb-45bc-add9-582c102c5201","quay.io/ncigdc","SeSAMe Methylation Beta Estimation","f8ef9dc6375573fc05fee47b70278d89f79a4cd7","Primary Tumor",NA,"TCGA-AO-A1KS","TCGA-AO-A1KS-01A"
"1b7a3cbf-17cb-4d57-91c0-b61d5cda73f1","TXT","TCGA-BH-A0DP-11A-12D-A10Q-05","open","50e93484-c6df-4f27-a886-e02c805f7c9a.methylation_array.sesame.level3betas.txt","b3e8764e-12c2-4956-9657-2b5eaa6ff028","DNA Methylation","methylation_beta_value","Illumina Human Methylation 450",12902546,"2023-07-14T13:08:53.884775-05:00","c43f97d816c24e54ed29621ee7cfa0b3","2023-07-18T10:25:18.196234-05:00","1b7a3cbf-17cb-4d57-91c0-b61d5cda73f1","Methylation Beta Value","released","Methylation Array","2","38.0 - 45.0","TCGA-BRCA","3b4c1e56-3b6a-4acb-b2a6-21486b05477b","released","50e93484-c6df-4f27-a886-e02c805f7c9a","quay.io/ncigdc","SeSAMe Methylation Beta Estimation","9e258094ac9d4febe3721ceba25c1b8dbd1a27f8","Solid Tissue Normal",NA,"TCGA-BH-A0DP","TCGA-BH-A0DP-11A"
"0166a42c-e905-490e-a07a-dd084b3c4534","TXT","TCGA-A1-A0SK-01A-12D-A10P-05","open","ef0c17dd-be28-4c1c-9ced-9f328b6c423a.methylation_array.sesame.level3betas.txt","347dd88d-a946-46d3-9ab2-228cb1bf2e73","DNA Methylation","methylation_beta_value","Illumina Human Methylation 450",12975008,"2023-07-14T13:13:24.414815-05:00","639f13269d936975cd0d3b90acb213ac","2023-07-18T10:26:13.956327-05:00","0166a42c-e905-490e-a07a-dd084b3c4534","Methylation Beta Value","released","Methylation Array","2","38.0 - 45.0","TCGA-BRCA","d2c52a88-94b7-42b0-98c7-77c1ebb95207","released","ef0c17dd-be28-4c1c-9ced-9f328b6c423a","quay.io/ncigdc","SeSAMe Methylation Beta Estimation","9e258094ac9d4febe3721ceba25c1b8dbd1a27f8","Primary Tumor",NA,"TCGA-A1-A0SK","TCGA-A1-A0SK-01A"
"be136d39-519c-4519-88ff-7039149f9d05","TXT","TCGA-E2-A574-01A-11D-A29O-05","open","72840d44-c22f-44af-bb06-990e7b7537ab.methylation_array.sesame.level3betas.txt","3f1a8c68-6c91-4f1e-845c-83c5627b73f4","DNA Methylation","methylation_beta_value","Illumina Human Methylation 450",13076020,"2023-07-14T13:08:02.513175-05:00","cfb0551aabe3b9b76ce7fd46ba6023f0","2023-07-18T10:26:15.828436-05:00","be136d39-519c-4519-88ff-7039149f9d05","Methylation Beta Value","released","Methylation Array","2","38.0 - 45.0","TCGA-BRCA","f19015ad-5947-4b3f-8480-cf7354b8f89f","released","72840d44-c22f-44af-bb06-990e7b7537ab","quay.io/ncigdc","SeSAMe Methylation Beta Estimation","9e258094ac9d4febe3721ceba25c1b8dbd1a27f8","Primary Tumor",NA,"TCGA-E2-A574","TCGA-E2-A574-01A"
"611405de-da55-43f9-a3b7-ef94042c2c40","TXT","TCGA-A1-A0SG-01A-11D-A145-05","open","cf7a9cd7-4ede-4bdc-bcbf-f0c30e6d816a.methylation_array.sesame.level3betas.txt","012f947c-6fb1-4561-b5ef-cdf036441216","DNA Methylation","methylation_beta_value","Illumina Human Methylation 450",13170954,"2023-07-14T13:42:12.790257-05:00","84f1a1f580e314cc96c3a5dcde223614","2023-07-18T10:25:47.727686-05:00","611405de-da55-43f9-a3b7-ef94042c2c40","Methylation Beta Value","released","Methylation Array","2","38.0 - 45.0","TCGA-BRCA","af594bbc-2f58-46b2-bfad-f0aee0f9719e","released","cf7a9cd7-4ede-4bdc-bcbf-f0c30e6d816a","quay.io/ncigdc","SeSAMe Methylation Beta Estimation","f8ef9dc6375573fc05fee47b70278d89f79a4cd7","Primary Tumor",NA,"TCGA-A1-A0SG","TCGA-A1-A0SG-01A"
"26b94b3a-2fb7-4b8f-8fde-b832fb02041e","TXT","TCGA-E9-A1RI-01A-11D-A16A-05","open","b6c64e08-ad28-429e-98a5-fca2c2c9559e.methylation_array.sesame.level3betas.txt","c962b741-7301-485b-b0eb-98c27dcfcb08","DNA Methylation","methylation_beta_value","Illumina Human Methylation 450",13200984,"2023-07-14T13:32:08.619848-05:00","d08ba140edd89741f76fe19a7d6ab1df","2023-07-18T10:26:00.300760-05:00","26b94b3a-2fb7-4b8f-8fde-b832fb02041e","Methylation Beta Value","released","Methylation Array","2","38.0 - 45.0","TCGA-BRCA","c2c46c4b-2962-4aba-832f-21b4b4a40028","released","b6c64e08-ad28-429e-98a5-fca2c2c9559e","quay.io/ncigdc","SeSAMe Methylation Beta Estimation","9e258094ac9d4febe3721ceba25c1b8dbd1a27f8","Primary Tumor",NA,"TCGA-E9-A1RI","TCGA-E9-A1RI-01A"
"6ce74f33-595c-4241-8155-50fe7cf741cd","TXT","TCGA-E9-A1RI-11A-41D-A16A-05","open","524fa18d-d6dc-407b-adc7-bd60d0afed08.methylation_array.sesame.level3betas.txt","0b912c2c-368c-4d21-85da-5c17555544a9","DNA Methylation","methylation_beta_value","Illumina Human Methylation 450",13099252,"2023-07-14T13:15:05.110292-05:00","6364f4a30b0d5ff83a18ceef1e44f444","2023-07-18T10:25:55.524820-05:00","6ce74f33-595c-4241-8155-50fe7cf741cd","Methylation Beta Value","released","Methylation Array","2","38.0 - 45.0","TCGA-BRCA","af5766a5-09c6-488d-a98c-345de567d31a","released","524fa18d-d6dc-407b-adc7-bd60d0afed08","quay.io/ncigdc","SeSAMe Methylation Beta Estimation","f8ef9dc6375573fc05fee47b70278d89f79a4cd7","Solid Tissue Normal",NA,"TCGA-E9-A1RI","TCGA-E9-A1RI-11A"
"61779828-7783-4c9a-b193-44c799a6515e","TXT","TCGA-AC-A62X-01A-11D-A29O-05","open","5a815176-dc04-4a89-8e3c-fae32df2d5a8.methylation_array.sesame.level3betas.txt","816c858f-30bf-4cea-8b7e-ae56c721fc9b","DNA Methylation","methylation_beta_value","Illumina Human Methylation 450",12824737,"2023-07-14T13:14:41.283745-05:00","8c7c8cfbeddb4731e9a98714e3f916d8","2023-07-18T10:27:13.683269-05:00","61779828-7783-4c9a-b193-44c799a6515e","Methylation Beta Value","released","Methylation Array","2","38.0 - 45.0","TCGA-BRCA","ccb578c8-9ebb-4b72-b830-10125ec44e96","released","5a815176-dc04-4a89-8e3c-fae32df2d5a8","quay.io/ncigdc","SeSAMe Methylation Beta Estimation","f8ef9dc6375573fc05fee47b70278d89f79a4cd7","Primary Tumor",NA,"TCGA-AC-A62X","TCGA-AC-A62X-01A"
"b88337da-3afc-490b-818a-72eb9698bcdd","TXT","TCGA-EW-A424-01A-11D-A244-05","open","dd3583ae-4d31-4b91-a89b-256fed3c156b.methylation_array.sesame.level3betas.txt","81538c4f-417e-4ac0-b04f-358fa666da5c","DNA Methylation","methylation_beta_value","Illumina Human Methylation 450",13180722,"2023-07-14T13:40:38.579060-05:00","ec4f603d3b568c7da105cb497058d1b1","2023-07-18T10:27:17.094399-05:00","b88337da-3afc-490b-818a-72eb9698bcdd","Methylation Beta Value","released","Methylation Array","2","38.0 - 45.0","TCGA-BRCA","04bc6778-e131-4a12-a8d0-3fbc909cc4ba","released","dd3583ae-4d31-4b91-a89b-256fed3c156b","quay.io/ncigdc","SeSAMe Methylation Beta Estimation","dc9467b78cf538a0430cd4027dc5092f77d47e20","Primary Tumor",NA,"TCGA-EW-A424","TCGA-EW-A424-01A"
"226e5f5d-2ac6-45de-878c-2ddd6c3a7cd6","TXT","TCGA-B6-A0WY-01A-11D-A10A-05","open","4101630d-120b-4a72-9a7b-bb723fc47ff5.methylation_array.sesame.level3betas.txt","0c331272-d301-42c1-a2f2-7d32fa843d66","DNA Methylation","methylation_beta_value","Illumina Human Methylation 450",12706433,"2023-07-14T13:13:53.303711-05:00","2e5fdc81efa7dc64333a4d5fd49c5cb9","2023-07-18T10:26:40.384237-05:00","226e5f5d-2ac6-45de-878c-2ddd6c3a7cd6","Methylation Beta Value","released","Methylation Array","2","38.0 - 45.0","TCGA-BRCA","838c3e7c-67b0-4113-8eb2-f0acc947c607","released","4101630d-120b-4a72-9a7b-bb723fc47ff5","quay.io/ncigdc","SeSAMe Methylation Beta Estimation","f8ef9dc6375573fc05fee47b70278d89f79a4cd7","Primary Tumor",NA,"TCGA-B6-A0WY","TCGA-B6-A0WY-01A"
"9b661427-5f0e-400e-9d75-7e178520b1c2","TXT","TCGA-BH-A0GZ-01A-11D-A10P-05","open","45e18fb6-931d-4d0b-845c-8fffe719eb2a.methylation_array.sesame.level3betas.txt","c0df1698-5b3f-4f86-a8f1-210cec9ad476","DNA Methylation","methylation_beta_value","Illumina Human Methylation 450",13059530,"2023-07-14T13:38:24.637927-05:00","68372591159da6962feb3b0c92d546be","2023-07-18T10:25:48.011591-05:00","9b661427-5f0e-400e-9d75-7e178520b1c2","Methylation Beta Value","released","Methylation Array","2","38.0 - 45.0","TCGA-BRCA","e643cbc6-e33c-4525-b5b9-e67560bc27bb","released","45e18fb6-931d-4d0b-845c-8fffe719eb2a","quay.io/ncigdc","SeSAMe Methylation Beta Estimation","f8ef9dc6375573fc05fee47b70278d89f79a4cd7","Primary Tumor",NA,"TCGA-BH-A0GZ","TCGA-BH-A0GZ-01A"
"e2d4d43c-28c7-4d96-b175-01fa0e85bb2a","TXT","TCGA-D8-A1X6-01A-11D-A14N-05","open","42135178-8214-4621-a7a4-878fc04d606f.methylation_array.sesame.level3betas.txt","356146a4-0285-45a1-a5d8-70a59b6f8e8f","DNA Methylation","methylation_beta_value","Illumina Human Methylation 450",13140392,"2023-07-14T13:28:12.835821-05:00","0d6a8b615c7bad4285e4c9553082eea4","2023-07-18T10:25:10.294020-05:00","e2d4d43c-28c7-4d96-b175-01fa0e85bb2a","Methylation Beta Value","released","Methylation Array","2","38.0 - 45.0","TCGA-BRCA","6f79c128-a743-4f76-94e3-1ad9bd9b3293","released","42135178-8214-4621-a7a4-878fc04d606f","quay.io/ncigdc","SeSAMe Methylation Beta Estimation","9e258094ac9d4febe3721ceba25c1b8dbd1a27f8","Primary Tumor",NA,"TCGA-D8-A1X6","TCGA-D8-A1X6-01A"
"a6c812a6-6107-4e9f-9d7e-e1cea3c6bc63","TXT","TCGA-E9-A1NC-01A-12D-A161-05","open","203e085e-453e-4842-9fa0-b994d8261187.methylation_array.sesame.level3betas.txt","5b02053c-5dac-40db-8bbd-de9483bb8433","DNA Methylation","methylation_beta_value","Illumina Human Methylation 450",13170949,"2023-07-14T13:31:41.957440-05:00","987b69b6e222f2204a7b6bbbb056450c","2023-07-18T10:24:37.506514-05:00","a6c812a6-6107-4e9f-9d7e-e1cea3c6bc63","Methylation Beta Value","released","Methylation Array","2","38.0 - 45.0","TCGA-BRCA","6154dcd9-7492-488e-9375-886df8b80133","released","203e085e-453e-4842-9fa0-b994d8261187","quay.io/ncigdc","SeSAMe Methylation Beta Estimation","f8ef9dc6375573fc05fee47b70278d89f79a4cd7","Primary Tumor",NA,"TCGA-E9-A1NC","TCGA-E9-A1NC-01A"
"35944c9a-034f-4ebb-94e7-a47e40cf2647","TXT","TCGA-AR-A24H-01A-11D-A16A-05","open","3ba0a627-ba6b-4a50-8e66-eab95c538a36.methylation_array.sesame.level3betas.txt","35d0f611-a2fd-406b-ae22-6f08289b3386","DNA Methylation","methylation_beta_value","Illumina Human Methylation 450",13157247,"2023-07-14T13:41:12.459027-05:00","014a216de612351e73f93f840be76e3b","2023-07-18T10:26:07.103574-05:00","35944c9a-034f-4ebb-94e7-a47e40cf2647","Methylation Beta Value","released","Methylation Array","2","38.0 - 45.0","TCGA-BRCA","6bade070-96a8-43b1-86da-be1c56abc226","released","3ba0a627-ba6b-4a50-8e66-eab95c538a36","quay.io/ncigdc","SeSAMe Methylation Beta Estimation","f8ef9dc6375573fc05fee47b70278d89f79a4cd7","Primary Tumor",NA,"TCGA-AR-A24H","TCGA-AR-A24H-01A"
"89cc5cc7-3535-4fa5-b697-3962123396af","TXT","TCGA-EW-A1IX-01A-12D-A145-05","open","1badfdfb-6939-48b2-b149-c97ceee33454.methylation_array.sesame.level3betas.txt","46f690b8-5d86-411e-94f7-71ea0541880a","DNA Methylation","methylation_beta_value","Illumina Human Methylation 450",13198452,"2023-07-14T13:24:59.983383-05:00","39b2de9c0d27d6af20978c56436e778f","2023-07-18T10:24:44.079850-05:00","89cc5cc7-3535-4fa5-b697-3962123396af","Methylation Beta Value","released","Methylation Array","2","38.0 - 45.0","TCGA-BRCA","502ad97b-b66e-4390-9355-32ac6e738289","released","1badfdfb-6939-48b2-b149-c97ceee33454","quay.io/ncigdc","SeSAMe Methylation Beta Estimation","f8ef9dc6375573fc05fee47b70278d89f79a4cd7","Primary Tumor",NA,"TCGA-EW-A1IX","TCGA-EW-A1IX-01A"
"7b703258-92be-46ba-9de8-16ac64d9c256","TXT","TCGA-E9-A1N6-11A-32D-A145-05","open","a79070cf-1d49-4131-bf1a-4e4d26580c10.methylation_array.sesame.level3betas.txt","bdc4a49f-0e06-4385-84be-db537be48185","DNA Methylation","methylation_beta_value","Illumina Human Methylation 450",13203710,"2023-07-14T13:21:29.367086-05:00","20b3b625b5209c00446ebad68d6bb152","2023-07-18T10:26:37.241170-05:00","7b703258-92be-46ba-9de8-16ac64d9c256","Methylation Beta Value","released","Methylation Array","2","38.0 - 45.0","TCGA-BRCA","0eb5b949-b2e5-4018-b4ee-0a330229f3ef","released","a79070cf-1d49-4131-bf1a-4e4d26580c10","quay.io/ncigdc","SeSAMe Methylation Beta Estimation","dc9467b78cf538a0430cd4027dc5092f77d47e20","Solid Tissue Normal",NA,"TCGA-E9-A1N6","TCGA-E9-A1N6-11A"
"a726cd3b-503c-40c9-bcd3-ab4d0f8c1c7a","TXT","TCGA-LL-A740-01A-21D-A32T-05","open","f9b7a8db-4e15-436b-b28d-1f1983aa2707.methylation_array.sesame.level3betas.txt","00730290-2777-4766-9ff8-b63bcde4f274","DNA Methylation","methylation_beta_value","Illumina Human Methylation 450",12648720,"2023-07-14T13:20:24.179534-05:00","7821d7772af33cb13d28b76b2c8db50c","2023-07-18T10:24:40.923804-05:00","a726cd3b-503c-40c9-bcd3-ab4d0f8c1c7a","Methylation Beta Value","released","Methylation Array","2","38.0 - 45.0","TCGA-BRCA","190a0929-f4b4-4ed6-a7a5-351e128b56d3","released","f9b7a8db-4e15-436b-b28d-1f1983aa2707","quay.io/ncigdc","SeSAMe Methylation Beta Estimation","f8ef9dc6375573fc05fee47b70278d89f79a4cd7","Primary Tumor",NA,"TCGA-LL-A740","TCGA-LL-A740-01A"
"e00bb8bb-f804-48a3-bddd-046d298433d6","TXT","TCGA-E2-A1LB-11A-22D-A145-05","open","92fb57b9-4c7a-4564-bd93-3a0375c0340c.methylation_array.sesame.level3betas.txt","a1cf4a6d-5806-4911-b0c8-9bab291072ee","DNA Methylation","methylation_beta_value","Illumina Human Methylation 450",13192255,"2023-07-14T13:11:29.823726-05:00","9a17657cee8382f64ae9d152d5f16dd9","2023-07-18T10:26:07.529967-05:00","e00bb8bb-f804-48a3-bddd-046d298433d6","Methylation Beta Value","released","Methylation Array","2","38.0 - 45.0","TCGA-BRCA","09ede2e5-18bf-45ab-a4a5-6dc64b588f0b","released","92fb57b9-4c7a-4564-bd93-3a0375c0340c","quay.io/ncigdc","SeSAMe Methylation Beta Estimation","f8ef9dc6375573fc05fee47b70278d89f79a4cd7","Solid Tissue Normal",NA,"TCGA-E2-A1LB","TCGA-E2-A1LB-11A"
"402a7822-e854-44bc-a1c6-771f587dd2c6","TXT","TCGA-E2-A15I-11A-32D-A138-05","open","1c2cee2b-1c5a-4089-b2d2-01bbc640a4cc.methylation_array.sesame.level3betas.txt","6791dc0e-73ab-4dad-960f-f594d4df9af6","DNA Methylation","methylation_beta_value","Illumina Human Methylation 450",12791353,"2023-07-14T13:16:28.706018-05:00","ac43d91014552b802e7cf415816574a6","2023-07-18T10:25:52.085364-05:00","402a7822-e854-44bc-a1c6-771f587dd2c6","Methylation Beta Value","released","Methylation Array","2","38.0 - 45.0","TCGA-BRCA","e61ebde5-ba09-4835-b283-d74aa0e1a918","released","1c2cee2b-1c5a-4089-b2d2-01bbc640a4cc","quay.io/ncigdc","SeSAMe Methylation Beta Estimation","f8ef9dc6375573fc05fee47b70278d89f79a4cd7","Solid Tissue Normal",NA,"TCGA-E2-A15I","TCGA-E2-A15I-11A"
"4c786428-2647-49a8-bc07-8f5f4e9bcbf4","TXT","TCGA-E9-A1R5-01A-11D-A14N-05","open","52e942b0-50d5-4761-b34d-8aff184e489e.methylation_array.sesame.level3betas.txt","fdcab9c0-7b4b-4317-9690-f03d5a6684f2","DNA Methylation","methylation_beta_value","Illumina Human Methylation 450",13150640,"2023-07-14T13:44:58.047901-05:00","da9156db2711b94514161254b3e1c71c","2023-07-18T10:26:06.692082-05:00","4c786428-2647-49a8-bc07-8f5f4e9bcbf4","Methylation Beta Value","released","Methylation Array","2","38.0 - 45.0","TCGA-BRCA","3475a83e-624e-40bf-a37e-0562ac59b93f","released","52e942b0-50d5-4761-b34d-8aff184e489e","quay.io/ncigdc","SeSAMe Methylation Beta Estimation","f8ef9dc6375573fc05fee47b70278d89f79a4cd7","Primary Tumor",NA,"TCGA-E9-A1R5","TCGA-E9-A1R5-01A"
"4481a7a3-6020-44b0-accf-294d4a7090fb","TXT","TCGA-GM-A3XG-01A-31D-A244-05","open","aaf186e4-54de-4e12-9eac-8e997f59930c.methylation_array.sesame.level3betas.txt","ea370658-d598-41e9-ad52-3231cb851c45","DNA Methylation","methylation_beta_value","Illumina Human Methylation 450",13193853,"2023-07-14T13:08:24.154459-05:00","b5a96fc0781418e4b1e530ef1dfe6d65","2023-07-18T10:27:22.564803-05:00","4481a7a3-6020-44b0-accf-294d4a7090fb","Methylation Beta Value","released","Methylation Array","2","38.0 - 45.0","TCGA-BRCA","6301103a-9518-4de2-8ade-a90882a5e608","released","aaf186e4-54de-4e12-9eac-8e997f59930c","quay.io/ncigdc","SeSAMe Methylation Beta Estimation","dc9467b78cf538a0430cd4027dc5092f77d47e20","Primary Tumor",NA,"TCGA-GM-A3XG","TCGA-GM-A3XG-01A"
"9d8af9f2-5615-4a09-a15b-0d179187d56e","TXT","TCGA-AC-A2BK-01A-11D-A21R-05","open","46bb3dd3-f1b2-45eb-a9a0-b48756df0ee3.methylation_array.sesame.level3betas.txt","1f880390-41d1-4d91-9de7-34f6850ec311","DNA Methylation","methylation_beta_value","Illumina Human Methylation 450",13102072,"2023-07-14T13:41:47.919435-05:00","9a20ae42c8dcebd5c53a1b52f08f295a","2023-07-18T10:25:40.770142-05:00","9d8af9f2-5615-4a09-a15b-0d179187d56e","Methylation Beta Value","released","Methylation Array","2","38.0 - 45.0","TCGA-BRCA","89f07f06-6824-46e9-9cbd-9476c23d8ab7","released","46bb3dd3-f1b2-45eb-a9a0-b48756df0ee3","quay.io/ncigdc","SeSAMe Methylation Beta Estimation","f8ef9dc6375573fc05fee47b70278d89f79a4cd7","Primary Tumor",NA,"TCGA-AC-A2BK","TCGA-AC-A2BK-01A"
"3a5bdea9-b8ac-4e7b-abb1-636de4e9ff6d","TXT","TCGA-AO-A12C-01A-11D-A10N-05","open","3814f978-e203-46bc-94cf-df3fe0eb9a73.methylation_array.sesame.level3betas.txt","3a237267-4285-4261-9aed-16b923e77302","DNA Methylation","methylation_beta_value","Illumina Human Methylation 450",13056270,"2023-07-14T13:31:50.511035-05:00","221c2de4b37ef1b16ea9a105b900da69","2023-07-18T10:25:33.863739-05:00","3a5bdea9-b8ac-4e7b-abb1-636de4e9ff6d","Methylation Beta Value","released","Methylation Array","2","38.0 - 45.0","TCGA-BRCA","85d4e10a-e649-475c-b41c-e88183985771","released","3814f978-e203-46bc-94cf-df3fe0eb9a73","quay.io/ncigdc","SeSAMe Methylation Beta Estimation","f8ef9dc6375573fc05fee47b70278d89f79a4cd7","Primary Tumor",NA,"TCGA-AO-A12C","TCGA-AO-A12C-01A"
"72fd27ae-32f6-45f8-934d-a9bcae32700b","TXT","TCGA-AR-A0U4-01A-11D-A10A-05","open","fe829c72-470e-4ea9-9fd1-57e1f6661ba5.methylation_array.sesame.level3betas.txt","5a5f48bb-c29b-4e75-8dd9-47a2c0ddbab1","DNA Methylation","methylation_beta_value","Illumina Human Methylation 450",12963758,"2023-07-14T13:21:18.863972-05:00","85b586aae3cdc69152c3b78822be08fa","2023-07-18T10:25:35.873779-05:00","72fd27ae-32f6-45f8-934d-a9bcae32700b","Methylation Beta Value","released","Methylation Array","2","38.0 - 45.0","TCGA-BRCA","1892f05d-ef40-4782-9130-5a9883ef586d","released","fe829c72-470e-4ea9-9fd1-57e1f6661ba5","quay.io/ncigdc","SeSAMe Methylation Beta Estimation","f8ef9dc6375573fc05fee47b70278d89f79a4cd7","Primary Tumor",NA,"TCGA-AR-A0U4","TCGA-AR-A0U4-01A"
"9f73a252-001a-4999-89ae-e9b5d696e42c","TXT","TCGA-AC-A6IX-01A-12D-A32T-05","open","7fcb1019-2e56-48a6-9f11-857a2271c516.methylation_array.sesame.level3betas.txt","c016b3b5-d467-4f03-9a9c-1f8dec9efacd","DNA Methylation","methylation_beta_value","Illumina Human Methylation 450",12605134,"2023-07-14T13:09:29.847414-05:00","20b633113c193a9240a3734d92125622","2023-07-18T10:26:55.161413-05:00","9f73a252-001a-4999-89ae-e9b5d696e42c","Methylation Beta Value","released","Methylation Array","2","38.0 - 45.0","TCGA-BRCA","f0b7777d-b9a9-4457-a027-5d3d6576db30","released","7fcb1019-2e56-48a6-9f11-857a2271c516","quay.io/ncigdc","SeSAMe Methylation Beta Estimation","dc9467b78cf538a0430cd4027dc5092f77d47e20","Primary Tumor",NA,"TCGA-AC-A6IX","TCGA-AC-A6IX-01A"
"01caf592-57be-4df0-913b-efda8dd88def","TXT","TCGA-D8-A1JA-01A-11D-A13K-05","open","7d118736-8504-45ac-8b08-14278223d47f.methylation_array.sesame.level3betas.txt","b9fd0268-d4d0-4393-bd15-e887b536c125","DNA Methylation","methylation_beta_value","Illumina Human Methylation 450",13059031,"2023-07-14T13:38:16.751450-05:00","a5dc391c2351c5b90344907c7d42687b","2023-07-18T10:25:37.770655-05:00","01caf592-57be-4df0-913b-efda8dd88def","Methylation Beta Value","released","Methylation Array","2","38.0 - 45.0","TCGA-BRCA","a4de5cae-9aae-4b82-b0c3-e9d80b3d23e4","released","7d118736-8504-45ac-8b08-14278223d47f","quay.io/ncigdc","SeSAMe Methylation Beta Estimation","f8ef9dc6375573fc05fee47b70278d89f79a4cd7","Primary Tumor",NA,"TCGA-D8-A1JA","TCGA-D8-A1JA-01A"
"70c370d1-80da-4a46-bfa4-29d75b94f3c1","TXT","TCGA-4H-AAAK-01A-12D-A41Q-05","open","11500b25-a006-49c6-9118-33f06122cc73.methylation_array.sesame.level3betas.txt","56466ca7-03c7-47a7-9c7a-53e478ea3113","DNA Methylation","methylation_beta_value","Illumina Human Methylation 450",13011118,"2023-07-14T13:27:23.955890-05:00","24c512d1359eb74fb495932fc87511b6","2023-07-18T10:26:38.411150-05:00","70c370d1-80da-4a46-bfa4-29d75b94f3c1","Methylation Beta Value","released","Methylation Array","2","38.0 - 45.0","TCGA-BRCA","14448c8f-d795-49ac-9458-ff8e7131aa5e","released","11500b25-a006-49c6-9118-33f06122cc73","quay.io/ncigdc","SeSAMe Methylation Beta Estimation","dc9467b78cf538a0430cd4027dc5092f77d47e20","Primary Tumor",NA,"TCGA-4H-AAAK","TCGA-4H-AAAK-01A"
"08dd9feb-fa89-4a01-9b53-d755cbb68920","TXT","TCGA-D8-A1XO-01A-11D-A14N-05","open","40da0bc2-3ac9-48a7-b17a-aa1cfdf6a6c4.methylation_array.sesame.level3betas.txt","9667a076-f96a-4c85-8b28-6b3d2026e137","DNA Methylation","methylation_beta_value","Illumina Human Methylation 450",13171333,"2023-07-14T13:44:22.812633-05:00","118b1532e632b772cace305670bae61b","2023-07-18T10:26:31.624759-05:00","08dd9feb-fa89-4a01-9b53-d755cbb68920","Methylation Beta Value","released","Methylation Array","2","38.0 - 45.0","TCGA-BRCA","10d8a821-118e-4b02-8fd5-a395573570c4","released","40da0bc2-3ac9-48a7-b17a-aa1cfdf6a6c4","quay.io/ncigdc","SeSAMe Methylation Beta Estimation","dc9467b78cf538a0430cd4027dc5092f77d47e20","Primary Tumor",NA,"TCGA-D8-A1XO","TCGA-D8-A1XO-01A"
"3cf2683d-a34f-4199-95d7-4d70fbe82d3c","TXT","TCGA-BH-A1F2-01A-31D-A13K-05","open","bcb40aa7-8222-40bd-9397-d9d0ee7e1642.methylation_array.sesame.level3betas.txt","4e146ed0-e31a-4aeb-90ed-aa1f09069392","DNA Methylation","methylation_beta_value","Illumina Human Methylation 450",13123286,"2023-07-14T13:45:41.289630-05:00","46b4d87e201cdc9e5b18c9f6573e1706","2023-07-18T10:26:03.705474-05:00","3cf2683d-a34f-4199-95d7-4d70fbe82d3c","Methylation Beta Value","released","Methylation Array","2","38.0 - 45.0","TCGA-BRCA","666ceb84-c741-4fb4-b5ff-d2abd634fe7b","released","bcb40aa7-8222-40bd-9397-d9d0ee7e1642","quay.io/ncigdc","SeSAMe Methylation Beta Estimation","dc9467b78cf538a0430cd4027dc5092f77d47e20","Primary Tumor",NA,"TCGA-BH-A1F2","TCGA-BH-A1F2-01A"
"a335dcb0-210e-4193-85d9-653efb4de888","TXT","TCGA-B6-A0RU-01A-11D-A10P-05","open","e5f0a1e2-446b-4358-8035-f4f3ce274bd0.methylation_array.sesame.level3betas.txt","d036ad3f-f579-4383-8ce6-690d489ecda9","DNA Methylation","methylation_beta_value","Illumina Human Methylation 450",13012722,"2023-07-14T13:39:50.288718-05:00","d25ba636807aa9be5ddf2d44629aa637","2023-07-18T10:26:29.492493-05:00","a335dcb0-210e-4193-85d9-653efb4de888","Methylation Beta Value","released","Methylation Array","2","38.0 - 45.0","TCGA-BRCA","fb1a6162-11a1-4e52-b38b-727bac4bb896","released","e5f0a1e2-446b-4358-8035-f4f3ce274bd0","quay.io/ncigdc","SeSAMe Methylation Beta Estimation","dc9467b78cf538a0430cd4027dc5092f77d47e20","Primary Tumor",NA,"TCGA-B6-A0RU","TCGA-B6-A0RU-01A"
"d6d05eac-1cb5-4419-a879-cfb10a69bfbc","TXT","TCGA-A7-A26J-01A-11D-A16A-05","open","45833cea-1505-4c85-a127-60a48c1cacd6.methylation_array.sesame.level3betas.txt","4b64e5af-9d33-421d-8873-e4b64afa2317","DNA Methylation","methylation_beta_value","Illumina Human Methylation 450",13046912,"2023-07-14T13:20:08.884309-05:00","b5dbbadb7b13a625152a02a6d0e62732","2023-07-18T10:27:03.229487-05:00","d6d05eac-1cb5-4419-a879-cfb10a69bfbc","Methylation Beta Value","released","Methylation Array","2","38.0 - 45.0","TCGA-BRCA","e7368abd-f5dc-4a29-930c-e268740e6c9d","released","45833cea-1505-4c85-a127-60a48c1cacd6","quay.io/ncigdc","SeSAMe Methylation Beta Estimation","dc9467b78cf538a0430cd4027dc5092f77d47e20","Primary Tumor",NA,"TCGA-A7-A26J","TCGA-A7-A26J-01A"
"b6e43e4a-acfb-420a-89a1-e6aa420ab2ef","TXT","TCGA-E9-A1N4-01A-11D-A14N-05","open","f69e6f47-094c-4511-981d-e130ece93431.methylation_array.sesame.level3betas.txt","aa09d1d2-f5c2-4236-8f42-604bd856e64d","DNA Methylation","methylation_beta_value","Illumina Human Methylation 450",13118200,"2023-07-14T13:12:56.759453-05:00","d16243057676830e2940109e38c40487","2023-07-18T10:25:30.859347-05:00","b6e43e4a-acfb-420a-89a1-e6aa420ab2ef","Methylation Beta Value","released","Methylation Array","2","38.0 - 45.0","TCGA-BRCA","be672c77-d9ed-4fee-9ef0-97d90b957f11","released","f69e6f47-094c-4511-981d-e130ece93431","quay.io/ncigdc","SeSAMe Methylation Beta Estimation","f8ef9dc6375573fc05fee47b70278d89f79a4cd7","Primary Tumor",NA,"TCGA-E9-A1N4","TCGA-E9-A1N4-01A"
"a484e0a6-62bb-4d78-bad2-1488b690c5a8","TXT","TCGA-A7-A13G-01A-11D-A13K-05","open","52e137e9-1380-464a-9955-25e9003c9613.methylation_array.sesame.level3betas.txt","fb00fc25-08e7-4d53-bc0c-da241f04a116","DNA Methylation","methylation_beta_value","Illumina Human Methylation 450",13188180,"2023-07-14T13:08:27.901958-05:00","4b6c71cbdc266d5218a0dec8ba26c42c","2023-07-18T10:25:17.322578-05:00","a484e0a6-62bb-4d78-bad2-1488b690c5a8","Methylation Beta Value","released","Methylation Array","2","38.0 - 45.0","TCGA-BRCA","b7c7b03d-350b-4cbd-9bd1-a120f364bba5","released","52e137e9-1380-464a-9955-25e9003c9613","quay.io/ncigdc","SeSAMe Methylation Beta Estimation","9e258094ac9d4febe3721ceba25c1b8dbd1a27f8","Primary Tumor",NA,"TCGA-A7-A13G","TCGA-A7-A13G-01A"
"e7f4d198-db85-43d1-8c53-3015d245e3f6","TXT","TCGA-LL-A5YP-01A-21D-A28C-05","open","58e68bce-e7cd-4eaf-a032-dc52853d9e27.methylation_array.sesame.level3betas.txt","d23cf82f-9063-4e6a-942a-4ff804ab7d35","DNA Methylation","methylation_beta_value","Illumina Human Methylation 450",13167979,"2023-07-14T13:27:48.797030-05:00","7548ee405271365aa9d8591e7568eddc","2023-07-18T10:26:03.155450-05:00","e7f4d198-db85-43d1-8c53-3015d245e3f6","Methylation Beta Value","released","Methylation Array","2","38.0 - 45.0","TCGA-BRCA","c1a8713a-78be-4839-b992-9a5d61f362b1","released","58e68bce-e7cd-4eaf-a032-dc52853d9e27","quay.io/ncigdc","SeSAMe Methylation Beta Estimation","9e258094ac9d4febe3721ceba25c1b8dbd1a27f8","Primary Tumor",NA,"TCGA-LL-A5YP","TCGA-LL-A5YP-01A"
"0db1d15d-4b89-459c-b985-40faef90f843","TXT","TCGA-E2-A1II-01A-11D-A145-05","open","d28fcbf7-96d8-491a-ad39-880890682e05.methylation_array.sesame.level3betas.txt","ec6229b0-f5d0-4c32-8d3e-8aebc46e8a21","DNA Methylation","methylation_beta_value","Illumina Human Methylation 450",13193312,"2023-07-14T13:30:56.752470-05:00","f5c961be286922efbfcdb66d3b1dc4f8","2023-07-18T10:26:20.547418-05:00","0db1d15d-4b89-459c-b985-40faef90f843","Methylation Beta Value","released","Methylation Array","2","38.0 - 45.0","TCGA-BRCA","b539720b-55a6-40b5-b510-2441cac9ba4f","released","d28fcbf7-96d8-491a-ad39-880890682e05","quay.io/ncigdc","SeSAMe Methylation Beta Estimation","9e258094ac9d4febe3721ceba25c1b8dbd1a27f8","Primary Tumor",NA,"TCGA-E2-A1II","TCGA-E2-A1II-01A"
"a1724427-03a6-4d9d-9bb2-f20b8a76eb66","TXT","TCGA-D8-A1JE-01A-11D-A13K-05","open","3d57bf69-1ff4-4050-a873-1fa6eeb4038b.methylation_array.sesame.level3betas.txt","6df49914-7b31-4a13-b308-645ae9714082","DNA Methylation","methylation_beta_value","Illumina Human Methylation 450",13128684,"2023-07-14T13:35:44.813860-05:00","32bf2840099bcc0ae1e42c58bb03452e","2023-07-18T10:25:48.713600-05:00","a1724427-03a6-4d9d-9bb2-f20b8a76eb66","Methylation Beta Value","released","Methylation Array","2","38.0 - 45.0","TCGA-BRCA","408342fe-4116-497e-8800-92ff1813bd64","released","3d57bf69-1ff4-4050-a873-1fa6eeb4038b","quay.io/ncigdc","SeSAMe Methylation Beta Estimation","f8ef9dc6375573fc05fee47b70278d89f79a4cd7","Primary Tumor",NA,"TCGA-D8-A1JE","TCGA-D8-A1JE-01A"
"4410aed4-488f-4896-aa3a-cdc5d7023a6d","TXT","TCGA-D8-A1XS-01A-11D-A14N-05","open","41321e81-2d74-43df-92b4-719a8b49d1c3.methylation_array.sesame.level3betas.txt","8be143c5-4c42-4a9c-9f58-4a738dffb46d","DNA Methylation","methylation_beta_value","Illumina Human Methylation 450",13117863,"2023-07-14T13:16:19.193527-05:00","b00e913d20e7196245dde43c3ebabdf9","2023-07-18T10:27:05.068559-05:00","4410aed4-488f-4896-aa3a-cdc5d7023a6d","Methylation Beta Value","released","Methylation Array","2","38.0 - 45.0","TCGA-BRCA","1b2eb1cb-e0f5-404f-bdef-9a0c86ab6b3e","released","41321e81-2d74-43df-92b4-719a8b49d1c3","quay.io/ncigdc","SeSAMe Methylation Beta Estimation","dc9467b78cf538a0430cd4027dc5092f77d47e20","Primary Tumor",NA,"TCGA-D8-A1XS","TCGA-D8-A1XS-01A"
"c23d9f60-daf9-4462-a071-e24e92b49a38","TXT","TCGA-AO-A03L-01A-41D-A10P-05","open","0efea531-7af0-4c57-a195-659c1c6c7b8b.methylation_array.sesame.level3betas.txt","51d1ec4c-ea48-41b5-9d3c-02f03f3a9cd2","DNA Methylation","methylation_beta_value","Illumina Human Methylation 450",12998668,"2023-07-14T13:11:31.531962-05:00","19007cb550a9bde9099e532ad8b7f61f","2023-07-18T10:25:39.631846-05:00","c23d9f60-daf9-4462-a071-e24e92b49a38","Methylation Beta Value","released","Methylation Array","2","38.0 - 45.0","TCGA-BRCA","900868ed-db99-4964-9cfe-8a90e8cc6538","released","0efea531-7af0-4c57-a195-659c1c6c7b8b","quay.io/ncigdc","SeSAMe Methylation Beta Estimation","f8ef9dc6375573fc05fee47b70278d89f79a4cd7","Primary Tumor",NA,"TCGA-AO-A03L","TCGA-AO-A03L-01A"
